date,xagusd_signal,xagchf_signal,xagjpy_signal,active_pairs,xagusd_ret,xagchf_ret,xagjpy_ret,portfolio_ret,benchmark_ret
2022-01-11,0.0,0.0,0.0,0,1.7276,1.3217,1.7744,0.0,0.0
2022-01-12,0.0,0.0,0.0,0,-0.194,-1.2055,-0.7617,0.0,0.0
2022-01-13,0.0,0.0,0.0,0,-1.0538,-1.3893,-1.5344,0.0,0.0
2022-01-14,0.0,0.0,0.0,0,2.5141,2.837,2.921,0.0,0.0
2022-01-18,0.0,0.0,0.0,0,3.1464,3.5031,3.1311,0.0,0.0
2022-01-19,0.0,0.0,0.0,0,2.002,1.8385,1.8177,0.0,0.0
2022-01-20,1.0,0.0,0.0,1,-1.6066,-1.4733,-1.9112,-0.5355,-1.6066
2022-01-21,1.0,0.0,0.0,1,-2.1346,-2.5829,-2.3131,-0.7115,-2.1346
2022-01-24,0.0,0.0,0.0,0,0.4245,0.584,0.6239,0.0,0.0
2022-01-25,0.0,0.0,0.0,0,-0.3725,0.026,-0.4913,0.0,0.0
2022-01-26,0.0,0.0,0.0,0,-4.7633,-4.1196,-4.0558,0.0,0.0
2022-01-27,0.0,0.0,0.0,0,-1.6363,-0.8995,-1.0953,0.0,0.0
2022-01-28,0.0,0.0,0.0,0,0.417,0.4451,0.3387,0.0,0.0
2022-01-31,0.0,0.0,0.0,0,0.8975,0.4587,0.7741,0.0,0.0
2022-02-01,0.0,0.0,0.0,0,0.5089,-0.1567,0.1728,0.0,0.0
2022-02-02,0.0,0.0,0.0,0,-1.4795,-1.6913,-1.7834,0.0,0.0
2022-02-03,0.0,0.0,0.0,0,0.4469,0.601,0.9519,0.0,0.0
2022-02-04,0.0,0.0,0.0,0,2.6741,3.204,2.9126,0.0,0.0
2022-02-07,0.0,0.0,0.0,0,0.5157,0.2908,0.3752,0.0,0.0
2022-02-08,0.0,0.0,0.0,0,0.6079,0.8204,1.0171,0.0,0.0
2022-02-09,0.0,0.0,0.0,0,0.7842,0.6992,0.8461,0.0,0.0
2022-02-10,0.0,0.0,0.0,0,-0.6505,-0.4968,-0.2681,0.0,0.0
2022-02-11,0.0,0.0,0.0,0,2.05,1.9475,1.6428,0.0,0.0
2022-02-14,0.0,0.0,0.0,0,-2.1262,-2.1485,-2.1669,0.0,0.0
2022-02-15,0.0,0.0,0.0,0,1.1269,1.2286,1.2136,0.0,0.0
2022-02-16,0.0,0.0,0.0,0,1.1567,0.737,0.9398,0.0,0.0
2022-02-17,0.0,0.0,0.0,0,0.4901,0.272,0.0363,0.0,0.0
2022-02-18,0.0,0.0,0.0,0,1.3338,0.9052,1.1071,0.0,0.0
2022-02-22,1.0,0.0,0.0,1,1.0037,1.6489,1.4328,0.3346,1.0037
2022-02-23,1.0,0.0,0.0,1,0.5335,0.0819,0.3606,0.1778,0.5335
2022-02-24,1.0,0.0,0.0,1,-2.7911,-1.8989,-2.2217,-0.9304,-2.7911
2022-02-25,0.0,0.0,0.0,0,1.5169,1.5999,1.5292,0.0,0.0
2022-02-28,1.0,0.0,0.0,1,4.8151,3.786,4.3553,1.605,4.8151
2022-03-01,1.0,0.0,0.0,1,-1.3746,-1.2607,-1.5846,-0.4582,-1.3746
2022-03-02,1.0,0.0,0.0,1,0.0874,0.3009,0.6853,0.0291,0.0874
2022-03-03,1.0,0.0,0.0,1,2.2892,1.9981,2.2494,0.7631,2.2892
2022-03-04,1.0,0.0,0.0,1,-0.2676,-0.0221,-0.7202,-0.0892,-0.2676
2022-03-07,1.0,0.0,0.0,1,4.5697,5.1709,4.9545,1.5232,4.5697
2022-03-08,1.0,0.0,0.0,1,-4.2063,-3.7809,-3.9166,-1.4021,-4.2063
2022-03-09,1.0,0.0,0.0,1,1.7277,1.3917,1.8921,0.5759,1.7277
2022-03-10,1.0,0.0,0.0,1,-0.3664,-0.0556,-0.1343,-0.1221,-0.3664
2022-03-11,1.0,0.0,0.0,1,-3.3019,-2.7411,-2.1783,-1.1006,-3.3019
2022-03-14,1.0,0.0,0.0,1,-0.4793,-0.1035,0.1041,-0.1598,-0.4793
2022-03-15,1.0,1.0,0.0,2,-1.8031,-1.5436,-1.7417,-1.1156,-1.8031
2022-03-16,1.0,1.0,0.0,2,3.7049,3.7909,4.2116,2.4986,3.7049
2022-03-17,1.0,1.0,1.0,3,-2.0677,-2.6439,-2.3841,-2.3652,-2.0677
2022-03-18,1.0,1.0,1.0,3,0.906,0.5729,1.5677,1.0155,0.906
2022-03-21,1.0,1.0,1.0,3,-1.5703,-1.4701,-1.2971,-1.4458,-1.5703
2022-03-22,1.0,1.0,1.0,3,1.1453,1.0944,2.6219,1.6205,1.1453
2022-03-23,1.0,1.0,1.0,3,2.9003,2.6037,2.7196,2.7412,2.9003
2022-03-24,1.0,1.0,1.0,3,-1.1776,-1.3082,-0.1831,-0.8896,-1.1776
2022-03-25,1.0,0.0,1.0,2,-1.637,-1.4487,-1.6981,-1.1117,-1.637
2022-03-28,1.0,0.0,1.0,2,-1.8271,-1.5741,-0.7111,-0.8461,-1.8271
2022-03-29,1.0,1.0,1.0,3,1.5658,1.2917,1.1264,1.3279,1.5658
2022-03-30,1.0,1.0,1.0,3,0.0717,-0.8074,-0.8256,-0.5204,0.0717
2022-03-31,1.0,0.0,1.0,2,-1.9068,-1.8834,-2.1198,-1.3422,-1.9068
2022-04-01,1.0,0.0,1.0,2,-0.2354,0.0575,0.4644,0.0763,-0.2354
2022-04-04,1.0,0.0,1.0,2,-0.2278,-0.1955,-0.0659,-0.0979,-0.2278
2022-04-05,1.0,0.0,1.0,2,-0.2976,0.0684,0.39,0.0308,-0.2976
2022-04-06,1.0,0.0,1.0,2,1.1368,1.5121,1.1916,0.7761,1.1368
2022-04-07,1.0,0.0,1.0,2,0.3477,0.5015,0.6502,0.3327,0.3477
2022-04-08,1.0,0.0,1.0,2,0.6406,0.6148,0.875,0.5052,0.6406
2022-04-11,1.0,0.0,1.0,2,2.9906,2.6665,3.8907,2.2938,2.9906
2022-04-12,1.0,0.0,1.0,2,1.1467,1.2923,1.1016,0.7494,1.1467
2022-04-13,1.0,0.0,1.0,2,-1.2683,-1.1402,-1.299,-0.8557,-1.2683
2022-04-14,1.0,0.0,1.0,2,1.7516,2.6767,2.7588,1.5035,1.7516
2022-04-18,0.0,0.0,1.0,1,-2.8653,-2.6324,-2.4971,-0.8324,-2.8653
2022-04-19,0.0,0.0,1.0,1,-0.4765,0.3094,1.2736,0.4245,-0.4765
2022-04-20,0.0,1.0,1.0,2,-2.5683,-2.8814,-3.5627,-2.148,-2.5683
2022-04-21,0.0,1.0,1.0,2,-1.4784,-0.9905,-1.1744,-0.7216,-1.4784
2022-04-22,0.0,1.0,1.0,2,-2.4282,-2.2338,-2.2785,-1.5041,0.0
2022-04-25,0.0,1.0,1.0,2,-0.5324,-0.2524,-1.1983,-0.4836,0.0
2022-04-26,0.0,0.0,1.0,1,-0.3568,0.0529,-0.7297,-0.2432,0.0
2022-04-27,0.0,0.0,1.0,1,-1.4025,-0.7426,-0.5286,-0.1762,0.0
2022-04-28,0.0,0.0,1.0,1,-0.3848,-0.0732,1.4905,0.4968,0.0
2022-04-29,0.0,0.0,1.0,1,-2.1528,-1.9041,-2.7512,-0.9171,0.0
2022-05-02,0.0,0.0,1.0,1,0.3416,0.7196,0.4195,0.1398,0.0
2022-05-03,0.0,0.0,1.0,1,-1.145,-1.0519,-1.1419,-0.3806,0.0
2022-05-04,0.0,0.0,1.0,1,0.1699,-0.4001,-0.5175,-0.1725,0.0
2022-05-05,0.0,0.0,1.0,1,-0.3348,0.8951,0.519,0.173,0.0
2022-05-06,0.0,0.0,1.0,1,-2.4323,-2.0232,-2.1186,-0.7062,0.0
2022-05-09,0.0,0.0,1.0,1,-1.7997,-1.4651,-2.079,-0.693,0.0
2022-05-10,0.0,0.0,0.0,0,0.748,1.0525,0.7279,0.0,0.0
2022-05-11,0.0,0.0,0.0,0,-3.6798,-3.7998,-4.0611,0.0,0.0
2022-05-12,0.0,0.0,0.0,0,1.0936,1.9668,0.1226,0.0,0.0
2022-05-13,0.0,0.0,0.0,0,2.6258,2.5419,3.2994,0.0,0.0
2022-05-16,0.0,0.0,0.0,0,0.938,0.8866,0.5411,0.0,0.0
2022-05-17,0.0,0.0,0.0,0,-0.9385,-1.7217,-0.5305,0.0,0.0
2022-05-18,0.0,0.0,0.0,0,1.6951,1.0136,0.4853,0.0,0.0
2022-05-19,0.0,0.0,0.0,0,-1.0458,-2.5454,-1.1092,0.0,0.0
2022-05-20,0.0,0.0,0.0,0,0.2492,0.539,0.3049,0.0,0.0
2022-05-23,0.0,0.0,0.0,0,1.5652,0.6235,1.5199,0.0,0.0
2022-05-24,0.0,0.0,0.0,0,-0.9201,-1.5099,-1.7548,0.0,0.0
2022-05-25,0.0,0.0,0.0,0,0.3705,0.5096,0.6738,0.0,0.0
2022-05-26,0.0,0.0,0.0,0,0.5424,0.2318,0.4578,0.0,0.0
2022-05-27,0.0,0.0,0.0,0,-1.854,-1.8878,-1.2831,0.0,0.0
2022-05-31,0.0,0.0,0.0,0,1.0762,1.2122,1.8292,0.0,0.0
2022-06-01,0.0,0.0,0.0,0,1.6907,2.0701,2.7856,0.0,0.0
2022-06-02,0.0,0.0,0.0,0,-1.6357,-2.2137,-1.7899,0.0,0.0
2022-06-03,0.0,0.0,0.0,0,0.8406,1.3482,1.453,0.0,0.0
2022-06-06,0.0,0.0,0.0,0,0.3851,1.3281,1.5133,0.0,0.0
2022-06-07,0.0,0.0,0.0,0,-0.3836,-0.159,0.1221,0.0,0.0
2022-06-08,0.0,0.0,0.0,0,-1.2549,-0.7122,-0.0782,0.0,0.0
2022-06-09,0.0,0.0,1.0,1,0.5322,0.6924,0.5232,0.1744,0.0
2022-06-10,0.0,0.0,1.0,1,-3.0895,-2.1949,-2.804,-0.9347,0.0
2022-06-13,0.0,0.0,1.0,1,-1.4127,-0.6938,-1.8434,-0.6145,0.0
2022-06-14,0.0,0.0,0.0,0,2.2258,2.5166,3.04,0.0,0.0
2022-06-15,0.0,0.0,1.0,1,2.1727,1.6738,1.2823,0.4274,0.0
2022-06-16,0.0,0.0,1.0,1,-1.3445,-4.1099,-2.5906,-0.8635,0.0
2022-06-17,0.0,0.0,1.0,1,0.839,0.8766,2.8692,0.9564,0.0
2022-06-21,0.0,0.0,1.0,1,-1.5951,-1.705,-0.7341,-0.2447,0.0
2022-06-22,0.0,0.0,1.0,1,-1.7518,-2.186,-1.9284,-0.6428,0.0
2022-06-23,0.0,0.0,1.0,1,0.3994,0.3587,-0.4745,-0.1582,0.0
2022-06-24,0.0,0.0,1.0,1,0.2036,-0.2206,0.3686,0.1229,0.0
2022-06-27,0.0,0.0,1.0,1,-1.7109,-1.8269,-1.4394,-0.4798,0.0
2022-06-28,0.0,0.0,0.0,0,-0.6203,-0.5652,-0.1712,0.0,0.0
2022-06-29,0.0,0.0,0.0,0,-1.8676,-2.1251,-1.4767,0.0,0.0
2022-06-30,0.0,0.0,0.0,0,-3.3774,-3.2852,-3.9454,0.0,0.0
2022-07-01,0.0,0.0,0.0,0,-2.781,-2.1968,-2.7424,0.0,0.0
2022-07-05,0.0,0.0,0.0,0,0.1732,0.9726,-0.062,0.0,0.0
2022-07-06,0.0,0.0,0.0,0,0.1939,0.37,0.5229,0.0,0.0
2022-07-07,0.0,0.0,0.0,0,0.2353,0.6073,0.1963,0.0,0.0
2022-07-08,0.0,0.0,0.0,0,-0.5217,-0.1203,-0.2377,0.0,0.0
2022-07-11,0.0,0.0,0.0,0,-0.8811,-0.3732,-0.0906,0.0,0.0
2022-07-12,0.0,0.0,0.0,0,1.2646,1.175,0.7767,0.0,0.0
2022-07-13,0.0,0.0,0.0,0,-5.0632,-5.1667,-4.4369,0.0,0.0
2022-07-14,0.0,0.0,0.0,0,2.086,2.315,3.0792,0.0,0.0
2022-07-15,0.0,0.0,0.0,0,1.3101,0.5475,0.8341,0.0,0.0
2022-07-18,0.0,0.0,0.0,0,-0.6439,-0.4504,-0.705,0.0,0.0
2022-07-19,0.0,0.0,0.0,0,-0.166,-1.0546,-0.1935,0.0,0.0
2022-07-20,0.0,0.0,0.0,0,0.2575,0.5338,0.4055,0.0,0.0
2022-07-21,0.0,0.0,0.0,0,-0.5458,-1.0854,-1.4779,0.0,0.0
2022-07-22,0.0,0.0,0.0,0,-1.5658,-1.8918,-2.1301,0.0,0.0
2022-07-25,0.0,0.0,0.0,0,1.055,1.1904,1.1432,0.0,0.0
2022-07-26,0.0,0.0,0.0,0,0.357,0.1437,0.7535,0.0,0.0
2022-07-27,0.0,0.0,0.0,0,6.8668,6.417,6.1966,0.0,0.0
2022-07-28,0.0,0.0,0.0,0,1.6594,1.2594,0.3792,0.0,0.0
2022-07-29,0.0,0.0,0.0,0,0.8236,0.681,0.0809,0.0,0.0
2022-08-01,0.0,0.0,0.0,0,-1.0678,-1.3761,-2.4286,0.0,0.0
2022-08-02,0.0,0.0,0.0,0,-1.1937,-0.3222,0.1633,0.0,0.0
2022-08-03,0.0,0.0,0.0,0,1.178,1.464,1.6202,0.0,0.0
2022-08-04,0.0,0.0,0.0,0,-1.3931,-2.1225,-2.3802,0.0,0.0
2022-08-05,0.0,0.0,0.0,0,3.9003,4.7889,5.8087,0.0,0.0
2022-08-08,0.0,0.0,0.0,0,-0.6507,-1.4106,-0.8104,0.0,0.0
2022-08-09,0.0,0.0,0.0,0,1.2709,1.1956,1.5315,0.0,0.0
2022-08-10,0.0,0.0,0.0,0,-1.8921,-3.1125,-3.6026,0.0,0.0
2022-08-11,0.0,0.0,0.0,0,1.7269,1.6211,1.8525,0.0,0.0
2022-08-12,0.0,0.0,0.0,0,-2.0603,-2.0103,-1.8438,0.0,0.0
2022-08-15,0.0,0.0,0.0,0,-0.9185,-0.4808,-1.0262,0.0,0.0
2022-08-16,0.0,0.0,0.0,0,-1.7643,-1.38,-0.9276,0.0,0.0
2022-08-17,0.0,0.0,0.0,0,-1.3343,-1.1597,-0.8442,0.0,0.0
2022-08-18,0.0,0.0,0.0,0,-2.0053,-1.4646,-1.3874,0.0,0.0
2022-08-19,0.0,0.0,0.0,0,-0.9707,-0.7419,-0.0621,0.0,0.0
2022-08-22,0.0,0.0,0.0,0,0.7365,1.3249,1.1077,0.0,0.0
2022-08-23,0.0,0.0,0.0,0,-0.6154,-0.6175,-1.2028,0.0,0.0
2022-08-24,0.0,0.0,0.0,0,1.1432,1.3613,1.4006,0.0,0.0
2022-08-25,0.0,0.0,0.0,0,-1.9413,-2.2264,-2.3118,0.0,0.0
2022-08-26,0.0,0.0,0.0,0,-0.9872,-0.4889,-0.2933,0.0,0.0
2022-08-29,0.0,0.0,0.0,0,-2.1342,-2.2736,-1.3685,0.0,0.0
2022-08-30,0.0,0.0,0.0,0,-2.1863,-1.4985,-2.0889,0.0,0.0
2022-08-31,0.0,0.0,0.0,0,-1.1879,-0.6654,-0.7876,0.0,0.0
2022-09-01,0.0,0.0,0.0,0,1.282,1.5116,1.8527,0.0,0.0
2022-09-02,0.0,0.0,0.0,0,0.1069,-0.1879,0.3563,0.0,0.0
2022-09-06,0.0,0.0,0.0,0,1.9219,2.5594,3.8967,0.0,0.0
2022-09-07,0.0,0.0,0.0,0,1.0641,0.2881,1.7539,0.0,0.0
2022-09-08,0.0,0.0,0.0,0,1.7894,0.9236,1.5973,0.0,0.0
2022-09-09,0.0,0.0,0.0,0,5.8795,4.9253,4.9521,0.0,0.0
2022-09-12,0.0,0.0,0.5,1,-1.8476,-2.5757,-1.8552,-0.3092,0.0
2022-09-13,0.0,0.0,0.5,1,0.4177,1.2114,1.6988,0.2831,0.0
2022-09-14,0.0,0.0,0.5,1,-1.5202,-1.3598,-2.5302,-0.4217,0.0
2022-09-15,0.0,0.0,0.0,0,0.631,0.6212,0.9422,0.0,0.0
2022-09-16,0.0,0.0,0.5,1,-0.1192,0.0272,-0.5372,-0.0895,0.0
2022-09-19,0.0,0.0,0.5,1,-0.8873,-0.7967,-0.5693,-0.0949,0.0
2022-09-20,0.0,0.0,0.0,0,1.6176,1.5765,1.8865,0.0,0.0
2022-09-21,0.0,0.0,0.5,1,0.7058,1.1489,1.2065,0.2011,0.0
2022-09-22,0.0,0.0,0.5,1,-3.6167,-2.844,-4.9765,-0.8294,0.0
2022-09-23,0.0,0.0,0.0,0,-2.3088,-1.637,-1.4636,0.0,0.0
2022-09-26,0.0,0.0,0.0,0,-0.8095,0.1719,-0.1543,0.0,0.0
2022-09-27,0.0,0.0,0.0,0,2.9523,2.889,3.1176,0.0,0.0
2022-09-28,0.0,0.0,0.0,0,-0.9842,-2.3723,-1.1848,0.0,0.0
2022-09-29,0.0,0.0,0.0,0,1.8752,1.5949,1.8985,0.0,0.0
2022-09-30,0.0,0.0,0.0,0,8.2226,9.4126,8.5111,0.0,0.0
2022-10-03,0.0,0.0,1.0,1,2.5245,3.2433,2.3142,0.7714,0.0
2022-10-04,0.0,1.0,1.0,2,-2.6525,-4.0128,-3.1455,-2.3861,0.0
2022-10-05,0.0,0.0,0.0,0,0.5664,0.8367,1.0294,0.0,0.0
2022-10-06,0.0,0.0,0.0,0,-1.9568,-1.0926,-1.5563,0.0,0.0
2022-10-07,0.0,0.0,0.0,0,-3.1498,-2.7007,-2.854,0.0,0.0
2022-10-10,0.0,0.0,0.0,0,-0.6596,-0.1652,-0.5285,0.0,0.0
2022-10-11,0.0,0.0,0.0,0,-2.826,-3.0117,-2.6952,0.0,0.0
2022-10-12,0.0,0.0,0.0,0,-0.1059,-0.127,0.4878,0.0,0.0
2022-10-13,0.0,0.0,1.0,1,-4.4703,-4.0852,-4.1083,-1.3694,0.0
2022-10-14,0.0,0.0,0.0,0,3.6581,3.892,4.6004,0.0,0.0
2022-10-17,0.0,0.0,1.0,1,-0.5516,-1.3611,-0.3248,-0.1083,0.0
2022-10-18,0.0,0.0,1.0,1,-1.2654,-1.4459,-1.1077,-0.3692,0.0
2022-10-19,0.0,0.0,0.0,0,1.7997,2.94,2.2173,0.0,0.0
2022-10-20,0.0,0.0,1.0,1,2.0197,1.9182,2.2614,0.7538,0.0
2022-10-21,0.0,0.0,1.0,1,0.6879,0.0931,-0.8924,-0.2975,0.0
2022-10-24,0.0,0.0,1.0,1,0.8605,1.0142,1.5893,0.5298,0.0
2022-10-25,0.0,0.0,1.0,1,0.7291,0.2524,0.1155,0.0385,0.0
2022-10-26,0.0,0.0,0.0,0,-0.0103,-0.9813,-1.2576,0.0,0.0
2022-10-27,0.0,0.0,0.0,0,-1.6994,-1.1575,-1.6052,0.0,0.0
2022-10-28,0.0,0.0,0.0,0,-0.1149,0.4872,0.9353,0.0,0.0
2022-10-31,0.0,0.0,0.0,0,2.8654,3.3815,3.5091,0.0,0.0
2022-11-01,0.0,0.0,1.0,1,-0.3711,-0.5412,-0.9217,-0.3072,0.0
2022-11-02,0.0,0.0,1.0,1,-0.8367,-0.4816,-0.8521,-0.284,0.0
2022-11-03,0.0,0.0,1.0,1,6.9665,8.0475,7.3288,2.4429,0.0
2022-11-04,0.0,1.0,0.0,1,0.5195,-1.135,-0.5318,-0.3783,0.0
2022-11-07,0.0,0.0,0.0,0,2.7706,1.9602,2.6187,0.0,0.0
2022-11-08,1.0,0.0,0.0,1,-0.8334,-1.2777,-1.7323,-0.2778,-0.8334
2022-11-09,1.0,0.0,0.0,1,1.7795,1.6813,2.4198,0.5932,1.7795
2022-11-10,1.0,0.0,0.0,1,-0.143,-2.0305,-3.1993,-0.0477,-0.143
2022-11-11,1.0,0.0,0.0,1,2.0604,-0.146,0.4899,0.6868,2.0604
2022-11-14,1.0,0.0,0.0,1,-2.6842,-2.7718,-2.2923,-0.8947,-2.6842
2022-11-15,1.0,0.0,0.0,1,0.0233,-0.0075,-0.7977,0.0078,0.0233
2022-11-16,1.0,0.0,0.0,1,-2.553,-2.4011,-2.3027,-0.851,-2.553
2022-11-17,0.0,0.0,0.0,0,0.1002,0.98,0.8834,0.0,0.0
2022-11-18,0.0,0.0,0.0,0,-0.6054,-0.5376,-0.718,0.0,0.0
2022-11-21,0.0,0.0,0.0,0,0.8873,1.427,2.2145,0.0,0.0
2022-11-22,1.0,0.0,0.0,1,1.5356,0.758,0.8618,0.5119,1.5356
2022-11-23,1.0,0.0,0.0,1,0.3184,-0.4959,-1.4953,0.1061,0.3184
2022-11-25,1.0,0.0,0.0,1,-2.4037,-1.9889,-2.0538,-0.8012,-2.4037
2022-11-28,0.0,0.0,0.0,0,1.406,1.557,1.1283,0.0,0.0
2022-11-29,1.0,0.0,0.0,1,1.6318,2.223,1.6508,0.5439,1.6318
2022-11-30,1.0,0.0,0.0,1,5.0441,3.896,3.9947,1.6814,5.0441
2022-12-01,1.0,0.0,0.0,1,1.7714,0.9638,0.1348,0.5905,1.7714
2022-12-02,1.0,0.0,0.0,1,-3.6418,-3.6356,-4.1231,-1.2139,-3.6418
2022-12-05,1.0,0.0,0.0,1,-0.3424,0.2802,1.271,-0.1141,-0.3424
2022-12-06,1.0,0.0,0.0,1,2.6533,2.6239,2.8291,0.8844,2.6533
2022-12-07,1.0,0.0,0.0,1,1.5544,1.3646,1.1797,0.5181,1.5544
2022-12-08,1.0,0.0,0.0,1,2.0466,1.568,2.2209,0.6822,2.0466
2022-12-09,1.0,0.0,0.0,1,-1.3384,-1.4302,-1.2677,-0.4461,-1.3384
2022-12-12,1.0,0.0,0.0,1,2.5022,2.5844,3.096,0.8341,2.5022
2022-12-13,1.0,0.0,0.0,1,0.6092,-0.1176,-0.7956,0.2031,0.6092
2022-12-14,1.0,0.0,0.0,1,-3.416,-3.8974,-3.5841,-1.1387,-3.416
2022-12-15,1.0,0.0,0.0,1,0.0994,0.4557,1.8766,0.0331,0.0994
2022-12-16,1.0,0.0,0.0,1,-0.527,0.2172,-1.2931,-0.1757,-0.527
2022-12-19,1.0,0.0,0.0,1,4.6246,3.9697,4.8581,1.5415,4.6246
2022-12-20,1.0,0.0,0.0,1,-0.2449,-0.5177,-3.9607,-0.0816,-0.2449
2022-12-21,1.0,0.0,0.0,1,-2.3258,-2.3142,-1.9718,-0.7753,-2.3258
2022-12-22,1.0,0.0,0.0,1,1.2268,1.7404,1.2168,0.4089,1.2268
2022-12-23,1.0,0.0,0.0,1,1.1614,1.2712,1.4725,0.3871,1.1614
2022-12-27,1.0,0.0,0.0,1,-1.5682,-1.865,-1.0329,-0.5227,-1.5682
2022-12-28,1.0,0.0,0.0,1,1.7538,1.5906,2.1715,0.5846,1.7538
2022-12-29,1.0,0.0,0.0,1,-0.8971,-1.4163,-1.7237,-0.299,-0.8971
2022-12-30,1.0,0.0,0.0,1,0.8256,0.9512,-0.7841,0.2752,0.8256
2023-01-03,1.0,0.0,0.0,1,-1.1098,0.1531,-0.7665,-0.3699,-1.1098
2023-01-04,1.0,0.0,0.0,1,-2.2445,-2.8932,-1.5011,-0.7482,-2.2445
2023-01-05,1.0,0.0,0.0,1,2.425,3.1125,3.2467,0.8083,2.425
2023-01-06,1.0,0.0,0.0,1,-0.4618,-1.4148,-1.5407,-0.1539,-0.4618
2023-01-09,1.0,0.0,0.0,1,-0.8645,-1.4999,-0.9645,-0.2882,-0.8645
2023-01-10,1.0,0.0,0.0,1,-0.7657,-0.6246,-0.4855,-0.2552,-0.7657
2023-01-11,1.0,0.0,0.0,1,2.2978,3.2606,2.1437,0.7659,2.2978
2023-01-12,1.0,0.0,0.0,1,1.5421,1.1364,-0.5595,0.514,1.5421
2023-01-13,1.0,0.0,0.0,1,-1.1844,-1.3773,-1.8354,-0.3948,-1.1844
2023-01-17,1.0,0.0,0.0,1,-1.729,-2.0975,-1.7597,-0.5763,-1.729
2023-01-18,1.0,0.0,0.0,1,0.952,0.2971,1.155,0.3173,0.952
2023-01-19,1.0,0.0,0.0,1,0.3199,0.2718,0.188,0.1066,0.3199
2023-01-20,1.0,0.0,0.0,1,-1.5862,-1.1143,-0.8319,-0.5287,-1.5862
2023-01-23,1.0,0.0,0.0,1,0.84,1.0351,1.809,0.28,0.84
2023-01-24,1.0,0.0,0.0,1,0.8034,0.8723,0.5271,0.2678,0.8034
2023-01-25,1.0,0.0,0.0,1,0.3817,-0.1984,-0.3906,0.1272,0.3817
2023-01-26,1.0,0.0,0.0,1,-1.6841,-1.3378,-1.2558,-0.5614,-1.6841
2023-01-27,1.0,0.0,0.0,1,0.5016,0.5736,0.5434,0.1672,0.5016
2023-01-30,1.0,0.0,0.0,1,0.4356,0.9177,0.919,0.1452,0.4356
2023-01-31,1.0,0.0,0.0,1,-0.9559,-1.9225,-1.236,-0.3186,-0.9559
2023-02-01,1.0,0.0,0.0,1,0.0553,-0.9264,-1.089,0.0184,0.0553
2023-02-02,1.0,0.0,0.0,1,-5.099,-4.4777,-5.0075,-1.6997,-5.099
2023-02-03,1.0,0.0,0.0,1,-0.703,0.7247,1.8137,-0.2343,-0.703
2023-02-06,1.0,0.0,0.0,1,-0.2705,-0.1047,0.1933,-0.0902,-0.2705
2023-02-07,1.0,0.0,0.0,1,1.1304,0.4524,-0.0752,0.3768,1.1304
2023-02-08,1.0,0.0,0.0,1,-1.2071,-1.2865,-0.9471,-0.4024,-1.2071
2023-02-09,1.0,0.0,0.0,1,-0.2851,-0.1699,-0.1849,-0.095,-0.2851
2023-02-10,1.0,0.0,0.0,1,-0.9803,-0.7853,-0.9562,-0.3268,-0.9803
2023-02-13,0.0,0.0,0.0,0,0.11,-0.4503,0.7081,0.0,0.0
2023-02-14,0.0,0.0,0.0,0,-1.3552,-1.0427,-0.8677,0.0,0.0
2023-02-15,0.0,0.0,0.0,0,0.6405,0.8403,1.3306,0.0,0.0
2023-02-16,0.0,0.0,0.0,0,0.0461,0.382,0.1739,0.0,0.0
2023-02-17,0.0,0.0,0.0,0,0.8067,0.4498,1.0037,0.0,0.0
2023-02-21,0.0,0.0,1.0,1,-0.9511,-0.4876,-0.4792,-0.1597,0.0
2023-02-22,0.0,0.0,1.0,1,-1.6712,-1.2747,-1.7033,-0.5678,0.0
2023-02-23,0.0,0.0,0.0,0,-2.3147,-2.0577,-2.5347,0.0,0.0
2023-02-24,0.0,0.0,0.0,0,-0.6537,0.0209,0.6503,0.0,0.0
2023-02-27,0.0,0.0,0.0,0,1.4078,0.9299,1.3498,0.0,0.0
2023-02-28,0.0,0.0,0.0,0,-0.0095,0.6603,0.0132,0.0,0.0
2023-03-01,0.0,0.0,0.0,0,-0.9208,-1.1731,-1.0328,0.0,0.0
2023-03-02,0.0,0.0,0.0,0,1.5747,1.8342,1.9558,0.0,0.0
2023-03-03,0.0,0.0,0.0,0,-0.5168,-1.0523,-1.1317,0.0,0.0
2023-03-06,0.0,0.0,0.0,0,-4.4319,-5.0553,-4.3342,0.0,0.0
2023-03-07,0.0,0.0,0.0,0,-0.2443,0.9926,0.7767,0.0,0.0
2023-03-08,0.0,0.0,0.0,0,0.1,-0.0445,-0.0202,0.0,0.0
2023-03-09,0.0,0.0,0.0,0,1.7478,0.8805,1.1317,0.0,0.0
2023-03-10,0.0,0.0,0.0,0,6.9595,5.3027,5.8499,0.0,0.0
2023-03-13,0.0,0.0,1.0,1,0.6241,-0.0234,-0.767,-0.2557,0.6241
2023-03-14,0.0,0.0,0.0,0,-0.7068,-0.4882,0.2502,0.0,-0.7068
2023-03-15,1.0,0.0,0.0,1,-0.8542,0.9379,-1.9372,-0.2847,-0.8542
2023-03-16,0.0,0.0,0.0,0,3.5344,3.3275,3.8763,0.0,0.0
2023-03-17,1.0,0.0,0.0,1,0.8143,0.5506,-0.0051,0.2714,0.8143
2023-03-20,1.0,0.0,0.0,1,-0.9275,-0.6646,-1.5956,-0.3092,-0.9275
2023-03-21,1.0,0.0,0.0,1,1.5723,0.7273,2.3113,0.5241,1.5723
2023-03-22,1.0,0.0,0.0,1,2.0684,1.5201,1.1668,0.6895,2.0684
2023-03-23,1.0,0.0,0.0,1,0.445,0.4319,0.2046,0.1483,0.445
2023-03-24,1.0,0.0,0.0,1,-0.8302,-0.4515,-0.8446,-0.2767,-0.8302
2023-03-27,1.0,0.0,0.0,1,1.1712,0.6345,1.4704,0.3904,1.1712
2023-03-28,1.0,0.0,0.0,1,0.2229,0.8122,0.0801,0.0743,0.2229
2023-03-29,1.0,0.0,0.0,1,2.2502,1.9947,3.444,0.7501,2.2502
2023-03-30,1.0,0.0,0.0,1,0.728,0.2101,1.2028,0.2427,0.728
2023-03-31,1.0,0.0,0.0,1,-0.5607,-0.1111,-0.4517,-0.1869,-0.5607
2023-04-03,1.0,0.0,0.0,1,4.5153,3.9685,3.6939,1.5051,4.5153
2023-04-04,1.0,0.0,0.0,1,-0.2358,-1.0348,-0.8496,-0.0786,-0.2358
2023-04-05,1.0,0.0,0.0,1,0.2484,0.3547,-0.1717,0.0828,0.2484
2023-04-06,1.0,0.0,0.0,1,-0.7153,-0.9442,0.1666,-0.2384,-0.7153
2023-04-10,1.0,0.0,0.0,1,1.1471,1.6549,2.1976,0.3824,1.1471
2023-04-11,1.0,0.0,0.0,1,1.0863,0.4289,1.181,0.3621,1.0863
2023-04-12,1.0,0.0,0.0,1,1.8501,1.0462,1.4621,0.6167,1.8501
2023-04-13,1.0,0.0,0.0,1,-1.7392,-2.4822,-2.1807,-0.5797,-1.7392
2023-04-14,1.0,0.0,0.0,1,-1.4593,-0.8164,-0.3555,-0.4864,-1.4593
2023-04-17,1.0,0.0,0.0,1,0.7783,1.1962,1.1199,0.2594,0.7783
2023-04-18,1.0,0.0,0.0,1,0.4674,0.1755,0.1826,0.1558,0.4674
2023-04-19,1.0,0.0,0.0,1,0.0079,0.2088,0.5003,0.0026,0.0079
2023-04-20,1.0,0.0,1.0,2,-1.2417,-1.8336,-1.7608,-1.0008,-1.2417
2023-04-21,1.0,0.0,1.0,2,1.0099,0.9397,0.9835,0.6644,1.0099
2023-04-24,1.0,0.0,1.0,2,-1.6952,-2.2035,-1.605,-1.1001,-1.6952
2023-04-25,1.0,0.0,0.0,1,-0.0241,0.509,-0.3022,-0.008,-0.0241
2023-04-26,1.0,0.0,0.0,1,0.4503,0.3366,0.2655,0.1501,0.4503
2023-04-27,1.0,0.0,0.0,1,0.064,0.4089,0.3167,0.0213,0.064
2023-04-28,1.0,0.0,0.0,1,0.04,0.143,1.972,0.0133,0.04
2023-05-01,1.0,0.0,0.0,1,1.5794,1.7009,2.4248,0.5265,1.5794
2023-05-02,1.0,0.0,1.0,2,0.2834,-0.1218,-0.4859,-0.0675,0.2834
2023-05-03,1.0,0.0,1.0,2,2.1942,1.1829,0.7549,0.983,2.1942
2023-05-04,1.0,0.0,1.0,2,-1.1216,-0.9223,-1.3898,-0.8371,-1.1216
2023-05-05,1.0,0.0,0.0,1,-0.4156,0.256,0.3414,-0.1385,-0.4156
2023-05-08,1.0,0.0,0.0,1,0.2418,0.1001,0.1484,0.0806,0.2418
2023-05-09,1.0,0.0,0.0,1,-0.9222,-0.8944,-0.7645,-0.3074,-0.9222
2023-05-10,1.0,0.0,0.0,1,-4.7367,-4.8298,-5.5823,-1.5789,-4.7367
2023-05-11,1.0,0.0,0.0,1,-1.0843,-0.5604,-0.7811,-0.3614,-1.0843
2023-05-12,1.0,0.0,0.0,1,0.5627,1.0554,1.5526,0.1876,0.5627
2023-05-15,1.0,0.0,0.0,1,-1.6165,-1.9362,-1.4549,-0.5388,-1.6165
2023-05-16,1.0,0.0,0.0,1,0.0632,0.1627,0.3464,0.0211,0.0632
2023-05-17,1.0,0.0,0.0,1,-1.082,-0.818,-0.2236,-0.3607,-1.082
2023-05-18,1.0,0.0,0.0,1,1.8089,2.5031,2.5531,0.603,1.8089
2023-05-19,1.0,1.0,1.0,3,-0.857,-1.5889,-1.5207,-1.3222,-0.857
2023-05-22,1.0,0.0,1.0,2,-1.0162,-1.0041,-0.3117,-0.4427,-1.0162
2023-05-23,1.0,0.0,1.0,2,-1.5294,-1.1994,-1.5819,-1.0371,-1.5294
2023-05-24,1.0,0.0,1.0,2,-1.4233,-1.1291,-0.9361,-0.7865,-1.4233
2023-05-25,0.0,0.0,1.0,1,1.9925,2.1109,2.5299,0.8433,0.0
2023-05-26,0.0,0.0,1.0,1,-0.4948,-0.5597,-0.1935,-0.0645,-0.4948
2023-05-30,0.0,0.0,0.0,0,1.5092,1.6596,1.0401,0.0,1.5092
2023-05-31,0.0,1.0,1.0,2,1.7083,2.1675,1.2244,1.1306,1.7083
2023-06-01,0.0,1.0,1.0,2,-0.9717,-1.4397,-1.2415,-0.8937,-0.9717
2023-06-02,0.0,1.0,1.0,2,-0.461,-0.0071,0.5857,0.1929,-0.461
2023-06-05,0.0,1.0,1.0,2,0.17,-0.2507,-0.4187,-0.2231,0.17
2023-06-06,0.0,1.0,1.0,2,-0.5727,-0.4377,-0.4699,-0.3025,-0.5727
2023-06-07,0.0,1.0,1.0,2,3.5198,3.7948,3.7958,2.5302,3.5198
2023-06-08,0.0,1.0,1.0,2,0.2885,-0.9068,-0.4542,-0.4536,0.2885
2023-06-09,1.0,0.0,1.0,2,-1.4342,-0.9407,-1.0736,-0.8359,-1.4342
2023-06-12,1.0,0.0,1.0,2,-0.9548,-0.3955,-0.8915,-0.6154,-0.9548
2023-06-13,1.0,1.0,1.0,3,1.2123,0.8736,1.7327,1.2729,1.2123
2023-06-14,1.0,0.0,1.0,2,-0.6363,-1.2049,-0.7781,-0.4715,-0.6363
2023-06-15,1.0,0.0,0.0,1,0.7743,-0.1706,0.9838,0.2581,0.7743
2023-06-16,1.0,0.0,0.0,1,-3.6676,-3.2203,-2.5474,-1.2225,-3.6676
2023-06-20,1.0,0.0,0.0,1,-1.8066,-1.5994,-2.1969,-0.6022,-1.8066
2023-06-21,0.0,0.0,0.0,0,-1.4841,-2.0735,-1.2381,0.0,0.0
2023-06-22,0.0,0.0,0.0,0,-0.4814,-0.1936,0.4612,0.0,0.0
2023-06-23,0.0,0.0,0.0,0,2.1363,2.2391,2.5012,0.0,0.0
2023-06-26,0.0,0.0,0.0,0,0.5876,0.5685,0.5308,0.0,0.0
2023-06-27,1.0,0.0,0.0,1,-0.3095,-0.5165,-0.0163,-0.1032,-0.3095
2023-06-28,0.0,0.0,1.0,1,-1.2113,-0.8897,-0.8632,-0.2877,0.0
2023-06-29,0.0,0.0,1.0,1,0.9694,1.2487,1.2428,0.4143,0.0
2023-06-30,0.0,0.0,1.0,1,0.377,-0.0851,0.1122,0.0374,0.0
2023-07-03,0.0,0.0,0.5,1,1.3146,1.5003,1.3203,0.22,0.0
2023-07-05,0.5,0.0,0.5,2,-2.2029,-1.9978,-2.1467,-0.7249,-1.1014
2023-07-06,0.0,0.0,0.5,1,1.7896,1.4226,1.4106,0.2351,0.0
2023-07-07,0.5,0.0,0.5,2,0.2555,-0.4589,-0.9577,-0.117,0.1277
2023-07-10,0.5,0.0,0.0,1,-0.2808,-0.7037,-0.9203,-0.0468,-0.1404
2023-07-11,0.5,0.0,0.0,1,4.4746,3.7227,3.6028,0.7458,2.2373
2023-07-12,0.5,0.0,0.0,1,2.6908,1.271,1.3694,0.4485,1.3454
2023-07-13,0.5,0.0,0.0,1,0.9932,0.1203,0.818,0.1655,0.4966
2023-07-14,0.5,0.0,0.0,1,-0.6796,-0.3582,-0.243,-0.1133,-0.3398
2023-07-17,0.5,0.0,0.0,1,0.966,0.7845,1.0002,0.161,0.483
2023-07-18,0.5,0.0,0.0,1,0.5382,0.2227,0.7541,0.0897,0.2691
2023-07-19,0.5,0.0,0.0,1,-1.6416,-1.6072,-1.2376,-0.2736,-0.8208
2023-07-20,0.5,0.0,0.0,1,-0.4314,0.533,-0.2416,-0.0719,-0.2157
2023-07-21,0.5,0.0,0.0,1,-1.0608,-1.0631,0.2733,-0.1768,-0.5304
2023-07-24,0.5,0.0,0.0,1,0.9985,1.4241,0.8361,0.1664,0.4993
2023-07-25,0.5,0.0,0.0,1,0.5875,-0.0323,0.1547,0.0979,0.2938
2023-07-26,0.5,0.0,0.0,1,-2.3726,-2.7103,-2.7509,-0.3954,-1.1863
2023-07-27,0.5,0.0,0.0,1,0.5529,1.4061,-0.5238,0.0921,0.2764
2023-07-28,0.5,0.0,0.0,1,1.986,2.0999,3.3771,0.331,0.993
2023-07-31,0.5,0.0,0.0,1,-2.5992,-2.3943,-1.5162,-0.4332,-1.2996
2023-08-01,1.0,0.0,0.0,1,-1.8754,-1.7932,-1.4293,-0.6251,-1.8754
2023-08-02,1.0,0.0,0.0,1,-0.7072,-0.1461,-0.4475,-0.2357,-0.7072
2023-08-03,1.0,0.0,0.0,1,0.1314,-0.2212,-0.3897,0.0438,0.1314
2023-08-04,1.0,0.0,0.0,1,-2.0113,-2.0191,-2.5074,-0.6704,-2.0113
2023-08-07,0.0,0.0,0.0,0,-1.8365,-1.9993,-1.3881,0.0,0.0
2023-08-08,0.0,0.0,0.0,0,-0.2949,0.0364,0.2325,0.0,0.0
2023-08-09,0.0,0.0,0.0,0,0.4238,0.55,0.7386,0.0,0.0
2023-08-10,0.0,0.0,1.0,1,-0.3165,-0.3063,0.4651,0.155,0.0
2023-08-11,0.0,0.0,1.0,1,-0.1323,-0.1517,-0.1578,-0.0526,0.0
2023-08-14,0.0,0.0,1.0,1,-0.2164,-0.0616,0.2108,0.0703,0.0
2023-08-15,0.0,0.0,1.0,1,-0.509,-0.4364,-0.392,-0.1307,0.0
2023-08-16,0.0,0.0,1.0,1,0.8452,1.0197,1.3473,0.4491,0.0
2023-08-17,0.0,0.0,1.0,1,0.1103,-0.1058,-0.3132,-0.1044,0.0
2023-08-18,0.0,0.0,1.0,1,2.6834,3.1546,2.3952,0.7984,0.0
2023-08-21,0.0,0.0,1.0,1,0.4978,0.064,1.1431,0.381,0.4978
2023-08-22,0.0,0.0,1.0,1,4.0265,4.1849,3.6886,1.2295,4.0265
2023-08-23,0.0,1.0,1.0,2,-0.6239,-0.8939,-1.367,-0.7536,-0.6239
2023-08-24,0.0,1.0,1.0,2,0.0372,0.9139,1.0011,0.6383,0.0372
2023-08-25,0.0,1.0,1.0,2,0.0743,0.0325,0.3922,0.1416,0.0743
2023-08-28,0.0,1.0,1.0,2,2.2238,2.0817,2.177,1.4196,2.2238
2023-08-29,0.0,1.0,1.0,2,-0.1736,-0.6865,-0.498,-0.3948,-0.1736
2023-08-30,0.0,0.0,0.0,0,-1.0593,-1.155,-0.984,0.0,-1.0593
2023-08-31,1.0,0.0,0.0,1,-0.9807,-0.4067,-1.405,-0.3269,-0.9807
2023-09-01,0.5,0.0,0.0,1,-2.7814,-2.6086,-2.0664,-0.4636,-1.3907
2023-09-05,0.0,0.0,0.5,1,-1.4942,-0.9798,-0.8704,-0.1451,-0.7471
2023-09-06,0.0,0.0,0.5,1,-1.1032,-0.8841,-0.9435,-0.1573,0.0
2023-09-07,0.0,0.0,0.5,1,-0.2527,-0.1061,-0.508,-0.0847,0.0
2023-09-08,0.0,0.0,0.0,0,0.9217,0.846,0.7724,0.0,0.0
2023-09-11,0.0,0.0,0.0,0,0.1039,0.0152,-0.1921,0.0,0.0
2023-09-12,0.0,0.0,0.0,0,-0.9296,-0.9096,-0.6054,0.0,0.0
2023-09-13,0.0,0.0,0.0,0,-0.7158,-0.5142,-0.589,0.0,0.0
2023-09-14,0.0,0.0,0.0,0,1.6617,2.0259,1.7555,0.0,0.0
2023-09-15,0.0,0.0,0.0,0,0.4584,0.5122,0.7213,0.0,0.0
2023-09-18,0.5,0.0,0.0,1,-0.1636,-0.1224,-0.3411,-0.0273,-0.0818
2023-09-19,0.0,0.0,0.0,0,1.6599,1.6667,1.7543,0.0,0.0
2023-09-20,0.5,0.5,0.0,2,-0.5725,-0.3631,-0.1829,-0.1559,-0.2863
2023-09-21,0.0,0.5,0.5,2,0.6484,1.2382,0.189,0.2379,0.3242
2023-09-22,0.5,0.5,0.0,2,-1.9113,-1.6261,-1.3865,-0.5896,-0.9557
2023-09-25,0.0,0.5,0.0,1,-0.8425,-0.2981,-0.5907,-0.0497,0.0
2023-09-26,0.0,0.0,0.0,0,-2.061,-1.6659,-1.907,0.0,0.0
2023-09-27,0.0,0.0,0.0,0,0.1691,0.7225,0.4735,0.0,0.0
2023-09-28,0.0,0.0,0.0,0,-1.2392,-1.8891,-1.3455,0.0,0.0
2023-09-29,0.0,0.0,0.5,1,-4.5782,-4.5031,-4.4485,-0.7414,0.0
2023-10-02,0.0,0.0,0.0,0,-0.1885,0.0753,0.0191,0.0,0.0
2023-10-03,0.0,0.0,0.0,0,-1.0483,-0.7173,-1.4834,0.0,0.0
2023-10-04,0.0,0.0,0.0,0,-0.5154,-0.9863,-0.6661,0.0,0.0
2023-10-05,0.0,0.0,0.0,0,3.3193,2.8661,2.9704,0.0,0.0
2023-10-06,0.0,0.0,0.0,0,0.9331,0.5029,1.407,0.0,0.0
2023-10-09,0.0,0.0,0.0,0,0.161,-0.2645,-0.3984,0.0,0.0
2023-10-10,0.0,0.0,0.0,0,0.8312,0.7989,1.0358,0.0,0.0
2023-10-11,0.0,0.0,0.0,0,-0.7515,-1.1421,-0.479,0.0,0.0
2023-10-12,0.0,0.0,0.0,0,4.2906,5.0811,4.8182,0.0,0.0
2023-10-13,0.0,0.0,0.0,0,-0.5148,-1.0989,-0.6636,0.0,0.0
2023-10-16,0.0,0.0,0.0,0,1.119,0.8926,1.1271,0.0,0.0
2023-10-17,0.0,0.0,0.0,0,0.3543,0.3142,0.4757,0.0,0.0
2023-10-18,0.0,0.0,0.0,0,-0.2484,-0.4191,-0.2598,0.0,0.0
2023-10-19,0.0,0.0,0.0,0,2.0274,1.2575,2.0682,0.0,0.0
2023-10-20,1.0,0.0,0.0,1,-1.1948,-1.0386,-1.1434,-0.3983,-1.1948
2023-10-23,1.0,0.0,0.0,1,-0.3988,-0.6887,-0.4725,-0.1329,-0.3988
2023-10-24,0.0,0.0,0.0,0,-0.4482,-0.1732,-0.3917,0.0,0.0
2023-10-25,0.0,0.0,0.0,0,-0.3934,0.0126,-0.2312,0.0,0.0
2023-10-26,0.0,0.0,0.0,0,-0.0746,0.1628,0.1038,0.0,0.0
2023-10-27,0.0,0.0,0.0,0,2.2486,2.6547,1.8181,0.0,0.0
2023-10-30,1.0,0.0,0.0,1,-1.8942,-1.9311,-2.3017,-0.6314,-1.8942
2023-10-31,0.0,0.0,0.0,0,-0.683,0.1692,0.771,0.0,0.0
2023-11-01,0.0,0.0,0.0,0,0.2909,-0.1776,-0.1857,0.0,0.0
2023-11-02,0.0,0.0,0.0,0,1.9779,2.0399,1.9251,0.0,0.0
2023-11-03,1.0,0.0,0.0,1,-0.2241,-0.9828,-0.9189,-0.0747,-0.2241
2023-11-06,1.0,0.0,0.0,1,-2.769,-2.7701,-2.4177,-0.923,-2.769
2023-11-07,0.0,0.0,0.0,0,0.6176,0.7037,0.8906,0.0,0.0
2023-11-08,0.0,0.0,0.0,0,0.8125,0.7128,1.1262,0.0,0.0
2023-11-09,0.0,0.0,0.0,0,-2.6981,-2.2576,-2.3853,0.0,0.0
2023-11-10,0.0,0.0,0.0,0,0.3781,0.2481,0.4577,0.0,0.0
2023-11-13,0.0,0.0,0.0,0,3.4979,3.4084,3.6189,0.0,0.0
2023-11-14,1.0,0.0,0.0,1,1.7592,0.3929,0.9801,0.5864,1.7592
2023-11-15,1.0,0.0,0.0,1,1.733,1.5019,2.2265,0.5777,1.733
2023-11-16,1.0,0.0,0.0,1,-0.3474,-0.1901,-0.6835,-0.1158,-0.3474
2023-11-17,1.0,0.0,0.0,1,-0.966,-1.2503,-1.4674,-0.322,-0.966
2023-11-20,1.0,0.0,0.0,1,1.1196,0.9404,0.0541,0.3732,1.1196
2023-11-21,1.0,0.0,0.0,1,-0.7172,-0.8497,-0.8577,-0.2391,-0.7172
2023-11-22,1.0,0.0,0.0,1,2.7754,2.9255,3.8042,0.9251,2.7754
2023-11-24,1.0,0.0,0.0,1,1.4098,1.1553,1.3665,0.4699,1.4098
2023-11-27,1.0,0.0,0.0,1,1.0457,0.788,0.2898,0.3486,1.0457
2023-11-28,1.0,0.0,0.0,1,0.5696,0.2153,-0.3714,0.1899,0.5696
2023-11-29,1.0,0.0,0.0,1,0.8815,0.4696,0.865,0.2938,0.8815
2023-11-30,1.0,0.0,0.0,1,0.8145,0.9692,1.4727,0.2715,0.8145
2023-12-01,1.0,0.0,0.0,1,-3.7021,-4.4519,-4.7471,-1.234,-3.7021
2023-12-04,1.0,0.0,0.0,1,-1.4417,-0.9124,-0.8129,-0.4806,-1.4417
2023-12-05,1.0,0.0,0.0,1,-1.2892,-1.0147,-1.3843,-0.4297,-1.2892
2023-12-06,1.0,0.0,0.0,1,-0.6572,-0.6908,-0.6579,-0.2191,-0.6572
2023-12-07,1.0,0.0,0.0,1,-3.2066,-3.1181,-5.1177,-1.0689,-3.2066
2023-12-08,0.0,0.0,0.0,0,-0.862,-0.3886,-0.3775,0.0,0.0
2023-12-11,0.0,0.0,0.0,0,-0.1976,-0.3701,0.561,0.0,0.0
2023-12-12,0.0,0.0,0.0,0,-0.3916,-0.7285,-0.9405,0.0,0.0
2023-12-13,0.0,0.0,0.0,0,6.4358,5.9299,4.5991,0.0,0.0
2023-12-14,1.0,0.0,0.0,1,-0.9379,-1.3747,-1.2807,-0.3126,-0.9379
2023-12-15,1.0,0.0,0.0,1,-0.1634,0.2375,-0.1395,-0.0545,-0.1634
2023-12-18,1.0,0.0,0.0,1,0.877,0.4712,1.1669,0.2923,0.877
2023-12-19,1.0,0.0,0.0,1,1.277,0.4816,2.1052,0.4257,1.277
2023-12-20,1.0,0.0,0.0,1,-0.1643,0.0864,-0.4182,-0.0548,-0.1643
2023-12-21,1.0,0.0,0.0,1,-0.0699,-0.7871,-1.0816,-0.0233,-0.0699
2023-12-22,1.0,0.0,0.0,1,-0.6011,-0.6626,-0.4891,-0.2004,-0.6011
2023-12-26,1.0,0.0,0.0,1,0.9568,0.7019,1.1207,0.3189,0.9568
2023-12-27,1.0,0.0,0.0,1,-0.9887,-2.2937,-1.7268,-0.3296,-0.9887
2023-12-28,1.0,0.0,0.0,1,-1.1643,-1.0435,-1.1427,-0.3881,-1.1643
2023-12-29,1.0,0.0,0.0,1,-0.5031,-0.6765,-0.7169,-0.1677,-0.5031
2024-01-02,1.0,0.0,0.0,1,-3.3161,-2.3709,-2.6111,-1.1054,-3.3161
2024-01-03,0.0,0.0,0.0,0,0.1874,0.0436,0.7822,0.0,0.0
2024-01-04,0.0,0.0,0.0,0,0.5785,0.7089,1.8207,0.0,0.0
2024-01-05,0.0,0.0,0.0,0,-0.0086,0.0772,-0.0425,0.0,0.0
2024-01-08,0.0,0.0,0.0,0,-0.9343,-1.2638,-1.267,0.0,0.0
2024-01-09,0.0,0.0,0.0,0,-0.0873,0.4394,0.0498,0.0,0.0
2024-01-10,0.0,0.0,0.0,0,-1.5163,-1.7324,-0.6258,0.0,0.0
2024-01-11,0.0,0.0,0.0,0,2.7732,2.8348,2.288,0.0,0.0
2024-01-12,0.0,0.0,0.0,0,-0.9887,-0.4105,-0.4781,0.0,0.0
2024-01-16,0.0,0.0,0.0,0,-1.8183,-1.2081,-0.8405,0.0,0.0
2024-01-17,0.0,0.0,0.0,0,0.6706,1.0238,1.2668,0.0,0.0
2024-01-18,0.0,0.0,1.0,1,-0.4235,0.0094,-0.4168,-0.1389,0.0
2024-01-19,0.0,0.0,1.0,1,-1.8076,-1.7624,-1.8123,-0.6041,0.0
2024-01-22,0.0,0.0,0.0,0,0.7716,0.8458,0.7858,0.0,0.0
2024-01-23,0.0,0.0,0.0,0,1.885,1.9413,1.96,0.0,0.0
2024-01-24,0.0,0.0,1.0,1,0.2329,-0.5255,-0.2133,-0.0711,0.0
2024-01-25,0.0,0.0,1.0,1,-0.2324,0.2162,-0.1431,-0.0477,0.0
2024-01-26,0.0,0.0,1.0,1,1.6832,1.3594,1.9702,0.6567,0.0
2024-01-29,0.0,0.0,1.0,1,-0.134,-0.4599,-0.587,-0.1957,0.0
2024-01-30,0.0,0.0,1.0,1,-0.2423,-0.1798,-0.3093,-0.1031,0.0
2024-01-31,0.0,0.0,1.0,1,0.3427,0.3986,0.0887,0.0296,0.0
2024-02-01,0.0,0.0,1.0,1,-1.8547,-2.3919,-2.2186,-0.7395,0.0
2024-02-02,0.0,0.0,0.0,0,-1.6123,-0.5385,-0.235,0.0,0.0
2024-02-05,0.0,0.0,0.0,0,0.2597,0.6899,0.3535,0.0,0.0
2024-02-06,0.0,0.0,0.0,0,-0.5136,-0.6507,-1.0637,0.0,0.0
2024-02-07,0.0,0.0,0.0,0,1.2883,1.802,1.4719,0.0,0.0
2024-02-08,0.0,0.0,0.0,0,-0.164,-0.2165,0.6268,0.0,0.0
2024-02-09,0.0,0.0,1.0,1,0.8034,0.8854,0.7413,0.2471,0.0
2024-02-12,0.0,0.0,1.0,1,-2.6994,-2.5168,-2.5441,-0.848,0.0
2024-02-13,0.0,0.0,0.0,0,1.0635,2.4033,1.9558,0.0,0.0
2024-02-14,0.0,0.0,0.0,0,2.6018,2.3347,2.4792,0.0,0.0
2024-02-15,0.0,0.0,0.0,0,2.3001,1.6875,1.8937,0.0,0.0
2024-02-16,1.0,1.0,0.0,2,-1.4207,-1.0905,-1.2077,-0.8371,-1.4207
2024-02-20,0.0,0.0,0.0,0,-1.1036,-1.2086,-1.3215,0.0,0.0
2024-02-21,0.0,0.0,0.0,0,-0.3764,-0.6656,-0.1,0.0,0.0
2024-02-22,0.0,0.0,0.0,0,0.8961,0.9764,0.982,0.0,0.0
2024-02-23,0.0,0.0,0.0,0,-1.9679,-1.823,-1.9581,0.0,0.0
2024-02-26,0.0,0.0,0.0,0,0.0266,-0.1266,0.0718,0.0,0.0
2024-02-27,0.0,0.0,0.0,0,-0.5017,-0.6261,-0.5486,0.0,0.0
2024-02-28,0.0,0.0,0.0,0,1.1423,1.132,1.2506,0.0,0.0
2024-02-29,0.0,0.0,1.0,1,2.1354,2.7967,1.755,0.585,0.0
2024-03-01,0.0,1.0,1.0,2,2.7171,2.5939,2.7239,1.7726,2.7171
2024-03-04,1.0,1.0,0.0,2,-0.0673,0.1431,0.1731,0.0253,-0.0673
2024-03-05,1.0,1.0,0.0,2,2.142,1.9551,1.8589,1.3657,2.142
2024-03-06,1.0,1.0,0.0,2,0.4038,0.2356,-0.1182,0.2131,0.4038
2024-03-07,1.0,0.0,0.0,1,-0.1272,-0.6933,-1.0646,-0.0424,-0.1272
2024-03-08,1.0,0.0,0.0,1,0.7108,0.7579,-0.0343,0.2369,0.7108
2024-03-11,1.0,0.0,0.0,1,-1.2973,-1.3266,-1.3256,-0.4324,-1.2973
2024-03-12,1.0,0.0,0.0,1,3.1619,3.1784,3.7856,1.054,3.1619
2024-03-13,1.0,0.0,0.0,1,-0.3406,-0.2281,-0.3392,-0.1135,-0.3406
2024-03-14,1.0,0.0,0.0,1,1.3106,1.9899,1.7739,0.4369,1.3106
2024-03-15,1.0,0.0,0.0,1,-0.4325,-0.5091,0.0099,-0.1442,-0.4325
2024-03-18,1.0,0.0,0.0,1,-0.5062,-0.0648,-0.3799,-0.1687,-0.5062
2024-03-19,1.0,0.0,0.0,1,-0.1242,-0.0083,1.1422,-0.0414,-0.1242
2024-03-20,1.0,0.0,0.0,1,-0.3369,-0.6723,-0.5184,-0.1123,-0.3369
2024-03-21,1.0,0.0,0.0,1,-0.6318,0.7293,-0.0564,-0.2106,-0.6318
2024-03-22,1.0,1.0,0.0,2,0.2147,0.208,-0.0021,0.1409,0.2147
2024-03-25,1.0,1.0,0.0,2,-1.0588,-0.8549,-1.0143,-0.6379,-1.0588
2024-03-26,1.0,1.0,0.0,2,0.58,1.0474,0.6843,0.5425,0.58
2024-03-27,1.0,1.0,0.0,2,0.6985,0.9046,0.537,0.5344,0.6985
2024-03-28,1.0,1.0,0.0,2,0.6331,0.2442,0.707,0.2924,0.6331
2024-04-01,1.0,1.0,0.0,2,3.4063,3.7582,3.5313,2.3882,3.4063
2024-04-02,1.0,1.0,0.0,2,4.4218,4.7391,4.3935,3.0536,4.4218
2024-04-03,1.0,1.0,0.0,2,0.7237,0.1767,0.7509,0.3001,0.7237
2024-04-04,1.0,1.0,0.0,2,0.958,0.8037,0.7655,0.5872,0.958
2024-04-05,0.0,1.0,0.0,1,1.1387,1.3249,1.4047,0.4416,1.1387
2024-04-08,0.0,1.0,1.0,2,0.6459,0.851,0.7474,0.5328,0.6459
2024-04-09,0.0,1.0,1.0,2,0.251,0.0261,0.2074,0.0778,0.251
2024-04-10,1.0,1.0,1.0,3,0.7689,1.8916,1.557,1.4058,0.7689
2024-04-11,0.0,1.0,1.0,2,0.2804,-0.0722,0.4298,0.1192,0.2804
2024-04-12,0.0,1.0,1.0,2,1.4015,1.8406,1.4618,1.1008,1.4015
2024-04-15,0.0,1.0,1.0,2,-1.1623,-1.397,-0.5671,-0.6547,-1.1623
2024-04-16,0.0,1.0,1.0,2,0.0989,0.2043,0.4182,0.2075,0.0989
2024-04-17,0.0,1.0,1.0,2,-0.06,-0.2965,-0.29,-0.1955,-0.06
2024-04-18,0.0,1.0,1.0,2,1.6908,1.8807,1.8674,1.2494,1.6908
2024-04-19,0.0,1.0,0.0,1,-5.5367,-5.6523,-5.5183,-1.8841,-5.5367
2024-04-22,0.0,1.0,0.0,1,0.4336,0.5336,0.546,0.1779,0.4336
2024-04-23,0.0,1.0,0.0,1,-0.0256,-0.0793,-0.0702,-0.0264,-0.0256
2024-04-24,1.0,0.0,0.0,1,0.0659,0.3996,0.3989,0.022,0.0659
2024-04-25,1.0,0.0,1.0,2,-0.3694,-0.5786,-0.1525,-0.174,-0.3694
2024-04-26,1.0,1.0,1.0,3,0.4846,0.6132,2.1811,1.0929,0.4846
2024-04-29,1.0,1.0,1.0,3,-3.5875,-3.9007,-4.7513,-4.0798,-3.5875
2024-04-30,1.0,0.0,1.0,2,0.3713,1.3379,1.2754,0.5489,0.3713
2024-05-01,0.0,1.0,1.0,2,0.3549,0.0133,-0.9291,-0.3053,0.3549
2024-05-02,0.0,1.0,1.0,2,-0.5191,-1.2345,-2.218,-1.1508,-0.5191
2024-05-03,1.0,0.0,0.0,1,3.494,3.0583,3.8464,1.1647,3.494
2024-05-06,1.0,0.0,0.0,1,-0.2411,-0.1575,0.1947,-0.0804,-0.2411
2024-05-07,1.0,0.0,0.0,1,0.2124,0.4092,0.5444,0.0708,0.2124
2024-05-08,1.0,0.0,0.0,1,2.8179,2.7624,3.2637,0.9393,2.8179
2024-05-09,1.0,0.0,0.0,1,0.5083,0.2714,0.4889,0.1694,0.5083
2024-05-10,1.0,0.0,0.0,1,-0.191,-0.1249,0.0846,-0.0637,-0.191
2024-05-13,1.0,0.0,0.0,1,0.9355,1.0969,1.2043,0.3118,0.9355
2024-05-14,1.0,0.0,0.0,1,3.6124,3.4755,3.7882,1.2041,3.6124
2024-05-15,1.0,0.0,0.0,1,0.5116,-0.1724,-0.9116,0.1705,0.5116
2024-05-16,1.0,0.0,0.0,1,4.6587,5.2932,5.4028,1.5529,4.6587
2024-05-17,1.0,0.0,0.0,1,3.7298,4.0401,3.9802,1.2433,3.7298
2024-05-20,1.0,0.0,0.0,1,-1.0464,-0.8918,-0.6551,-0.3488,-1.0464
2024-05-21,1.0,0.0,0.0,1,-1.798,-1.6858,-1.8728,-0.5993,-1.798
2024-05-22,1.0,0.0,0.0,1,-3.2305,-2.8227,-2.95,-1.0768,-3.2305
2024-05-23,1.0,0.0,0.0,1,0.1519,0.0786,0.3238,0.0506,0.1519
2024-05-24,1.0,0.0,0.0,1,5.4105,5.2802,5.3245,1.8035,5.4105
2024-05-28,1.0,0.0,0.0,1,0.7257,0.6253,0.9934,0.2419,0.7257
2024-05-29,1.0,0.0,0.0,1,-2.5308,-2.4763,-2.3164,-0.8436,-2.5308
2024-05-30,1.0,0.0,0.0,1,-3.4758,-4.4794,-3.877,-1.1586,-3.4758
2024-05-31,1.0,0.0,1.0,2,1.1354,0.9126,1.2817,0.8057,1.1354
2024-06-03,1.0,0.0,0.0,1,-3.7629,-4.4356,-4.4389,-1.2543,-3.7629
2024-06-04,1.0,0.0,0.0,1,1.56,0.9846,0.9405,0.52,1.56
2024-06-05,1.0,0.0,0.0,1,4.3375,4.6365,4.879,1.4458,4.3375
2024-06-06,1.0,0.0,0.0,1,-6.119,-6.4114,-6.2587,-2.0397,-6.119
2024-06-07,1.0,0.0,0.0,1,1.4795,2.2071,2.2199,0.4932,1.4795
2024-06-10,1.0,0.0,0.0,1,-2.1364,-2.084,-2.0073,-0.7121,-2.1364
2024-06-11,1.0,0.0,0.0,1,3.5801,3.7188,3.623,1.1934,3.5801
2024-06-12,1.0,0.0,0.0,1,-3.9303,-4.3069,-4.1168,-1.3101,-3.9303
2024-06-13,1.0,0.0,0.0,1,1.4212,1.3838,1.6333,0.4737,1.4212
2024-06-14,1.0,0.0,0.0,1,-0.2619,-0.6189,0.0034,-0.0873,-0.2619
2024-06-17,1.0,0.0,0.0,1,0.6138,0.3393,0.7121,0.2046,0.6138
2024-06-18,1.0,0.0,0.0,1,4.3077,3.838,4.4784,1.4359,4.3077
2024-06-20,1.0,0.0,0.0,1,-3.9089,-3.1276,-3.317,-1.303,-3.9089
2024-06-21,1.0,0.0,0.0,1,-0.284,0.0079,0.2995,-0.0947,-0.284
2024-06-24,1.0,0.0,0.0,1,-2.211,-2.3105,-2.318,-0.737,-2.211
2024-06-25,1.0,0.0,0.0,1,0.2497,0.4753,0.2497,0.0832,0.2497
2024-06-26,1.0,0.0,0.0,1,0.0311,0.1987,0.6168,0.0104,0.0311
2024-06-27,1.0,0.0,0.0,1,1.1031,1.3083,1.1447,0.3677,1.1031
2024-06-28,1.0,0.0,1.0,2,0.2155,0.4029,0.3527,0.1894,0.2155
2024-07-01,0.5,0.0,0.5,2,0.1809,0.5103,0.5576,0.1231,0.0904
2024-07-02,0.0,0.0,0.5,1,4.0711,4.1322,4.066,0.6777,2.0356
2024-07-03,0.5,0.5,0.5,3,2.7498,2.3586,2.6569,1.2942,1.3749
2024-07-05,0.5,0.0,0.5,2,-2.4532,-2.9971,-2.8884,-0.8903,-1.2266
2024-07-08,0.5,0.0,0.5,2,0.503,0.7926,0.64,0.1905,0.2515
2024-07-09,0.5,0.0,0.5,2,-0.1462,-0.1918,0.148,0.0003,-0.0731
2024-07-10,0.5,0.0,0.5,2,2.1707,2.3757,2.3455,0.7527,1.0854
2024-07-11,0.5,0.0,0.5,2,-1.6181,-1.965,-3.6916,-0.885,-0.8091
2024-07-12,0.5,0.0,0.0,1,-0.6929,-0.5976,-0.6226,-0.1155,-0.3464
2024-07-15,0.5,0.0,0.0,1,1.7051,1.5441,1.5946,0.2842,0.8526
2024-07-16,0.5,0.0,0.0,1,-3.3916,-3.6343,-3.2639,-0.5653,-1.6958
2024-07-17,0.5,0.0,0.0,1,-0.4712,-1.6824,-2.1456,-0.0785,-0.2356
2024-07-18,0.5,0.0,0.0,1,-3.0238,-2.4798,-2.1119,-0.504,-1.5119
2024-07-19,0.5,0.0,0.0,1,0.1238,0.2039,0.2971,0.0206,0.0619
2024-07-22,0.5,0.0,0.0,1,0.0275,0.1953,-0.3099,0.0046,0.0137
2024-07-23,0.5,0.0,0.0,1,-0.0549,0.172,-0.7703,-0.0092,-0.0275
2024-07-24,0.5,0.0,0.0,1,-4.4958,-5.1921,-5.6466,-0.7493,-2.2479
2024-07-25,0.5,0.0,0.0,1,0.1906,-0.3052,0.0643,0.0318,0.0953
2024-07-26,0.5,0.0,0.0,1,-0.5635,-0.1503,-0.2776,-0.0939,-0.2818
2024-07-29,0.5,0.0,0.0,1,2.3896,2.5981,2.1864,0.3983,1.1948
2024-07-30,0.5,0.0,0.0,1,1.456,0.99,0.689,0.2427,0.728
2024-07-31,0.5,0.0,0.0,1,-1.5533,-1.9875,-3.4401,-0.2589,-0.7766
2024-08-01,1.0,0.0,0.0,1,-0.3,-0.8949,-0.6616,-0.1,-0.3
2024-08-02,1.0,0.0,0.0,1,-4.1422,-5.9871,-6.466,-1.3807,-4.1422
2024-08-05,1.0,0.0,0.0,1,0.0739,-0.0746,0.2155,0.0246,0.0739
2024-08-06,1.0,0.0,0.0,1,-0.9817,-1.2458,-1.7003,-0.3272,-0.9817
2024-08-07,1.0,0.0,0.0,1,2.4972,3.3051,3.483,0.8324,2.4972
2024-08-08,1.0,0.0,0.0,1,-0.0473,0.8345,1.0096,-0.0158,-0.0473
2024-08-09,1.0,0.0,0.0,1,1.5644,1.3523,1.1331,0.5215,1.5644
2024-08-12,1.0,0.0,0.0,1,-0.7952,-0.8308,-0.8357,-0.2651,-0.7952
2024-08-13,1.0,0.0,0.0,1,-1.5923,-1.5559,-1.5997,-0.5308,-1.5923
2024-08-14,1.0,0.0,0.0,1,3.9921,3.9627,4.1916,1.3307,3.9921
2024-08-15,1.0,0.0,0.0,1,1.5384,2.4405,2.8961,0.5128,1.5384
2024-08-16,1.0,0.0,0.0,1,1.6054,1.0336,0.7434,0.5351,1.6054
2024-08-19,1.0,0.0,0.0,1,0.7353,0.1304,-0.1205,0.2451,0.7353
2024-08-20,1.0,0.0,0.0,1,0.0713,-0.951,-0.851,0.0238,0.0713
2024-08-21,1.0,0.0,0.0,1,-1.5945,-1.8781,-1.7496,-0.5315,-1.5945
2024-08-22,1.0,0.0,0.0,1,2.6891,2.7615,3.4562,0.8964,2.6891
2024-08-23,1.0,0.0,0.0,1,0.6412,0.1237,-0.8745,0.2137,0.6412
2024-08-26,1.0,0.0,0.0,1,-0.0867,-0.1127,0.2713,-0.0289,-0.0867
2024-08-27,1.0,0.0,0.0,1,-2.5876,-3.2062,-2.9522,-0.8625,-2.5876
2024-08-28,1.0,0.0,0.0,1,1.3059,1.3179,1.6281,0.4353,1.3059
2024-08-29,1.0,0.0,0.0,1,-2.7946,-2.2034,-2.487,-0.9315,-2.7946
2024-08-30,1.0,0.0,0.0,1,-2.7148,-2.206,-1.4848,-0.9049,-2.7148
2024-09-03,0.5,0.0,0.0,1,0.7728,0.6023,-0.1675,0.1288,0.3864
2024-09-04,0.5,0.0,0.0,1,1.9633,1.4966,0.54,0.3272,0.9816
2024-09-05,0.5,0.0,0.0,1,-3.1755,-3.4307,-3.1289,-0.5292,-1.5877
2024-09-06,0.5,0.0,0.0,1,1.7369,1.7526,1.0934,0.2895,0.8685
2024-09-09,0.5,0.0,0.0,1,-0.1202,0.5319,0.3642,-0.02,-0.0601
2024-09-10,0.5,0.0,0.0,1,1.0829,0.7462,0.4172,0.1805,0.5415
2024-09-11,0.5,0.0,0.0,1,4.1312,4.8667,4.3919,0.6885,2.0656
2024-09-12,0.5,0.0,0.0,1,3.2142,2.8849,2.4245,0.5357,1.6071
2024-09-13,0.5,0.0,0.0,1,0.2345,-0.0226,-0.2677,0.0391,0.1173
2024-09-16,0.5,0.0,0.0,1,-0.494,-0.8602,-0.494,-0.0823,-0.247
2024-09-17,0.5,0.0,0.0,1,-0.9079,-0.7026,-0.0457,-0.1513,-0.454
2024-09-18,0.5,0.0,0.0,1,2.4818,2.5992,2.9833,0.4136,1.2409
2024-09-19,0.5,0.0,0.0,1,0.2637,0.3205,0.3677,0.044,0.1319
2024-09-20,0.5,0.0,0.0,1,-1.3119,-0.9487,-0.5202,-0.2187,-0.656
2024-09-23,0.5,0.0,0.0,1,4.3683,3.9292,4.1031,0.7281,2.1842
2024-09-24,0.5,0.0,0.0,1,-1.2862,-1.963,-1.7501,-0.2144,-0.6431
2024-09-25,0.5,0.0,0.0,1,1.0316,2.1194,2.2471,0.1719,0.5158
2024-09-26,0.5,0.0,0.0,1,-1.58,-2.0811,-1.3127,-0.2633,-0.79
2024-09-27,0.5,0.0,0.0,1,-1.1263,-1.797,-2.6891,-0.1877,-0.5632
2024-09-30,0.5,0.0,0.0,1,0.9017,1.4791,1.5568,0.1503,0.4508
2024-10-01,1.0,0.0,0.0,1,0.582,0.7045,0.6002,0.194,0.582
2024-10-02,1.0,0.0,0.0,1,1.7737,2.203,3.7889,0.5912,1.7737
2024-10-03,1.0,0.0,0.0,1,-0.1895,0.0336,-0.0138,-0.0632,-0.1895
2024-10-04,1.0,0.0,1.0,2,-1.1921,-0.394,0.1402,-0.3506,-1.1921
2024-10-07,1.0,1.0,1.0,3,-4.3786,-4.8363,-4.8117,-4.6756,-4.3786
2024-10-08,1.0,0.0,1.0,2,0.2306,0.5614,0.2394,0.1567,0.2306
2024-10-09,1.0,1.0,1.0,3,1.9063,2.2712,2.5948,2.2575,1.9063
2024-10-10,1.0,0.0,1.0,2,1.661,1.1979,1.3502,1.0038,1.661
2024-10-11,0.0,0.0,1.0,1,-1.3864,-1.1849,-0.9686,-0.3229,-1.3864
2024-10-14,0.0,1.0,1.0,2,1.4284,1.8775,1.6566,1.178,1.4284
2024-10-15,0.0,1.0,1.0,2,0.739,0.7905,0.3547,0.3817,0.739
2024-10-16,0.0,1.0,1.0,2,-0.5888,-0.2707,-0.2708,-0.1805,-0.5888
2024-10-17,0.0,1.0,1.0,2,4.621,4.6972,4.9876,3.2283,4.621
2024-10-18,0.0,1.0,1.0,2,2.5339,2.4155,2.1923,1.5359,2.5339
2024-10-21,0.0,1.0,1.0,2,2.8404,2.8974,3.5312,2.1429,2.8404
2024-10-22,0.0,1.0,1.0,2,-3.4194,-3.406,-3.0776,-2.1612,-3.4194
2024-10-23,0.0,1.0,1.0,2,-0.0862,0.0535,0.992,0.3485,-0.0862
2024-10-24,0.0,1.0,1.0,2,-0.0238,-0.1242,-0.6691,-0.2644,-0.0238
2024-10-25,0.0,1.0,1.0,2,0.6755,0.9767,1.4509,0.8092,0.6755
2024-10-28,0.0,1.0,1.0,2,1.2977,0.8778,1.448,0.7753,1.2977
2024-10-29,0.0,1.0,1.0,2,-1.0359,-0.7659,-0.9745,-0.5801,-1.0359
2024-10-30,0.0,1.0,1.0,2,-3.7182,-3.8204,-3.7622,-2.5275,-3.7182
2024-10-31,0.0,1.0,1.0,2,-0.3399,-0.6575,-1.1362,-0.5979,-0.3399
2024-11-01,0.0,1.0,1.0,2,-0.1905,0.2787,0.0111,0.0966,-0.1905
2024-11-04,0.0,0.0,0.0,0,0.5388,0.1413,0.5315,0.0,0.5388
2024-11-05,0.0,0.0,1.0,1,-4.3914,-4.5861,-4.9194,-1.6398,-4.3914
2024-11-06,1.0,0.0,0.0,1,1.7424,3.3103,3.6807,0.5808,1.7424
2024-11-07,0.0,1.0,1.0,2,-1.2781,-1.6073,-2.0074,-1.2049,-1.2781
2024-11-08,0.0,1.0,1.0,2,-2.6117,-2.2524,-2.7872,-1.6798,-2.6117
2024-11-11,0.0,1.0,1.0,2,0.4781,0.9678,0.8566,0.6081,0.4781
2024-11-12,0.0,1.0,1.0,2,-0.3128,-0.0988,0.4503,0.1172,-0.3128
2024-11-13,0.0,1.0,1.0,2,-0.2681,0.1401,0.2311,0.1237,-0.2681
2024-11-14,0.0,1.0,1.0,2,-0.4491,0.0758,0.2164,0.0974,-0.4491
2024-11-15,0.0,1.0,1.0,2,2.6078,2.4038,1.4247,1.2762,2.6078
2024-11-18,0.0,1.0,1.0,2,0.1444,-0.472,0.114,-0.1193,0.1444
2024-11-19,0.0,1.0,1.0,2,-0.8075,-0.9344,-0.7427,-0.559,-0.8075
2024-11-20,0.0,1.0,0.0,1,-0.1421,0.0367,0.2303,0.0122,-0.1421
2024-11-21,0.0,1.0,0.0,1,1.2843,1.6568,0.5819,0.5523,1.2843
2024-11-22,0.0,1.0,0.0,1,-3.5102,-3.1218,-3.5552,-1.0406,-3.5102
2024-11-25,0.0,1.0,0.0,1,0.5892,0.4006,0.7406,0.1335,0.5892
2024-11-26,0.0,1.0,0.0,1,-0.9115,-1.1936,-1.7902,-0.3979,-0.9115
2024-11-27,0.0,1.0,0.0,1,1.9063,1.4544,0.6841,0.4848,1.9063
2024-11-29,1.0,1.0,0.0,2,-0.7691,-0.8043,-1.6067,-0.5245,-0.7691
2024-12-02,1.0,1.0,0.0,2,2.0625,2.5546,1.7969,1.539,2.0625
2024-12-03,0.0,1.0,0.0,1,1.3772,1.3909,1.4715,0.4636,1.3772
2024-12-04,0.0,1.0,0.0,1,-1.1776,-1.473,-0.57,-0.491,-1.1776
2024-12-05,1.0,0.0,0.0,1,0.167,-0.4371,-0.0725,0.0557,0.167
2024-12-06,1.0,0.0,0.0,1,3.3028,3.3322,3.181,1.1009,3.3028
2024-12-09,1.0,0.0,0.0,1,0.4563,0.4471,1.379,0.1521,0.4563
2024-12-10,1.0,0.0,0.0,1,0.6149,1.0627,0.8801,0.205,0.6149
2024-12-11,1.0,0.0,0.0,1,-4.0968,-4.0196,-3.8201,-1.3656,-4.0968
2024-12-12,1.0,0.0,0.0,1,-1.8349,-0.8568,-1.6144,-0.6116,-1.8349
2024-12-13,1.0,0.0,0.0,1,0.137,0.1072,0.7053,0.0457,0.137
2024-12-16,1.0,0.0,0.0,1,-0.404,-0.1475,0.0069,-0.1347,-0.404
2024-12-17,1.0,0.0,0.0,1,-0.5332,-0.7067,-0.8649,-0.1777,-0.5332
2024-12-18,0.0,0.0,0.0,0,-4.3275,-3.3392,-3.6416,0.0,-4.3275
2024-12-19,0.0,1.0,0.0,1,1.9454,1.639,3.9036,0.5463,0.0
2024-12-20,0.0,1.0,0.0,1,0.7687,0.1029,0.0585,0.0343,0.7687
2024-12-23,0.0,0.0,0.0,0,0.2877,0.8964,0.6926,0.0,0.2877
2024-12-24,0.0,0.0,0.0,0,0.2435,0.3495,0.2231,0.0,0.2435
2024-12-26,0.0,1.0,1.0,2,-1.3046,-1.3617,-0.9183,-0.76,-1.3046
2024-12-27,0.0,1.0,1.0,2,-1.8513,-1.5303,-1.7735,-1.1013,-1.8513
2024-12-30,0.0,1.0,1.0,2,-0.5703,-0.416,-1.1233,-0.5131,0.0
2024-12-31,0.0,1.0,1.0,2,2.3566,2.8677,2.8286,1.8988,0.0
2025-01-02,0.0,1.0,1.0,2,0.6212,1.0934,0.3934,0.4956,0.6212
2025-01-03,0.0,1.0,1.0,2,1.7983,1.4969,1.8753,1.1241,1.7983
2025-01-06,0.0,1.0,1.0,2,0.3461,-0.1251,0.513,0.1293,0.3461
2025-01-07,0.0,1.0,1.0,2,0.0164,0.5038,0.329,0.2776,0.0164
2025-01-08,0.0,1.0,1.0,2,1.1132,1.28,1.0851,0.7884,1.1132
2025-01-09,0.0,1.0,1.0,2,0.9743,1.0985,0.8824,0.6603,0.9743
2025-01-10,0.0,1.0,1.0,2,-3.2164,-2.7176,-3.315,-2.0109,-3.2164
2025-01-13,0.0,1.0,1.0,2,0.1363,0.0281,-0.1954,-0.0558,0.1363
2025-01-14,0.0,1.0,1.0,2,3.9393,3.5625,4.3924,2.6517,3.9393
2025-01-15,0.0,1.0,1.0,2,0.6514,0.6139,-0.4917,0.0407,0.6514
2025-01-16,0.0,1.0,0.0,1,-1.8145,-1.9168,-2.3795,-0.6389,-1.8145
2025-01-17,1.0,0.0,0.0,1,1.1631,0.5958,1.0934,0.3877,1.1631
2025-01-21,1.0,1.0,0.0,2,-0.23,-0.1584,0.1074,-0.1294,-0.23
2025-01-22,1.0,0.0,0.0,1,-1.8118,-1.8552,-1.392,-0.6039,-1.8118
2025-01-23,1.0,0.0,0.0,1,1.1411,1.2728,0.9568,0.3804,1.1411
2025-01-24,1.0,0.0,0.0,1,-2.4788,-2.5487,-2.7355,-0.8263,-2.4788
2025-01-27,1.0,0.0,0.0,1,1.5634,1.2465,1.0189,0.5211,1.5634
2025-01-28,1.0,0.0,0.0,1,1.663,1.6765,2.0896,0.5543,1.663
2025-01-29,1.0,0.0,0.0,1,3.6046,3.8498,3.3455,1.2015,3.6046
2025-01-30,1.0,0.0,0.0,1,-0.7292,-0.3898,-1.4157,-0.2431,-0.7292
2025-01-31,1.0,0.0,0.0,1,0.8217,1.4715,1.65,0.2739,0.8217
2025-02-03,1.0,0.0,0.0,1,1.5312,1.1297,1.475,0.5104,1.5312
2025-02-04,1.0,0.0,0.0,1,-0.0943,-0.7924,-0.8303,-0.0314,-0.0943
2025-02-05,1.0,0.0,0.0,1,-1.0317,-1.4592,-2.0122,-0.3439,-1.0317
2025-02-06,1.0,0.0,0.0,1,-0.5628,-0.1469,-1.4835,-0.1876,-0.5628
2025-02-07,1.0,0.0,0.0,1,0.1763,0.8005,0.6089,0.0588,0.1763
2025-02-10,1.0,0.0,0.0,1,-0.497,-0.4326,-0.554,-0.1657,-0.497
2025-02-11,1.0,0.0,0.0,1,1.4396,1.6244,2.0947,0.4799,1.4396
2025-02-12,1.0,0.0,0.0,1,-0.1376,-0.0928,0.8536,-0.0459,-0.1376
2025-02-13,1.0,0.0,0.0,1,0.4625,-0.6539,-0.362,0.1542,0.4625
2025-02-14,1.0,0.0,0.0,1,1.5731,1.2886,0.5474,0.5244,1.5731
2025-02-18,1.0,0.0,0.0,1,-0.9725,-0.6558,-0.654,-0.3242,-0.9725
2025-02-19,1.0,0.0,0.0,1,1.367,1.4747,0.8926,0.4557,1.367
2025-02-20,1.0,0.0,0.0,1,-1.3993,-2.1079,-2.5808,-0.4664,-1.3993
2025-02-21,1.0,0.0,0.0,1,-1.216,-1.1731,-1.2299,-0.4053,-1.216
2025-02-24,1.0,0.0,0.0,1,-2.3761,-2.501,-2.0643,-0.792,-2.3761
2025-02-25,1.0,0.0,0.0,1,1.4213,0.8675,0.8894,0.4738,1.4213
2025-02-26,1.0,0.0,0.0,1,-1.4014,-1.1915,-1.5602,-0.4671,-1.4014
2025-02-27,1.0,0.0,0.0,1,-1.8301,-1.2132,-1.0558,-0.61,-1.8301
2025-02-28,1.0,0.0,0.0,1,2.6042,2.9063,3.1233,0.8681,2.6042
2025-03-03,1.0,0.0,0.0,1,0.2373,-0.4258,-0.7374,0.0791,0.2373
2025-03-04,1.0,0.0,0.0,1,2.3359,1.5415,2.6745,0.7786,2.3359
2025-03-05,1.0,0.0,0.0,1,0.6239,0.7427,0.0187,0.208,0.6239
2025-03-06,1.0,0.0,0.0,1,-1.5576,-2.3722,-2.0799,-0.5192,-1.5576
2025-03-07,1.0,0.0,0.0,1,-0.8388,-1.5101,-1.1735,-0.2796,-0.8388
2025-03-10,1.0,0.0,0.0,1,1.8993,2.2059,1.5272,0.6331,1.8993
2025-03-11,1.0,0.0,0.0,1,1.8122,2.2125,2.4858,0.6041,1.8122
2025-03-12,1.0,0.0,0.0,1,1.6933,1.5011,1.8561,0.5644,1.6933
2025-03-13,1.0,0.0,0.0,1,0.3994,0.4962,0.176,0.1331,0.3994
2025-03-14,1.0,0.0,0.0,1,-0.3305,-0.1645,0.1067,-0.1102,-0.3305
2025-03-17,1.0,0.0,0.0,1,1.4821,1.1506,2.0154,0.494,1.4821
2025-03-18,1.0,0.0,0.0,1,-1.7467,-2.2437,-1.6987,-0.5822,-1.7467
2025-03-19,1.0,0.0,0.0,1,-0.5563,-0.5954,-1.1964,-0.1854,-0.5563
2025-03-20,1.0,0.0,0.0,1,-1.4681,-0.9085,-1.3977,-0.4894,-1.4681
2025-03-21,1.0,0.0,0.0,1,-0.0751,0.0998,0.6518,-0.025,-0.0751
2025-03-24,1.0,0.0,0.0,1,2.2155,2.1889,2.9647,0.7385,2.2155
2025-03-25,1.0,0.0,0.0,1,0.0912,0.0866,-0.4558,0.0304,0.0912
2025-03-26,1.0,0.0,0.0,1,2.5387,2.7141,2.8964,0.8462,2.5387
2025-03-27,1.0,0.0,0.0,1,-0.725,-1.0349,-0.4782,-0.2417,-0.725
2025-03-28,1.0,0.0,0.0,1,-0.5398,-0.6018,-1.3508,-0.1799,-0.5398
2025-03-31,1.0,0.0,0.0,1,-0.8677,-0.5335,-0.6716,-0.2892,-0.8677
2025-04-01,1.0,0.0,0.0,1,0.9983,0.9503,0.9107,0.3328,0.9983
2025-04-02,1.0,0.0,0.0,1,-7.6959,-8.3865,-8.8735,-2.5653,-7.6959
2025-04-03,1.0,0.0,0.0,1,-8.5668,-10.4,-9.5814,-2.8556,-8.5668
2025-04-04,0.0,0.0,0.0,0,1.3532,0.4567,0.8001,0.0,0.0
2025-04-07,0.0,0.0,0.0,0,0.2779,1.2316,1.9024,0.0,0.0
2025-04-08,0.0,0.0,0.0,0,2.4703,0.7956,1.1224,0.0,0.0
2025-04-09,0.0,0.0,0.0,0,1.1476,2.3186,2.2254,0.0,0.0
2025-04-10,0.0,0.0,0.0,0,3.7593,-0.4484,1.1885,0.0,0.0
2025-04-11,1.0,0.0,0.0,1,0.8421,0.5104,0.8064,0.2807,0.8421
2025-04-14,1.0,0.0,0.0,1,0.4207,0.1629,0.0887,0.1402,0.4207
2025-04-15,1.0,0.0,0.0,1,2.169,2.7713,2.1405,0.723,2.169
2025-04-16,1.0,0.0,0.0,1,-1.5368,-2.3789,-2.3985,-0.5123,-1.5368
2025-04-17,1.0,0.0,0.0,1,1.4189,0.8331,0.6672,0.473,1.4189
2025-04-22,1.0,0.0,0.0,1,1.9404,4.0849,3.2516,0.6468,1.9404
2025-04-23,1.0,0.0,0.0,1,-0.1074,0.3436,0.2671,-0.0358,-0.1074
2025-04-24,1.0,0.0,0.0,1,-1.4724,-1.5983,-1.7091,-0.4908,-1.4724
2025-04-25,1.0,0.0,0.0,1,0.003,-0.038,0.6764,0.001,0.003
2025-04-28,1.0,0.0,0.0,1,0.8639,-0.014,-0.3022,0.288,0.8639
2025-04-29,1.0,0.0,0.0,1,-2.2359,-1.9704,-2.1527,-0.7453,-2.2359
2025-04-30,1.0,0.0,0.0,1,-1.0513,-0.7461,-0.5576,-0.3504,-1.0513
2025-05-01,1.0,0.0,0.0,1,-0.6213,-0.258,1.0736,-0.2071,-0.6213
2025-05-02,1.0,0.0,0.0,1,0.6752,0.0826,0.1049,0.2251,0.6752
2025-05-05,1.0,0.0,0.0,1,2.8194,2.5313,2.1298,0.9398,2.8194
2025-05-06,1.0,0.0,0.0,1,-1.7576,-1.2987,-2.1809,-0.5859,-1.7576
2025-05-07,1.0,0.0,0.0,1,-0.4703,-0.6728,0.0954,-0.1568,-0.4703
2025-05-08,1.0,0.0,0.0,1,0.9204,1.8819,2.4407,0.3068,0.9204
2025-05-09,1.0,0.0,0.0,1,-0.8814,-0.6514,-1.0192,-0.2938,-0.8814
2025-05-12,1.0,0.0,0.0,1,1.482,2.838,3.2206,0.494,1.482
2025-05-13,1.0,1.0,1.0,3,-1.9533,-2.5846,-2.4702,-2.336,-1.9533
2025-05-14,1.0,0.0,1.0,2,0.7913,1.0076,0.1914,0.3276,0.7913
2025-05-15,1.0,1.0,1.0,3,-0.9944,-1.775,-1.6945,-1.488,-0.9944
2025-05-16,1.0,0.0,0.0,1,0.482,0.5843,0.2646,0.1607,0.482
2025-05-19,1.0,0.0,1.0,2,2.0642,2.008,1.8373,1.3005,2.0642
2025-05-20,0.0,1.0,1.0,2,1.4645,0.4586,1.0117,0.4901,1.4645
2025-05-21,1.0,0.0,0.0,1,-1.2432,-1.4393,-1.6352,-0.4144,-1.2432
2025-05-22,1.0,0.0,0.0,1,1.1953,1.6012,1.2678,0.3984,1.1953
2025-05-23,1.0,0.0,0.0,1,-0.8851,-1.8375,-1.714,-0.295,-0.8851
2025-05-27,1.0,0.0,0.0,1,-0.4405,0.3896,0.6217,-0.1468,-0.4405
2025-05-28,1.0,0.0,0.0,1,0.8576,1.5025,1.9209,0.2859,0.8576
2025-05-29,1.0,0.0,0.0,1,-1.1748,-2.4306,-2.4757,-0.3916,-1.1748
2025-05-30,1.0,0.0,0.0,1,5.0803,5.1186,5.1066,1.6934,5.0803
2025-06-02,1.0,0.0,0.0,1,-0.1736,-0.9421,-1.1197,-0.0579,-0.1736
2025-06-03,1.0,0.0,0.0,1,0.0464,0.8985,1.0191,0.0155,0.0464
2025-06-04,1.0,0.0,0.0,1,3.3894,2.7713,2.5952,1.1298,3.3894
2025-06-05,1.0,0.0,0.0,1,0.9415,1.0994,1.5143,0.3138,0.9415
2025-06-06,1.0,0.0,0.0,1,1.8404,2.0902,2.6556,0.6135,1.8404
2025-06-09,1.0,0.0,0.0,1,-0.398,-0.4052,-0.5019,-0.1327,-0.398
2025-06-10,1.0,0.0,0.0,1,-1.029,-0.9422,-0.8249,-0.343,-1.029
2025-06-11,1.0,0.0,0.0,1,0.13,-0.2989,-0.309,0.0433,0.13
2025-06-12,1.0,0.0,0.0,1,0.1878,-0.963,-0.5133,0.0626,0.1878
2025-06-13,1.0,0.0,0.0,1,0.2701,0.6687,0.8982,0.09,0.2701
2025-06-16,1.0,0.0,0.0,1,1.9544,2.142,2.4058,0.6515,1.9544
2025-06-17,1.0,0.0,0.0,1,-0.6039,-0.2179,-0.1596,-0.2013,-0.6039
2025-06-18,1.0,0.0,0.0,1,-2.4141,-2.4715,-2.5202,-0.8047,-2.4141
2025-06-20,1.0,0.0,0.0,1,0.492,0.6594,1.1881,0.164,0.492
2025-06-23,1.0,0.0,0.0,1,-1.2502,-1.8746,-1.4501,-0.4167,-1.2502
2025-06-24,1.0,0.0,0.0,1,1.0756,0.1514,0.403,0.3585,1.0756
2025-06-25,1.0,0.0,0.0,1,1.3884,1.2096,1.3513,0.4628,1.3884
2025-06-26,1.0,0.0,0.0,1,-1.5006,-1.8486,-1.6433,-0.5002,-1.5006
2025-06-27,1.0,0.0,0.0,1,-0.5134,-0.8413,-0.6351,-0.1711,-0.5134
2025-06-30,1.0,0.0,0.0,1,0.6415,-0.0557,0.1422,0.2138,0.6415
2025-07-01,0.5,0.0,0.0,1,0.9534,0.6949,0.674,0.1589,0.4767
2025-07-02,0.5,0.0,0.0,1,0.9828,1.0863,1.0701,0.1638,0.4914
2025-07-03,0.5,0.0,0.0,1,-0.0245,0.3039,0.7808,-0.0041,-0.0122
2025-07-04,0.5,0.0,0.0,1,-0.4351,-0.4426,-0.5617,-0.0725,-0.2175
2025-07-07,0.5,0.0,0.0,1,-0.3906,0.0008,0.5704,-0.0651,-0.1953
2025-07-08,0.5,0.0,0.0,1,-0.3318,-0.493,0.322,-0.0553,-0.1659
2025-07-09,0.5,0.0,0.0,1,1.8899,1.5135,1.3799,0.315,0.9449
2025-07-10,0.5,0.0,0.0,1,4.4225,4.9216,4.5468,0.7371,2.2112
2025-07-11,0.5,0.0,0.0,1,-0.5533,-0.5446,0.1313,-0.0922,-0.2767
2025-07-14,0.5,0.0,0.0,1,-1.6328,-1.4995,-1.3009,-0.2721,-0.8164
2025-07-15,0.5,0.0,0.0,1,0.0502,0.4954,0.7062,0.0084,0.0251
2025-07-16,0.5,0.0,0.0,1,0.5363,0.4736,0.024,0.0894,0.2681
2025-07-17,0.5,0.0,0.0,1,0.4388,0.6846,0.7367,0.0731,0.2194
2025-07-18,0.5,0.0,0.0,1,2.2971,2.0805,2.2895,0.3828,1.1485
2025-07-21,0.5,0.0,0.0,1,0.5601,0.1715,-0.1323,0.0933,0.28
2025-07-22,0.5,0.0,0.0,1,-0.1068,-0.6643,-0.5297,-0.0178,-0.0534
2025-07-23,0.5,0.0,0.0,1,-0.6543,-0.8525,-0.9494,-0.1091,-0.3272
2025-07-24,0.5,0.0,0.0,1,-2.1886,-1.8399,-1.7501,-0.3648,-1.0943
2025-07-25,0.5,0.0,0.0,1,-0.3694,-0.3068,0.1782,-0.0616,-0.1847
2025-07-28,0.5,0.0,0.0,1,0.1525,1.1259,0.6038,0.0254,0.0763
2025-07-29,0.0,0.5,0.5,2,-1.3601,-1.0691,-1.3847,-0.409,-0.6801
2025-07-30,0.0,0.5,0.5,2,-2.6993,-1.7643,-2.1854,-0.6583,-1.3496
2025-07-31,0.0,0.5,0.5,2,0.6429,0.7283,1.6856,0.4023,0.3215
2025-08-01,0.0,1.0,1.0,2,1.1009,-0.1276,-1.1984,-0.442,1.1009
2025-08-04,0.0,1.0,0.0,1,1.3309,1.7191,0.9527,0.573,1.3309
2025-08-05,1.0,0.0,0.0,1,0.2096,0.1885,0.7332,0.0699,0.2096
2025-08-06,1.0,1.0,0.0,2,1.038,0.929,0.7867,0.6557,1.038
2025-08-07,1.0,1.0,0.0,2,0.6788,0.6338,0.4353,0.4375,0.6788
2025-08-08,1.0,0.0,0.0,1,-1.9653,-1.7487,-1.4131,-0.6551,-1.9653
2025-08-11,1.0,1.0,0.0,2,0.6293,1.1689,0.9434,0.5994,0.6293
2025-08-12,1.0,1.0,0.0,2,1.5832,0.8749,1.3315,0.8194,1.5832
2025-08-13,1.0,0.0,0.0,1,-1.3429,-1.5167,-1.7689,-0.4476,-1.3429
2025-08-14,1.0,0.0,0.0,1,-0.2317,0.1155,0.1555,-0.0772,-0.2317
2025-08-15,1.0,0.0,0.0,1,0.1504,0.0363,-0.1391,0.0501,0.1504
2025-08-18,1.0,0.0,0.0,1,-1.8181,-1.7195,-1.3834,-0.606,-1.8181
2025-08-19,1.0,0.0,0.0,1,1.1916,1.2367,1.065,0.3972,1.1916
2025-08-20,1.0,1.0,0.0,2,0.854,0.4008,0.572,0.4183,0.854
2025-08-21,0.0,1.0,0.0,1,2.5666,3.1444,3.3102,1.0481,2.5666
2025-08-22,0.0,1.0,0.0,1,-0.8358,-1.6219,-1.6184,-0.5406,-0.8358
2025-08-25,1.0,0.0,0.0,1,-0.2456,0.2406,0.1657,-0.0819,-0.2456
2025-08-26,1.0,0.0,0.0,1,0.2773,-0.0224,0.0331,0.0924,0.2773
2025-08-27,1.0,0.0,0.0,1,1.2949,1.0101,1.1946,0.4316,1.2949
2025-08-28,1.0,0.0,0.0,1,2.5772,2.5887,2.2109,0.8591,2.5772
2025-08-29,1.0,0.0,0.0,1,2.1667,1.9831,2.3713,0.7222,2.1667
2025-09-02,0.5,0.0,0.0,1,1.1468,1.7965,2.1536,0.1911,0.5734
2025-09-03,0.5,0.0,0.0,1,-1.5189,-1.7012,-1.8955,-0.2532,-0.7595
2025-09-04,0.5,0.0,0.0,1,0.3984,0.5646,0.6664,0.0664,0.1992
2025-09-05,0.5,0.0,0.0,1,0.857,0.1116,0.8359,0.1428,0.4285
2025-09-08,0.5,0.0,0.0,1,-1.3228,-2.1094,-1.9747,-0.2205,-0.6614
2025-09-09,0.5,0.0,0.0,1,0.6238,1.1937,0.6429,0.104,0.3119
2025-09-10,0.5,0.0,0.0,1,1.3712,1.5453,1.3299,0.2285,0.6856
2025-09-11,0.5,0.0,0.0,1,1.6548,1.3086,1.5803,0.2758,0.8274
2025-09-12,0.5,0.0,0.0,1,0.3067,0.4012,0.6078,0.0511,0.1533
2025-09-15,0.5,0.0,0.0,1,-0.1082,-0.364,-0.2847,-0.018,-0.0541
2025-09-16,0.5,0.0,0.0,1,-1.7636,-2.8452,-2.4247,-0.2939,-0.8818
2025-09-17,0.5,0.0,0.0,1,-0.036,0.2731,0.2904,-0.006,-0.018
2025-09-18,0.5,0.0,0.0,1,1.9877,2.5271,2.7209,0.3313,0.9938
2025-09-19,0.5,0.0,0.0,1,2.9693,3.4526,3.0723,0.4949,1.4846
2025-09-22,0.5,0.0,0.0,1,0.8973,0.4107,0.6452,0.1495,0.4486
2025-09-23,0.5,0.0,0.0,1,-0.9391,-1.0591,-1.0142,-0.1565,-0.4695
2025-09-24,0.5,0.0,0.0,1,2.1016,2.5183,2.8887,0.3503,1.0508
2025-09-25,0.5,0.0,0.0,1,3.4096,4.1097,4.1813,0.5683,1.7048
2025-09-26,0.5,0.0,0.0,1,0.8459,0.5232,0.5391,0.141,0.423
2025-09-29,0.5,0.0,0.0,1,-0.7702,-0.805,-1.3082,-0.1284,-0.3851
2025-09-30,0.5,0.0,0.0,1,2.242,2.1138,1.8306,0.3737,1.121
2025-10-01,1.0,0.0,0.0,1,-2.7279,-2.6411,-3.3286,-0.9093,-2.7279
2025-10-02,1.0,0.0,0.0,1,3.4717,3.486,3.5189,1.1572,3.4717
2025-10-03,1.0,0.0,0.0,1,1.019,1.0405,2.705,0.3397,1.019
2025-10-06,1.0,0.0,0.0,1,-1.878,-2.1587,-1.4025,-0.626,-1.878
2025-10-07,1.0,0.0,0.0,1,3.1306,3.6081,4.3106,1.0435,3.1306
2025-10-08,1.0,0.0,1.0,2,-3.7118,-3.3609,-3.3135,-2.3417,-3.7118
2025-10-09,0.0,0.0,1.0,1,0.1878,0.7716,0.3749,0.125,0.1878
2025-10-10,0.0,1.0,1.0,2,6.8005,6.2904,6.1658,4.1521,6.8005
2025-10-13,0.0,0.0,1.0,1,0.367,0.6135,0.6166,0.2055,0.367
2025-10-14,0.0,0.0,1.0,1,1.5085,1.1602,1.0404,0.3468,1.5085
2025-10-15,0.0,1.0,1.0,2,3.8181,3.173,3.3001,2.1577,3.8181
2025-10-16,0.0,0.0,1.0,1,-5.9578,-6.515,-6.4898,-2.1633,-5.9578
2025-10-17,0.0,0.0,0.0,0,2.5168,2.7447,3.0495,0.0,2.5168
2025-10-20,1.0,0.0,0.0,1,-7.1774,-7.3166,-7.2549,-2.3925,-7.1774
2025-10-21,1.0,0.0,0.0,1,0.0232,0.566,0.7655,0.0077,0.0232
2025-10-22,0.0,0.0,1.0,1,2.1512,2.073,2.1923,0.7308,2.1512
2025-10-23,1.0,0.0,0.0,1,-0.2166,-0.3432,0.209,-0.0722,-0.2166
2025-10-24,1.0,0.0,0.0,1,-3.7518,-3.6344,-3.4623,-1.2506,-3.7518
2025-10-27,1.0,0.0,1.0,2,1.2091,1.0261,0.9651,0.7248,1.2091
2025-10-28,1.0,0.0,1.0,2,1.2647,1.0379,0.6274,0.6307,1.2647
2025-10-29,1.0,0.0,1.0,2,1.4815,2.3737,2.1443,1.2086,1.4815
2025-10-30,1.0,0.0,1.0,2,-0.8962,-0.6744,-0.1318,-0.3426,-0.8962
2025-10-31,0.0,0.0,1.0,1,-0.2209,0.1912,-0.0296,-0.0099,-0.2209
2025-11-03,0.0,0.0,1.0,1,-1.5829,-1.1879,-1.5771,-0.5257,-1.5829
2025-11-04,0.0,1.0,1.0,2,1.5553,1.8317,1.1292,0.987,1.5553
2025-11-05,0.0,1.0,0.0,1,-0.1442,-0.2181,0.1914,-0.0727,-0.1442
2025-11-06,0.0,0.0,0.0,0,0.4666,-0.0086,-0.267,0.0,0.4666
2025-11-07,1.0,0.0,0.0,1,4.4984,4.6527,5.0921,1.4995,4.4984
2025-11-10,1.0,0.0,0.0,1,0.8789,0.6377,1.0947,0.293,0.8789
2025-11-11,1.0,0.0,0.0,1,5.3617,4.7297,5.3132,1.7872,5.3617
2025-11-12,1.0,0.0,0.0,1,-0.4838,-0.7959,-0.0717,-0.1613,-0.4838
2025-11-13,1.0,0.0,1.0,2,-4.6803,-5.2239,-4.7295,-3.1366,-4.6803
2025-11-14,1.0,0.0,1.0,2,0.0692,0.1966,0.0381,0.0358,0.0692
2025-11-17,1.0,0.0,1.0,2,-0.3457,-0.0998,0.0978,-0.0826,-0.3457
2025-11-18,1.0,0.0,1.0,2,0.6739,1.1746,0.8522,0.5087,0.6739
2025-11-19,1.0,0.0,1.0,2,-1.0691,-0.4237,-0.1507,-0.4066,-1.0691
2025-11-20,0.0,0.0,1.0,1,-0.7443,-0.7369,-0.506,-0.1687,-0.7443
2025-11-21,0.0,1.0,1.0,2,0.8461,1.2455,0.4097,0.5518,0.8461
2025-11-24,0.0,1.0,0.0,1,1.2705,1.263,1.4327,0.421,1.2705
2025-11-25,0.0,1.0,1.0,2,3.8913,3.8104,3.422,2.4108,3.8913
2025-11-26,0.0,1.0,1.0,2,6.6709,6.2247,6.7078,4.3108,6.6709
2025-11-28,1.0,0.0,0.0,1,3.4936,3.3315,3.2579,1.1645,3.4936
2025-12-01,1.0,0.0,0.0,1,-0.7446,-0.589,-0.9808,-0.2482,-0.7446
2025-12-02,1.0,0.0,0.0,1,-0.1069,-0.323,0.0536,-0.0356,-0.1069
2025-12-03,1.0,0.0,0.0,1,-1.8543,-2.2332,-2.2952,-0.6181,-1.8543
2025-12-04,1.0,0.0,0.0,1,2.7706,3.2872,2.7938,0.9235,2.7706
2025-12-05,1.0,0.0,0.0,1,-1.1006,-0.969,-0.9744,-0.3669,-1.1006
2025-12-08,1.0,0.0,0.0,1,4.1364,4.3678,4.4743,1.3788,4.1364
2025-12-09,1.0,0.0,0.0,1,0.349,0.2572,0.9891,0.1163,0.349
2025-12-10,1.0,0.0,0.0,1,5.8795,5.0229,5.172,1.9598,5.8795
2025-12-11,1.0,0.0,0.0,1,-4.0154,-4.5665,-4.1528,-1.3385,-4.0154
2025-12-12,1.0,0.0,0.0,1,2.5716,2.7458,2.7833,0.8572,2.5716
2025-12-15,1.0,0.0,0.0,1,-0.3813,-0.3976,-0.9392,-0.1271,-0.3813
2025-12-16,1.0,0.0,0.0,1,5.6411,5.5336,5.4796,1.8804,5.6411
2025-12-17,1.0,0.0,0.0,1,-2.4835,-2.4835,-2.0318,-0.8278,-2.4835
2025-12-18,1.0,0.0,0.0,1,3.488,3.3332,3.5486,1.1627,3.488
2025-12-19,1.0,0.0,0.0,1,1.5872,1.8201,2.9519,0.5291,1.5872
2025-12-22,1.0,0.0,0.0,1,3.7979,3.224,3.2719,1.266,3.7979
2025-12-23,1.0,0.0,0.0,1,0.7746,0.2678,0.3243,0.2582,0.7746
2025-12-24,1.0,0.0,0.0,1,7.6797,7.7618,7.6205,2.5599,7.6797
2025-12-26,1.0,0.0,0.0,1,-8.6682,-8.5303,-8.45,-2.8894,-8.6682
2025-12-29,1.0,0.0,0.0,1,10.7621,10.6863,10.4436,3.5874,10.7621
2025-12-30,1.0,0.0,0.0,1,-9.3571,-9.0124,-9.1248,-3.119,-9.3571
2025-12-31,1.0,0.0,0.0,1,0.6017,0.6436,0.8062,0.2006,0.6017
2026-01-02,1.0,0.0,0.0,1,7.9483,8.135,8.126,2.6494,7.9483
2026-01-05,1.0,0.0,0.0,1,5.7324,5.5591,5.4879,1.9108,5.7324
2026-01-06,1.0,0.0,0.0,1,-4.2158,-3.8047,-4.1828,-1.4053,-4.2158
2026-01-07,1.0,0.0,0.0,1,-3.1361,-2.8743,-3.1045,-1.0454,-3.1361
2026-01-08,1.0,0.0,0.0,1,5.5785,5.7585,5.6788,1.8595,5.5785
2026-01-09,1.0,0.0,0.0,1,7.2588,7.5965,8.1264,2.4196,7.2588
2026-01-12,1.0,0.0,0.0,1,1.4975,0.9699,1.3928,0.4992,1.4975
2026-01-13,1.0,0.0,0.0,1,5.813,6.2973,6.612,1.9377,5.813
2026-01-14,1.0,0.0,0.0,1,1.1082,0.9454,0.6146,0.3694,1.1082
2026-01-15,1.0,0.0,0.0,1,-4.1197,-3.6761,-4.0023,-1.3732,-4.1197
2026-01-16,1.0,0.0,1.0,2,6.9417,6.2056,6.6592,4.5336,6.9417
2026-01-20,1.0,0.0,0.0,1,-2.1188,-3.148,-2.128,-0.7063,-2.1188
2026-01-21,1.0,0.0,0.0,1,4.0842,4.9925,4.2776,1.3614,4.0842
2026-01-22,1.0,0.0,0.0,1,5.1565,4.1807,5.1864,1.7188,5.1565
2026-01-23,1.0,0.0,0.0,1,14.0253,12.4168,11.6261,4.6751,14.0253
2026-01-26,1.0,0.0,0.0,1,-8.3047,-8.3789,-8.7951,-2.7682,-8.3047
2026-01-27,1.0,0.0,0.0,1,7.1908,5.2546,5.8831,2.3969,7.1908
2026-01-28,1.0,0.0,0.0,1,0.8187,1.1542,1.2439,0.2729,0.8187
2026-01-29,1.0,0.0,0.0,1,-31.3468,-31.4661,-31.3172,-10.4489,-31.3468
2026-01-30,1.0,0.0,0.0,1,-1.9313,-0.7574,-0.6251,-0.6438,-1.9313
2026-02-02,1.0,0.0,0.0,1,8.1586,8.9206,8.3265,2.7195,8.1586
2026-02-03,1.0,0.0,0.0,1,1.3523,0.9295,1.5845,0.4508,1.3523
2026-02-04,1.0,0.0,0.0,1,-9.0727,-8.891,-8.4202,-3.0242,-9.0727
2026-02-05,1.0,0.0,0.0,1,0.2692,0.3195,0.1842,0.0897,0.2692
2026-02-06,1.0,0.0,0.0,1,6.946,6.6888,7.2598,2.3153,6.946
2026-02-09,1.0,0.0,0.0,1,-2.2507,-3.3481,-2.9419,-0.7502,-2.2507
2026-02-10,1.0,0.0,0.0,1,4.408,4.6053,3.3046,1.4693,4.408
2026-02-11,1.0,0.0,0.0,1,-9.8001,-9.4985,-10.5084,-3.2667,-9.8001
2026-02-12,1.0,0.0,0.0,1,3.0511,2.8386,2.7499,1.017,3.0511
2026-02-13,1.0,0.0,0.0,1,-5.657,-5.6508,-5.1705,-1.8857,-5.657
2026-02-17,1.0,0.0,0.0,1,5.5305,5.6128,5.2145,1.8435,5.5305
2026-02-18,1.0,0.0,0.0,1,0.0722,0.3321,1.0811,0.0241,0.0722
2026-02-19,1.0,0.0,0.0,1,6.0826,6.514,6.4029,2.0275,6.0826
2026-02-20,1.0,0.0,0.0,1,5.153,4.6593,4.5966,1.7177,5.153
2026-02-23,1.0,0.0,0.0,1,1.0795,1.4109,1.2733,0.3598,1.0795
2026-02-24,1.0,0.0,0.0,1,3.9814,3.9142,4.8186,1.3271,3.9814
2026-02-25,1.0,1.0,0.0,2,-4.3337,-4.5303,-4.1373,-2.9546,-4.3337
2026-02-26,1.0,0.0,0.0,1,8.491,8.6442,8.2542,2.8303,8.491
