date,long_pair,weak_currency,weak_strength,long_return_pct,short_pair,strong_currency,strong_strength,short_return_pct,xagusd_return_pct
2021-03-29,XAGNZD,NZD,-3.8111,-2.7471,XAGUSD,USD,2.1197,2.5296,-2.5296
2021-03-30,XAGNZD,NZD,-3.6358,1.8932,XAGUSD,USD,1.9664,-1.6417,1.6417
2021-03-31,XAGNZD,NZD,-4.1213,1.8337,XAGUSD,USD,2.4994,-1.7049,1.7049
2021-04-01,XAGNZD,NZD,-3.4338,0.0,XAGUSD,USD,2.067,0.0,0.0
2021-04-02,XAGNZD,NZD,-2.1355,0.0,XAGUSD,USD,1.1691,0.0,0.0
2021-04-05,XAGNZD,NZD,-2.0545,1.3006,XAGUSD,USD,1.0705,-1.8132,1.8132
2021-04-06,XAGJPY,JPY,-1.2724,-0.28,XAGGBP,GBP,1.1314,-0.6821,0.0833
2021-04-07,XAGNZD,NZD,-1.6141,2.0581,XAGCAD,CAD,0.5671,-1.6645,1.3316
2021-04-08,XAGNZD,NZD,-2.4855,-1.6832,XAGUSD,USD,1.001,1.009,-1.009
2021-04-09,XAGNZD,NZD,-2.2971,-1.5072,XAGUSD,USD,1.0383,1.8095,-1.8095
2021-04-12,XAGNZD,NZD,-2.0521,2.3773,XAGUSD,USD,0.9122,-2.2693,2.2693
2021-04-13,XAGNZD,NZD,-2.3755,-0.0239,XAGUSD,USD,0.77,-0.3856,0.3856
2021-04-14,XAGNZD,NZD,-1.8324,0.6057,XAGEUR,EUR,0.7504,-1.4572,1.7284
2021-04-15,XAGNZD,NZD,-1.5337,0.0505,XAGUSD,USD,0.7308,-0.5509,0.5509
2021-04-16,XAGGBP,GBP,-1.2282,-1.2629,XAGEUR,EUR,0.7037,1.0079,-1.0269
2021-04-19,XAGGBP,GBP,-0.3901,-1.238,XAGCHF,CHF,1.0204,0.6201,0.0155
2021-04-20,XAGUSD,USD,-0.6445,2.8256,XAGCHF,CHF,0.9207,-2.9605,2.8256
2021-04-21,XAGUSD,USD,-1.3419,-1.4719,XAGNZD,NZD,2.5072,2.0042,-1.4719
2021-04-22,XAGUSD,USD,-1.7897,-0.3706,XAGNZD,NZD,3.3702,-0.3272,-0.3706
2021-04-23,XAGUSD,USD,-1.5863,0.5139,XAGNZD,NZD,2.6764,0.009,0.5139
2021-04-26,XAGUSD,USD,-1.7945,0.7669,XAGNZD,NZD,2.8256,-0.232,0.7669
2021-04-27,XAGUSD,USD,-2.0498,-1.2532,XAGNZD,NZD,3.1436,0.8984,-1.2532
2021-04-28,XAGUSD,USD,-2.209,-0.1074,XAGNZD,NZD,3.0286,1.0524,-0.1074
2021-04-29,XAGUSD,USD,-2.7738,-0.7677,XAGNZD,NZD,4.1443,0.4168,-0.7677
2021-04-30,XAGUSD,USD,-2.3222,4.2161,XAGCHF,CHF,3.5145,-4.6633,4.2161
2021-05-03,XAGUSD,USD,-1.7216,-1.4995,XAGCHF,CHF,3.0892,1.6462,-1.4995
2021-05-04,XAGUSD,USD,-1.5261,-0.1394,XAGCHF,CHF,2.6174,-0.0644,-0.1394
2021-05-05,XAGUSD,USD,-1.1603,3.6224,XAGCAD,CAD,2.1573,-3.3435,3.6224
2021-05-06,XAGUSD,USD,-1.7337,0.0,XAGNZD,NZD,2.9354,0.1884,0.0
2021-05-07,XAGUSD,USD,-1.697,0.0619,XAGCAD,CAD,3.2494,0.2674,0.0619
2021-05-10,XAGUSD,USD,-2.6285,0.6478,XAGNZD,NZD,3.64,-0.9907,0.6478
2021-05-11,XAGUSD,USD,-2.4793,-1.5403,XAGCAD,CAD,3.7049,1.5183,-1.5403
2021-05-12,XAGUSD,USD,-2.1662,-0.6867,XAGCAD,CAD,3.5152,0.488,-0.6867
2021-05-13,XAGJPY,JPY,-1.665,1.0061,XAGCAD,CAD,3.1669,-1.5406,1.1426
2021-05-14,XAGJPY,JPY,-1.7038,3.2178,XAGCAD,CAD,2.9927,-2.8294,3.3159
2021-05-17,XAGJPY,JPY,-1.8349,0.0354,XAGCAD,CAD,3.2482,0.2184,0.1911
2021-05-18,XAGJPY,JPY,-1.7587,-1.4194,XAGCAD,CAD,3.6752,0.9889,-1.0807
2021-05-19,XAGJPY,JPY,-1.8101,0.5297,XAGCAD,CAD,4.2723,-0.6516,0.1571
2021-05-20,XAGJPY,JPY,-1.9308,-2.4342,XAGCAD,CAD,2.9703,2.6275,-2.064
2021-05-21,XAGJPY,JPY,-2.2485,1.5619,XAGCAD,CAD,3.5224,-1.5448,1.5069
2021-05-24,XAGJPY,JPY,-1.8967,0.4751,XAGCAD,CAD,3.3681,-0.3946,0.5379
2021-05-25,XAGJPY,JPY,-1.5942,-0.701,XAGCAD,CAD,2.7928,0.5392,-0.6563
2021-05-26,XAGUSD,USD,-1.119,0.237,XAGCAD,CAD,2.7583,-0.7862,0.237
2021-05-27,XAGJPY,JPY,-1.1559,0.8519,XAGCAD,CAD,1.4046,0.2301,0.2651
2021-05-28,XAGJPY,JPY,-1.6263,0.0,XAGGBP,GBP,1.8954,0.0,0.0
2021-05-31,XAGJPY,JPY,-1.9047,0.0,XAGGBP,GBP,2.3906,0.0,0.0
2021-06-01,XAGJPY,JPY,-1.6398,0.3668,XAGGBP,GBP,1.9635,-0.8608,0.3668
2021-06-02,XAGJPY,JPY,-1.3596,-2.485,XAGCAD,CAD,1.8796,2.826,-2.5758
2021-06-03,XAGJPY,JPY,-1.5407,2.1475,XAGCAD,CAD,1.8676,-2.1078,1.5259
2021-06-04,XAGJPY,JPY,-1.8209,-0.1535,XAGGBP,GBP,1.7148,-0.0521,0.4376
2021-06-07,XAGAUD,AUD,-1.4607,-1.1783,XAGGBP,GBP,1.2089,1.1069,-1.0214
2021-06-08,XAGAUD,AUD,-1.055,1.2261,XAGEUR,EUR,0.4358,-1.1466,0.9742
2021-06-09,XAGAUD,AUD,-1.2898,0.2043,XAGCHF,CHF,0.7789,0.0268,0.1072
2021-06-10,XAGUSD,USD,-0.4005,0.4141,XAGCHF,CHF,1.4308,-0.3076,0.4141
2021-06-11,XAGUSD,USD,-0.5676,-0.3804,XAGCHF,CHF,1.2462,0.0394,-0.3804
2021-06-14,XAGNZD,NZD,-1.4485,-1.2974,XAGUSD,USD,0.4035,1.2311,-1.2311
2021-06-15,XAGNZD,NZD,-1.0437,0.7371,XAGUSD,USD,0.474,-0.4371,0.4371
2021-06-16,XAGNZD,NZD,-1.5954,-6.3612,XAGUSD,USD,0.9489,7.036,-7.036
2021-06-17,XAGAUD,AUD,-1.3416,1.2363,XAGUSD,USD,1.1375,-0.4411,0.4411
2021-06-18,XAGAUD,AUD,-2.7426,0.9261,XAGUSD,USD,2.2158,-0.2196,0.2196
2021-06-21,XAGCAD,CAD,-3.1731,-1.2796,XAGUSD,USD,2.5769,0.6419,-0.6419
2021-06-22,XAGNZD,NZD,-3.1669,0.55,XAGUSD,USD,2.3607,-1.0059,1.0059
2021-06-23,XAGNZD,NZD,-2.857,-0.6243,XAGUSD,USD,2.235,0.2336,-0.2336
2021-06-24,XAGNZD,NZD,-3.1973,-0.1154,XAGUSD,USD,1.9859,-0.1344,0.1344
2021-06-25,XAGNZD,NZD,-3.035,0.4391,XAGUSD,USD,2.1048,-0.5214,0.5214
2021-06-28,XAGNZD,NZD,-2.4013,-1.0386,XAGUSD,USD,1.7696,1.3197,-1.3197
2021-06-29,XAGNZD,NZD,-3.1382,1.9877,XAGUSD,USD,2.2813,-1.1325,1.1325
2021-06-30,XAGNZD,NZD,-3.633,-0.4419,XAGUSD,USD,2.556,0.344,-0.344
2021-07-01,XAGNZD,NZD,-3.2738,2.0381,XAGUSD,USD,2.7269,-1.557,1.557
2021-07-02,XAGCAD,CAD,-2.7563,0.0,XAGUSD,USD,2.3518,0.0,0.0
2021-07-05,XAGAUD,AUD,-2.9107,0.0,XAGUSD,USD,2.3385,0.0,0.0
2021-07-06,XAGAUD,AUD,-2.7499,0.4712,XAGUSD,USD,2.3504,0.1682,-0.1682
2021-07-07,XAGAUD,AUD,-3.1278,-0.407,XAGUSD,USD,2.5469,0.5477,-0.5477
2021-07-08,XAGCHF,CHF,-3.3274,-0.2231,XAGUSD,USD,2.5811,-0.9397,0.9397
2021-07-09,XAGAUD,AUD,-4.0618,-0.7355,XAGUSD,USD,2.7071,-0.0229,0.0229
2021-07-12,XAGAUD,AUD,-2.8387,-0.2682,XAGUSD,USD,1.8388,0.3891,-0.3891
2021-07-13,XAGAUD,AUD,-2.9954,1.0283,XAGUSD,USD,1.9304,-0.5016,0.5016
2021-07-14,XAGAUD,AUD,-3.1774,-0.0241,XAGUSD,USD,2.2878,-0.4915,0.4915
2021-07-15,XAGCAD,CAD,-1.9343,-1.6933,XAGJPY,JPY,1.4707,2.4504,-2.2673
2021-07-16,XAGCAD,CAD,-1.9749,-2.3095,XAGJPY,JPY,1.0384,2.4403,-2.5255
2021-07-19,XAGAUD,AUD,-1.5058,0.1086,XAGNZD,NZD,0.6582,-0.2499,-0.593
2021-07-20,XAGCAD,CAD,-3.0396,0.4829,XAGJPY,JPY,1.6932,-1.4011,1.045
2021-07-21,XAGCAD,CAD,-2.9659,-0.3389,XAGJPY,JPY,1.8383,-0.8095,0.5032
2021-07-22,XAGAUD,AUD,-2.9285,-0.9551,XAGJPY,JPY,1.659,0.6832,-0.5795
2021-07-23,XAGAUD,AUD,-2.6586,0.4725,XAGJPY,JPY,1.4742,-0.6733,0.3053
2021-07-26,XAGAUD,AUD,-2.9859,-2.8851,XAGUSD,USD,1.2706,2.6211,-2.6211
2021-07-27,XAGAUD,AUD,-2.3803,1.2091,XAGUSD,USD,0.7611,-0.9094,0.9094
2021-07-28,XAGAUD,AUD,-1.9595,3.5023,XAGJPY,JPY,0.7812,-3.7333,3.653
2021-07-29,XAGAUD,AUD,-1.6085,-1.1705,XAGCHF,CHF,1.6704,1.3278,-0.916
2021-07-30,XAGAUD,AUD,-0.9337,0.8471,XAGCHF,CHF,2.1795,-0.1346,0.1136
2021-08-02,XAGAUD,AUD,-2.3448,-0.2134,XAGCHF,CHF,1.7025,0.0355,0.0352
2021-08-03,XAGAUD,AUD,-2.4182,-0.9565,XAGCHF,CHF,1.8252,0.6288,-0.4694
2021-08-04,XAGAUD,AUD,-1.3102,-0.4785,XAGCHF,CHF,2.2549,0.3806,-0.6641
2021-08-05,XAGAUD,AUD,-1.355,-4.0775,XAGCHF,CHF,2.0532,3.8071,-3.8177
2021-08-06,XAGEUR,EUR,-0.4494,-3.6457,XAGNZD,NZD,1.4308,3.5925,-4.3477
2021-08-09,XAGAUD,AUD,-2.0326,0.6183,XAGUSD,USD,0.6694,-0.5246,0.5246
2021-08-10,XAGAUD,AUD,-2.005,0.24,XAGUSD,USD,0.6877,-0.4149,0.4149
2021-08-11,XAGAUD,AUD,-1.3195,-1.9762,XAGNZD,NZD,0.8982,2.0657,-1.572
2021-08-12,XAGAUD,AUD,-1.421,3.3262,XAGUSD,USD,0.4446,-2.8695,2.8695
2021-08-13,XAGAUD,AUD,-1.098,-0.2786,XAGCAD,CAD,0.5481,-0.0185,0.0505
2021-08-16,XAGEUR,EUR,-0.4729,-0.4308,XAGCAD,CAD,0.7997,0.1292,-0.5551
2021-08-17,XAGUSD,USD,-0.6798,-0.998,XAGCAD,CAD,1.384,0.5498,-0.998
2021-08-18,XAGAUD,AUD,-1.1352,-0.4827,XAGGBP,GBP,0.868,0.8446,-0.8201
2021-08-19,XAGAUD,AUD,-1.6541,0.6855,XAGJPY,JPY,0.548,0.5623,-0.4953
2021-08-20,XAGAUD,AUD,-3.1746,2.4463,XAGUSD,USD,1.3001,-2.3545,2.3545
2021-08-23,XAGAUD,AUD,-3.1001,0.041,XAGJPY,JPY,1.1793,-0.8701,1.0191
2021-08-24,XAGAUD,AUD,-2.4181,-1.0362,XAGJPY,JPY,0.983,0.4509,-0.4981
2021-08-25,XAGAUD,AUD,-1.5961,-1.325,XAGJPY,JPY,0.6406,0.7245,-0.9465
2021-08-26,XAGAUD,AUD,-1.3623,2.7222,XAGUSD,USD,0.5548,-2.183,2.183
2021-08-27,XAGAUD,AUD,-2.1322,-1.4717,XAGUSD,USD,1.4172,0.4156,-0.4156
2021-08-30,XAGCAD,CAD,-1.1575,-0.0167,XAGNZD,NZD,0.5373,-0.2027,0.0
2021-08-31,XAGCHF,CHF,-1.3156,0.6988,XAGUSD,USD,0.7411,-0.9057,0.9057
2021-09-01,XAGCHF,CHF,-1.2702,-1.2257,XAGUSD,USD,0.7958,1.2491,-1.2491
2021-09-02,XAGCHF,CHF,-1.0058,3.5988,XAGEUR,EUR,0.4879,-3.4045,3.7152
2021-09-03,XAGCHF,CHF,-0.8814,0.0,XAGNZD,NZD,0.8824,0.0,0.0
2021-09-06,XAGUSD,USD,-0.8268,0.0,XAGNZD,NZD,2.2679,0.0,0.0
2021-09-07,XAGUSD,USD,-0.8544,-1.3233,XAGNZD,NZD,2.0682,0.781,-1.3233
2021-09-08,XAGCAD,CAD,-1.0177,0.8822,XAGNZD,NZD,1.3003,-0.4939,0.5039
2021-09-09,XAGCAD,CAD,-1.4968,-1.3965,XAGEUR,EUR,0.8604,1.209,-1.1519
2021-09-10,XAGCAD,CAD,-1.139,-0.2947,XAGNZD,NZD,1.426,0.5882,-0.4276
2021-09-13,XAGCAD,CAD,-1.3063,0.1253,XAGNZD,NZD,1.0903,-0.4026,0.3747
2021-09-14,XAGCHF,CHF,-1.0411,-0.5556,XAGNZD,NZD,1.2251,0.083,-0.3481
2021-09-15,XAGJPY,JPY,-0.5932,-4.5316,XAGNZD,NZD,2.4225,4.7256,-4.2384
2021-09-16,XAGUSD,USD,-1.0815,-2.0086,XAGNZD,NZD,3.7457,1.1618,-2.0086
2021-09-17,XAGUSD,USD,-1.1452,-0.5921,XAGNZD,NZD,3.6742,0.0647,-0.5921
2021-09-20,XAGCHF,CHF,-1.6268,1.3724,XAGNZD,NZD,2.9675,-2.0806,1.8499
2021-09-21,XAGCHF,CHF,-1.6848,0.8559,XAGNZD,NZD,1.793,-1.6063,1.3113
2021-09-22,XAGCAD,CAD,-1.7847,-1.2621,XAGNZD,NZD,0.8537,0.9032,-0.9926
2021-09-23,XAGCAD,CAD,-1.5665,-2.08,XAGJPY,JPY,0.7386,0.668,-1.1218
2021-09-24,XAGCHF,CHF,-0.7146,1.1983,XAGNZD,NZD,1.7289,-1.9051,1.2015
2021-09-27,XAGCHF,CHF,-1.4563,-0.8821,XAGUSD,USD,0.6467,1.0019,-1.0019
2021-09-28,XAGCHF,CHF,-0.9168,-3.9599,XAGUSD,USD,0.4664,4.329,-4.329
2021-09-29,XAGCHF,CHF,-1.5143,3.1811,XAGUSD,USD,1.1751,-2.6189,2.6189
2021-09-30,XAGNZD,NZD,-2.7387,1.8587,XAGUSD,USD,2.0831,-2.2206,2.2206
2021-10-01,XAGNZD,NZD,-3.0082,-0.1729,XAGUSD,USD,2.125,-0.4798,0.4798
2021-10-04,XAGNZD,NZD,-2.9364,-0.4447,XAGUSD,USD,1.8853,0.1592,-0.1592
2021-10-05,XAGNZD,NZD,-2.4492,-0.2635,XAGUSD,USD,1.5505,0.3366,-0.3366
2021-10-06,XAGNZD,NZD,-1.985,1.1543,XAGUSD,USD,1.1465,-0.5598,0.5598
2021-10-07,XAGNZD,NZD,-2.5706,-0.1153,XAGUSD,USD,1.1523,-0.2077,0.2077
2021-10-08,XAGNZD,NZD,-2.3493,0.067,XAGUSD,USD,1.288,0.172,-0.172
2021-10-11,XAGNZD,NZD,-2.7396,-0.9682,XAGCAD,CAD,1.5411,0.6876,-0.6581
2021-10-12,XAGNZD,NZD,-2.4079,3.1886,XAGCAD,CAD,1.3251,-2.8902,2.9256
2021-10-13,XAGNZD,NZD,-2.3976,0.6476,XAGCAD,CAD,1.6856,-1.007,1.3262
2021-10-14,XAGJPY,JPY,-2.4832,-0.0778,XAGCAD,CAD,1.4368,1.0431,-0.5457
2021-10-15,XAGJPY,JPY,-2.929,0.0645,XAGCAD,CAD,2.4201,0.3716,-0.3644
2021-10-18,XAGJPY,JPY,-3.6422,2.6281,XAGCAD,CAD,3.0578,-2.6507,2.6632
2021-10-19,XAGJPY,JPY,-4.2835,2.5863,XAGCAD,CAD,3.3603,-2.2046,2.3552
2021-10-20,XAGJPY,JPY,-5.0121,-1.2548,XAGCAD,CAD,3.641,1.3588,-1.1218
2021-10-21,XAGJPY,JPY,-4.5801,0.6786,XAGAUD,AUD,3.8886,-1.8546,1.1553
2021-10-22,XAGJPY,JPY,-3.0337,0.421,XAGCAD,CAD,2.3037,-0.5935,0.5854
2021-10-25,XAGJPY,JPY,-2.595,-1.8908,XAGAUD,AUD,2.7934,2.2749,-1.9779
2021-10-26,XAGJPY,JPY,-2.4288,0.801,XAGAUD,AUD,2.9008,-0.1445,0.4276
2021-10-27,XAGJPY,JPY,-2.6921,-0.6574,XAGAUD,AUD,3.7091,0.1351,-0.2977
2021-10-28,XAGJPY,JPY,-2.4078,-0.8528,XAGAUD,AUD,4.4673,1.1199,-0.7132
2021-10-29,XAGJPY,JPY,-3.0731,1.0454,XAGNZD,NZD,4.3256,-0.758,0.497
2021-11-01,XAGJPY,JPY,-3.1001,-2.4651,XAGNZD,NZD,3.3794,2.3809,-2.3437
2021-11-02,XAGJPY,JPY,-2.8893,-1.2803,XAGAUD,AUD,3.1661,0.0831,-1.166
2021-11-03,XAGJPY,JPY,-2.1476,3.0253,XAGNZD,NZD,2.4308,-2.2038,2.9278
2021-11-04,XAGJPY,JPY,-2.8195,0.8227,XAGNZD,NZD,3.7661,-1.9752,1.029
2021-11-05,XAGJPY,JPY,-1.661,1.271,XAGNZD,NZD,2.472,-1.6013,1.5941
2021-11-08,XAGJPY,JPY,-0.7689,-1.1059,XAGNZD,NZD,2.71,1.6504,-0.9129
2021-11-09,XAGUSD,USD,-0.8797,1.8673,XAGNZD,NZD,3.1572,-2.4005,1.8673
2021-11-10,XAGUSD,USD,-0.9739,2.1561,XAGNZD,NZD,2.8822,-3.0005,2.1561
2021-11-11,XAGGBP,GBP,-1.3868,0.5166,XAGNZD,NZD,1.3554,-0.7801,0.17
2021-11-12,XAGGBP,GBP,-1.7514,-1.3085,XAGUSD,USD,0.9722,0.9351,-0.9351
2021-11-15,XAGGBP,GBP,-2.1673,-0.5852,XAGJPY,JPY,1.576,0.5176,-0.6492
2021-11-16,XAGGBP,GBP,-1.7245,0.7722,XAGJPY,JPY,1.6498,-1.5765,0.894
2021-11-17,XAGAUD,AUD,-2.3482,-0.6076,XAGUSD,USD,1.8286,1.0569,-1.0569
2021-11-18,XAGAUD,AUD,-3.2826,-0.6281,XAGUSD,USD,2.0663,0.4859,-0.4859
2021-11-19,XAGAUD,AUD,-2.4746,-1.3078,XAGUSD,USD,1.6387,1.9492,-1.9492
2021-11-22,XAGAUD,AUD,-3.1784,-3.499,XAGUSD,USD,2.1443,3.5478,-3.5478
2021-11-23,XAGAUD,AUD,-3.5206,0.3415,XAGUSD,USD,2.4634,-0.2603,0.2603
2021-11-24,XAGAUD,AUD,-3.8704,0.0,XAGUSD,USD,2.4833,0.0,0.0
2021-11-25,XAGNZD,NZD,-4.0282,0.0,XAGUSD,USD,2.84,0.0,0.0
2021-11-26,XAGNZD,NZD,-4.8746,-1.0716,XAGUSD,USD,3.3807,1.3329,-1.3329
2021-11-29,XAGAUD,AUD,-4.9942,-0.191,XAGUSD,USD,2.5509,0.1491,-0.1491
2021-11-30,XAGAUD,AUD,-4.9823,-1.761,XAGUSD,USD,2.735,2.047,-2.047
2021-12-01,XAGNZD,NZD,-4.2226,0.0733,XAGUSD,USD,2.266,0.0852,-0.0852
2021-12-02,XAGNZD,NZD,-5.0469,0.7704,XAGJPY,JPY,2.8875,-0.8655,0.7406
2021-12-03,XAGAUD,AUD,-4.3395,0.0196,XAGUSD,USD,2.1765,0.9668,-0.9668
2021-12-06,XAGAUD,AUD,-5.111,0.7159,XAGUSD,USD,2.4998,-1.1652,1.1652
2021-12-07,XAGNZD,NZD,-5.7635,-0.9671,XAGUSD,USD,2.8036,0.4314,-0.4314
2021-12-08,XAGNZD,NZD,-4.7578,-2.1763,XAGUSD,USD,2.4281,1.858,-1.858
2021-12-09,XAGNZD,NZD,-3.6581,1.0332,XAGUSD,USD,1.4285,-0.8464,0.8464
2021-12-10,XAGNZD,NZD,-3.2504,0.5839,XAGJPY,JPY,1.3208,-0.6336,0.5866
2021-12-13,XAGNZD,NZD,-3.5114,-1.1701,XAGUSD,USD,1.2964,1.808,-1.808
2021-12-14,XAGNZD,NZD,-4.114,-1.5027,XAGUSD,USD,1.5289,1.7316,-1.7316
2021-12-15,XAGNZD,NZD,-3.6567,3.7595,XAGJPY,JPY,1.6661,-4.7637,4.403
2021-12-16,XAGNZD,NZD,-3.2223,-0.0368,XAGUSD,USD,1.1269,-0.2316,0.2316
2021-12-17,XAGNZD,NZD,-3.4906,-0.0797,XAGJPY,JPY,1.0758,1.1571,-1.0308
2021-12-20,XAGNZD,NZD,-3.7158,1.2972,XAGJPY,JPY,1.1447,-1.1472,1.0191
2021-12-21,XAGNZD,NZD,-3.4029,0.4973,XAGJPY,JPY,1.3407,-1.5846,1.2888
2021-12-22,XAGNZD,NZD,-2.6881,0.021,XAGJPY,JPY,1.1374,-0.722,0.6099
2021-12-23,XAGCAD,CAD,-1.4966,0.0,XAGCHF,CHF,1.5378,0.0,0.0
2021-12-24,XAGCAD,CAD,-1.265,0.0,XAGCHF,CHF,1.7834,0.0,0.0
2021-12-27,XAGJPY,JPY,-0.79,0.9782,XAGAUD,AUD,1.2387,-0.495,0.5744
2021-12-28,XAGJPY,JPY,-1.2939,-1.1543,XAGAUD,AUD,1.2762,1.097,-1.138
2021-12-29,XAGJPY,JPY,-1.6038,0.9415,XAGAUD,AUD,1.5298,-0.4436,0.7878
2021-12-30,XAGJPY,JPY,-2.5141,1.4041,XAGGBP,GBP,2.1478,-1.3059,1.3028
2021-12-31,XAGJPY,JPY,-2.3602,-2.2392,XAGAUD,AUD,2.2856,2.5533,-2.3062
2022-01-03,XAGJPY,JPY,-2.7964,1.2515,XAGAUD,AUD,3.5664,-2.0738,1.0882
2022-01-04,XAGJPY,JPY,-2.264,1.2233,XAGGBP,GBP,2.152,-0.1285,0.4862
2022-01-05,XAGJPY,JPY,-3.0966,-4.2539,XAGGBP,GBP,2.896,4.3871,-4.216
2022-01-06,XAGJPY,JPY,-2.9427,0.7634,XAGGBP,GBP,3.4283,-1.1564,0.9921
2022-01-07,XAGJPY,JPY,-2.9352,0.0185,XAGGBP,GBP,3.0447,0.2005,0.2322
2022-01-10,XAGJPY,JPY,-2.8511,1.3051,XAGGBP,GBP,3.0213,-1.6936,1.6039
2022-01-11,XAGJPY,JPY,-2.5829,1.7744,XAGGBP,GBP,3.1274,-1.3325,1.7276
2022-01-12,XAGJPY,JPY,-2.7532,-0.7617,XAGGBP,GBP,3.1874,0.7525,-0.194
2022-01-13,XAGJPY,JPY,-2.0224,-1.5344,XAGGBP,GBP,3.0518,1.0802,-1.0538
2022-01-14,XAGJPY,JPY,-1.7428,0.0,XAGGBP,GBP,2.6826,0.0,0.0
2022-01-17,XAGJPY,JPY,-2.3205,0.0,XAGGBP,GBP,3.0805,0.0,0.0
2022-01-18,XAGJPY,JPY,-2.3087,3.1311,XAGCAD,CAD,3.2491,-2.9964,3.1464
2022-01-19,XAGJPY,JPY,-1.4567,1.8177,XAGCAD,CAD,3.2926,-2.1114,2.002
2022-01-20,XAGJPY,JPY,-0.8903,-1.9112,XAGCAD,CAD,2.648,1.6899,-1.6066
2022-01-21,XAGNZD,NZD,-1.047,-1.7243,XAGCAD,CAD,2.5234,1.6593,-2.1346
2022-01-24,XAGNZD,NZD,-1.3586,0.6938,XAGCAD,CAD,1.9744,-0.9401,0.4245
2022-01-25,XAGNZD,NZD,-1.663,-0.1681,XAGCAD,CAD,1.263,0.4482,-0.3725
2022-01-26,XAGNZD,NZD,-1.6856,-4.33,XAGCAD,CAD,1.5383,4.4417,-4.7633
2022-01-27,XAGNZD,NZD,-2.6189,-0.4983,XAGCAD,CAD,0.9709,0.9587,-1.6363
2022-01-28,XAGNZD,NZD,-3.6017,0.9149,XAGUSD,USD,1.5836,-0.417,0.417
2022-01-31,XAGNZD,NZD,-4.2214,0.4976,XAGUSD,USD,1.9655,-0.8975,0.8975
2022-02-01,XAGNZD,NZD,-3.118,-0.3889,XAGUSD,USD,0.9072,-0.5089,0.5089
2022-02-02,XAGNZD,NZD,-2.5879,-1.1012,XAGJPY,JPY,1.2843,1.7834,-1.4795
2022-02-03,XAGNZD,NZD,-2.6689,-0.3743,XAGJPY,JPY,1.5147,-0.9519,0.4469
2022-02-04,XAGNZD,NZD,-1.098,3.3955,XAGEUR,EUR,0.8139,-2.5003,2.6741
2022-02-07,XAGNZD,NZD,-2.3037,0.2429,XAGEUR,EUR,0.9202,-0.6228,0.5157
2022-02-08,XAGNZD,NZD,-1.9004,0.4324,XAGEUR,EUR,1.0303,-0.799,0.6079
2022-02-09,XAGNZD,NZD,-1.9797,0.3344,XAGEUR,EUR,0.7555,-0.7819,0.7842
2022-02-10,XAGNZD,NZD,-2.448,-0.4687,XAGUSD,USD,1.237,0.6505,-0.6505
2022-02-11,XAGNZD,NZD,-2.8389,2.3636,XAGUSD,USD,1.5892,-2.05,2.05
2022-02-14,XAGNZD,NZD,-2.3735,-1.7021,XAGUSD,USD,1.1728,2.1262,-2.1262
2022-02-15,XAGNZD,NZD,-2.6478,0.7796,XAGUSD,USD,1.3142,-1.1269,1.1269
2022-02-16,XAGNZD,NZD,-1.9331,0.5468,XAGUSD,USD,0.9041,-1.1567,1.1567
2022-02-17,XAGCAD,CAD,-1.4747,0.5645,XAGUSD,USD,0.6725,-0.4901,0.4901
2022-02-18,XAGCAD,CAD,-1.636,0.0,XAGEUR,EUR,0.6639,0.0,0.0
2022-02-21,XAGCAD,CAD,-1.5572,0.0,XAGGBP,GBP,0.6897,0.0,0.0
2022-02-22,XAGCAD,CAD,-1.0336,1.0916,XAGGBP,GBP,1.0024,-1.0531,1.0037
2022-02-23,XAGJPY,JPY,-1.3521,0.3606,XAGAUD,AUD,0.9512,-0.5182,0.5335
2022-02-24,XAGUSD,USD,-0.6022,-2.7911,XAGNZD,NZD,1.6548,1.5859,-2.7911
2022-02-25,XAGCAD,CAD,-0.5006,1.0865,XAGAUD,AUD,1.7724,-1.1455,1.5169
2022-02-28,XAGUSD,USD,-0.7314,4.8151,XAGAUD,AUD,2.6935,-3.7252,4.8151
2022-03-01,XAGUSD,USD,-0.9754,-1.3746,XAGNZD,NZD,2.9067,1.3499,-1.3746
2022-03-02,XAGGBP,GBP,-0.9544,-0.3744,XAGNZD,NZD,1.9619,0.1416,0.0874
2022-03-03,XAGEUR,EUR,-0.9208,2.7098,XAGNZD,NZD,2.5881,-1.8882,2.2892
2022-03-04,XAGEUR,EUR,-2.476,1.4961,XAGAUD,AUD,2.6872,1.0473,-0.2676
2022-03-07,XAGEUR,EUR,-4.3761,4.6584,XAGAUD,AUD,4.4421,-5.5159,4.5697
2022-03-08,XAGEUR,EUR,-3.933,-4.4957,XAGNZD,NZD,3.0177,3.7288,-4.2063
2022-03-09,XAGEUR,EUR,-3.4401,0.1146,XAGJPY,JPY,2.4682,-1.8921,1.7277
2022-03-10,XAGEUR,EUR,-2.1084,0.1753,XAGNZD,NZD,2.3818,0.8883,-0.3664
2022-03-11,XAGEUR,EUR,-2.37,-2.5777,XAGNZD,NZD,3.1093,2.4258,-3.3019
2022-03-14,XAGGBP,GBP,-2.0193,-0.1853,XAGNZD,NZD,2.4975,-0.4597,-0.4793
2022-03-15,XAGGBP,GBP,-2.0518,-2.0638,XAGNZD,NZD,1.9795,1.9947,-1.8031
2022-03-16,XAGGBP,GBP,-1.7774,2.9581,XAGNZD,NZD,1.8278,-2.6649,3.7049
2022-03-17,XAGCHF,CHF,-2.1658,-2.6439,XAGNZD,NZD,2.2391,2.9433,-2.0677
2022-03-18,XAGCHF,CHF,-1.7856,0.5729,XAGNZD,NZD,3.0085,-0.8128,0.906
2022-03-21,XAGJPY,JPY,-1.8033,-1.2971,XAGAUD,AUD,3.3226,1.3814,-1.5703
2022-03-22,XAGJPY,JPY,-2.3633,2.6219,XAGAUD,AUD,2.9409,-0.2438,1.1453
2022-03-23,XAGJPY,JPY,-3.6597,2.7196,XAGNZD,NZD,3.3004,-2.7233,2.9003
2022-03-24,XAGJPY,JPY,-3.6094,-0.1831,XAGAUD,AUD,3.7518,1.3762,-1.1776
2022-03-25,XAGJPY,JPY,-4.8241,-1.6981,XAGAUD,AUD,4.9451,1.6888,-1.637
2022-03-28,XAGJPY,JPY,-4.6339,-0.7111,XAGAUD,AUD,4.6162,1.582,-1.8271
2022-03-29,XAGJPY,JPY,-5.895,1.1264,XAGAUD,AUD,3.2705,-1.3607,1.5658
2022-03-30,XAGJPY,JPY,-6.4349,-0.8256,XAGAUD,AUD,3.4876,-0.2274,0.0717
2022-03-31,XAGJPY,JPY,-5.1006,-2.1198,XAGEUR,EUR,2.9793,1.1141,-1.9068
2022-04-01,XAGJPY,JPY,-4.9178,0.4644,XAGEUR,EUR,2.3627,0.0089,-0.2354
2022-04-04,XAGJPY,JPY,-6.9277,-0.0659,XAGEUR,EUR,4.1106,-0.4214,-0.2278
2022-04-05,XAGJPY,JPY,-6.8002,0.39,XAGEUR,EUR,3.1815,-0.3371,-0.2976
2022-04-06,XAGJPY,JPY,-6.8241,1.1916,XAGAUD,AUD,4.3724,-2.2231,1.1368
2022-04-07,XAGJPY,JPY,-5.8655,0.6502,XAGAUD,AUD,2.5719,-0.7047,0.3477
2022-04-08,XAGJPY,JPY,-6.2421,0.875,XAGGBP,GBP,2.4609,-0.9274,0.6406
2022-04-11,XAGJPY,JPY,-5.6309,3.8907,XAGAUD,AUD,2.056,-3.4239,2.9906
2022-04-12,XAGJPY,JPY,-5.9661,1.1016,XAGAUD,AUD,3.0091,-0.6084,1.1467
2022-04-13,XAGJPY,JPY,-5.443,-1.299,XAGAUD,AUD,3.6712,1.2219,-1.2683
2022-04-14,XAGJPY,JPY,-5.0186,0.0,XAGAUD,AUD,2.2322,0.0,0.0
2022-04-15,XAGJPY,JPY,-5.3519,0.0,XAGGBP,GBP,2.3161,0.0,0.0
2022-04-18,XAGJPY,JPY,-5.1611,-2.4971,XAGGBP,GBP,1.9498,2.5089,-2.8653
2022-04-19,XAGJPY,JPY,-5.0862,1.2736,XAGUSD,USD,1.9229,0.4765,-0.4765
2022-04-20,XAGJPY,JPY,-5.1509,-3.5627,XAGUSD,USD,2.4045,2.5683,-2.5683
2022-04-21,XAGJPY,JPY,-4.8126,-1.1744,XAGUSD,USD,1.8554,1.4784,-1.4784
2022-04-22,XAGJPY,JPY,-3.951,-2.2785,XAGUSD,USD,2.3535,2.4282,-2.4282
2022-04-25,XAGNZD,NZD,-4.7774,-0.4348,XAGUSD,USD,3.1947,0.5324,-0.5324
2022-04-26,XAGAUD,AUD,-4.2803,0.0963,XAGUSD,USD,3.0659,0.3568,-0.3568
2022-04-27,XAGNZD,NZD,-5.294,-0.8987,XAGUSD,USD,3.8998,1.4025,-1.4025
2022-04-28,XAGNZD,NZD,-6.147,0.3686,XAGUSD,USD,4.8553,0.3848,-0.3848
2022-04-29,XAGNZD,NZD,-6.3587,-1.5937,XAGUSD,USD,5.2772,2.1528,-2.1528
2022-05-02,XAGNZD,NZD,-6.5363,0.5735,XAGUSD,USD,4.9556,-0.3416,0.3416
2022-05-03,XAGNZD,NZD,-7.2993,-1.0373,XAGUSD,USD,5.3448,1.145,-1.145
2022-05-04,XAGNZD,NZD,-7.3892,-1.6148,XAGUSD,USD,4.99,-0.1699,0.1699
2022-05-05,XAGNZD,NZD,-5.2159,1.5364,XAGUSD,USD,3.5295,0.3348,-0.3348
2022-05-06,XAGNZD,NZD,-6.6033,-1.8049,XAGUSD,USD,4.5902,2.4323,-2.4323
2022-05-09,XAGNZD,NZD,-6.5278,-0.7807,XAGUSD,USD,4.8974,1.7997,-1.7997
2022-05-10,XAGNZD,NZD,-7.2487,1.2864,XAGUSD,USD,4.996,-0.748,0.748
2022-05-11,XAGNZD,NZD,-8.2625,-3.6004,XAGUSD,USD,5.3002,3.6798,-3.6798
2022-05-12,XAGNZD,NZD,-7.587,1.7023,XAGUSD,USD,5.4787,-1.0936,1.0936
2022-05-13,XAGNZD,NZD,-7.9052,1.9449,XAGUSD,USD,5.354,-2.6258,2.6258
2022-05-16,XAGNZD,NZD,-6.9744,0.5781,XAGUSD,USD,4.8392,-0.938,0.938
2022-05-17,XAGNZD,NZD,-6.3076,-1.6812,XAGUSD,USD,4.2068,0.9385,-0.9385
2022-05-18,XAGNZD,NZD,-5.7435,2.7207,XAGUSD,USD,3.2971,-1.6951,1.6951
2022-05-19,XAGNZD,NZD,-7.1921,-2.3777,XAGUSD,USD,4.2689,1.0458,-1.0458
2022-05-20,XAGNZD,NZD,-5.1007,-0.3752,XAGUSD,USD,2.7797,-0.2492,0.2492
2022-05-23,XAGNZD,NZD,-3.0733,1.1556,XAGJPY,JPY,2.1301,-1.5199,1.5652
2022-05-24,XAGNZD,NZD,-2.5854,-0.9418,XAGUSD,USD,0.9671,0.9201,-0.9201
2022-05-25,XAGNZD,NZD,-1.9269,-0.1078,XAGEUR,EUR,0.8361,-0.8393,0.3705
2022-05-26,XAGNZD,NZD,-0.9538,0.502,XAGEUR,EUR,0.7978,-0.1083,0.5424
2022-05-27,XAGUSD,USD,-1.083,0.0,XAGJPY,JPY,1.7741,0.0,0.0
2022-05-30,XAGUSD,USD,-1.3789,0.0,XAGCHF,CHF,1.6753,0.0,0.0
2022-05-31,XAGUSD,USD,-1.866,1.0762,XAGAUD,AUD,2.0452,-1.2533,1.0762
2022-06-01,XAGUSD,USD,-1.3978,1.6907,XAGCHF,CHF,1.9658,-2.0701,1.6907
2022-06-02,XAGAUD,AUD,-1.0933,-2.9266,XAGCHF,CHF,1.0368,2.2137,-1.6357
2022-06-03,XAGUSD,USD,-1.855,0.8406,XAGCHF,CHF,2.8177,-1.3482,0.8406
2022-06-06,XAGUSD,USD,-1.8072,0.3851,XAGCHF,CHF,2.7362,-1.3281,0.3851
2022-06-07,XAGJPY,JPY,-2.291,0.1221,XAGAUD,AUD,3.3233,0.825,-0.3836
2022-06-08,XAGJPY,JPY,-3.2236,-0.0782,XAGAUD,AUD,4.1033,0.7861,-1.2549
2022-06-09,XAGJPY,JPY,-5.0784,0.5232,XAGAUD,AUD,3.7386,-1.7828,0.5322
2022-06-10,XAGJPY,JPY,-6.162,-2.804,XAGAUD,AUD,3.2928,1.9861,-3.0895
2022-06-13,XAGJPY,JPY,-4.5039,-1.8434,XAGEUR,EUR,2.2117,0.7043,-1.4127
2022-06-14,XAGJPY,JPY,-3.5238,3.04,XAGEUR,EUR,1.6399,-1.9767,2.2258
2022-06-15,XAGJPY,JPY,-2.832,1.2823,XAGUSD,USD,2.1516,-2.1727,2.1727
2022-06-16,XAGJPY,JPY,-4.3093,-2.5906,XAGEUR,EUR,1.9235,2.1924,-1.3445
2022-06-17,XAGJPY,JPY,-3.193,0.0,XAGEUR,EUR,1.1857,0.0,0.0
2022-06-20,XAGJPY,JPY,-4.725,0.0,XAGUSD,USD,1.8109,0.0,0.0
2022-06-21,XAGJPY,JPY,-4.2482,-0.7341,XAGUSD,USD,2.103,1.5951,-1.5951
2022-06-22,XAGJPY,JPY,-6.0297,-1.9284,XAGUSD,USD,2.44,1.7518,-1.7518
2022-06-23,XAGJPY,JPY,-5.6113,-0.4745,XAGUSD,USD,2.5358,-0.3994,0.3994
2022-06-24,XAGJPY,JPY,-4.4344,0.3686,XAGUSD,USD,2.6701,-0.2036,0.2036
2022-06-27,XAGJPY,JPY,-4.5958,-1.4394,XAGUSD,USD,2.5888,1.7109,-1.7109
2022-06-28,XAGJPY,JPY,-4.2934,-0.1712,XAGUSD,USD,2.867,0.6203,-0.6203
2022-06-29,XAGNZD,NZD,-4.3186,-1.6785,XAGUSD,USD,2.9591,1.8676,-1.8676
2022-06-30,XAGAUD,AUD,-4.0863,-3.6174,XAGUSD,USD,2.6509,3.3774,-3.3774
2022-07-01,XAGAUD,AUD,-5.1094,0.0,XAGUSD,USD,3.2209,0.0,0.0
2022-07-04,XAGAUD,AUD,-5.4008,0.0,XAGUSD,USD,3.0236,0.0,0.0
2022-07-05,XAGAUD,AUD,-4.3793,1.3617,XAGUSD,USD,2.5886,-0.1732,0.1732
2022-07-06,XAGAUD,AUD,-5.9192,0.3002,XAGUSD,USD,3.6346,-0.1939,0.1939
2022-07-07,XAGAUD,AUD,-5.5728,-0.6867,XAGUSD,USD,3.433,-0.2353,0.2353
2022-07-08,XAGAUD,AUD,-3.5106,-0.4752,XAGUSD,USD,2.4587,0.5217,-0.5217
2022-07-11,XAGAUD,AUD,-2.4576,0.6253,XAGUSD,USD,1.5887,0.8811,-0.8811
2022-07-12,XAGAUD,AUD,-2.8565,1.2093,XAGUSD,USD,1.8008,-1.2646,1.2646
2022-07-13,XAGEUR,EUR,-3.2004,-5.0594,XAGCHF,CHF,1.7639,5.1667,-5.0632
2022-07-14,XAGAUD,AUD,-4.0559,1.7447,XAGUSD,USD,2.2573,-2.086,2.086
2022-07-15,XAGAUD,AUD,-4.0567,0.4198,XAGUSD,USD,3.5152,-1.3101,1.3101
2022-07-18,XAGNZD,NZD,-2.1484,-0.0548,XAGUSD,USD,1.9456,0.6439,-0.6439
2022-07-19,XAGNZD,NZD,-2.9068,-1.4536,XAGUSD,USD,2.091,0.166,-0.166
2022-07-20,XAGEUR,EUR,-1.693,0.7355,XAGUSD,USD,1.2117,-0.2575,0.2575
2022-07-21,XAGEUR,EUR,-2.2937,-0.9185,XAGUSD,USD,1.2867,0.5458,-0.5458
2022-07-22,XAGEUR,EUR,-1.5856,-1.3646,XAGUSD,USD,0.9613,1.5658,-1.5658
2022-07-25,XAGEUR,EUR,-2.3718,0.8107,XAGUSD,USD,1.3477,-1.055,1.055
2022-07-26,XAGEUR,EUR,-2.5755,1.3021,XAGJPY,JPY,0.9802,-0.7535,0.357
2022-07-27,XAGEUR,EUR,-3.1177,6.0322,XAGJPY,JPY,0.9941,-6.1966,6.8668
2022-07-28,XAGEUR,EUR,-2.4944,1.8285,XAGAUD,AUD,1.6632,-1.5731,1.6594
2022-07-29,XAGEUR,EUR,-3.0892,0.6663,XAGJPY,JPY,1.8866,-0.0809,0.8236
2022-08-01,XAGEUR,EUR,-2.7701,-1.5798,XAGAUD,AUD,2.2803,1.8099,-1.0678
2022-08-02,XAGEUR,EUR,-3.0514,-0.1657,XAGJPY,JPY,3.3046,-0.1633,-1.1937
2022-08-03,XAGEUR,EUR,-2.0424,1.1584,XAGAUD,AUD,1.4293,-0.4678,1.178
2022-08-04,XAGEUR,EUR,-1.3505,-2.2605,XAGAUD,AUD,2.2546,1.6793,-1.3931
2022-08-05,XAGUSD,USD,-1.508,3.9003,XAGCHF,CHF,2.0251,-4.7889,3.9003
2022-08-08,XAGUSD,USD,-0.6593,-0.6507,XAGCHF,CHF,1.5843,1.4106,-0.6507
2022-08-09,XAGUSD,USD,-2.1631,1.2709,XAGAUD,AUD,3.6241,-1.7177,1.2709
2022-08-10,XAGUSD,USD,-2.0327,-1.8921,XAGAUD,AUD,3.1126,3.5711,-1.8921
2022-08-11,XAGUSD,USD,-3.5406,1.7269,XAGAUD,AUD,5.137,-1.3723,1.7269
2022-08-12,XAGUSD,USD,-3.885,-2.0603,XAGAUD,AUD,5.152,2.2499,-2.0603
2022-08-15,XAGUSD,USD,-3.0135,-0.9185,XAGAUD,AUD,4.4301,-0.446,-0.9185
2022-08-16,XAGUSD,USD,-2.1526,-1.7643,XAGNZD,NZD,3.408,1.4624,-1.7643
2022-08-17,XAGEUR,EUR,-1.7897,-1.4266,XAGJPY,JPY,2.7644,0.8442,-1.3343
2022-08-18,XAGEUR,EUR,-1.0757,-1.1284,XAGJPY,JPY,2.3123,1.3874,-2.0053
2022-08-19,XAGEUR,EUR,-1.4198,-0.4312,XAGJPY,JPY,1.5518,0.0621,-0.9707
2022-08-22,XAGEUR,EUR,-0.9734,1.707,XAGUSD,USD,0.7194,-0.7365,0.7365
2022-08-23,XAGEUR,EUR,-1.7231,-0.889,XAGUSD,USD,1.4143,0.6154,-0.6154
2022-08-24,XAGGBP,GBP,-1.2299,1.495,XAGJPY,JPY,1.2765,-1.4006,1.1432
2022-08-25,XAGGBP,GBP,-2.0461,-2.2087,XAGUSD,USD,1.5249,1.9413,-1.9413
2022-08-26,XAGGBP,GBP,-1.6327,0.109,XAGUSD,USD,1.4884,0.9872,-0.9872
2022-08-29,XAGNZD,NZD,-2.6457,-2.8922,XAGUSD,USD,2.4697,2.1342,-2.1342
2022-08-30,XAGJPY,JPY,-2.9635,-2.0889,XAGUSD,USD,2.7814,2.1863,-2.1863
2022-08-31,XAGGBP,GBP,-2.3058,-0.666,XAGUSD,USD,2.0522,1.1879,-1.1879
2022-09-01,XAGGBP,GBP,-2.8507,1.7166,XAGUSD,USD,2.5398,-1.282,1.282
2022-09-02,XAGNZD,NZD,-3.3698,0.0,XAGUSD,USD,3.462,0.0,0.0
2022-09-05,XAGGBP,GBP,-2.7548,0.0,XAGUSD,USD,2.75,0.0,0.0
2022-09-06,XAGNZD,NZD,-2.9239,3.1465,XAGUSD,USD,2.9756,-1.9219,1.9219
2022-09-07,XAGNZD,NZD,-4.0216,0.5721,XAGUSD,USD,3.7329,-1.0641,1.0641
2022-09-08,XAGJPY,JPY,-5.3892,1.5973,XAGUSD,USD,4.7988,-1.7894,1.7894
2022-09-09,XAGNZD,NZD,-5.6545,5.1431,XAGUSD,USD,4.635,-5.8795,5.8795
2022-09-12,XAGNZD,NZD,-5.2186,-2.387,XAGUSD,USD,3.6883,1.8476,-1.8476
2022-09-13,XAGJPY,JPY,-5.8853,1.6988,XAGEUR,EUR,3.0705,-1.9018,0.4177
2022-09-14,XAGNZD,NZD,-5.3331,-1.713,XAGUSD,USD,3.8791,1.5202,-1.5202
2022-09-15,XAGNZD,NZD,-4.13,1.6307,XAGUSD,USD,3.0983,-0.631,0.631
2022-09-16,XAGNZD,NZD,-4.6005,-0.7506,XAGUSD,USD,3.0437,0.1192,-0.1192
2022-09-19,XAGJPY,JPY,-3.0008,-0.5693,XAGEUR,EUR,2.384,0.9588,-0.8873
2022-09-20,XAGJPY,JPY,-3.4854,1.8865,XAGEUR,EUR,3.244,-2.2169,1.6176
2022-09-21,XAGNZD,NZD,-4.9198,1.9581,XAGEUR,EUR,3.0303,-2.1407,0.7058
2022-09-22,XAGNZD,NZD,-5.6988,-3.928,XAGUSD,USD,3.6134,3.6167,-3.6167
2022-09-23,XAGNZD,NZD,-5.9261,-0.4988,XAGUSD,USD,3.7281,2.3088,-2.3088
2022-09-26,XAGNZD,NZD,-6.0703,0.5283,XAGUSD,USD,4.4159,0.8095,-0.8095
2022-09-27,XAGNZD,NZD,-8.0382,3.5758,XAGUSD,USD,5.508,-2.9523,2.9523
2022-09-28,XAGNZD,NZD,-8.1666,-2.4926,XAGUSD,USD,5.3561,0.9842,-0.9842
2022-09-29,XAGNZD,NZD,-6.4259,1.4529,XAGUSD,USD,4.036,-1.8752,1.8752
2022-09-30,XAGNZD,NZD,-5.6303,10.6052,XAGUSD,USD,2.97,-8.2226,8.2226
2022-10-03,XAGNZD,NZD,-7.6846,0.714,XAGUSD,USD,3.6333,-2.5245,2.5245
2022-10-04,XAGNZD,NZD,-6.3202,-2.9526,XAGUSD,USD,3.1826,2.6525,-2.6525
2022-10-05,XAGNZD,NZD,-4.9014,-0.1075,XAGUSD,USD,1.4699,-0.5664,0.5664
2022-10-06,XAGNZD,NZD,-4.7259,0.0406,XAGUSD,USD,2.1098,1.9568,-1.9568
2022-10-07,XAGNZD,NZD,-6.7493,-2.2189,XAGUSD,USD,3.6232,3.1498,-3.1498
2022-10-10,XAGNZD,NZD,-8.2796,-0.0464,XAGUSD,USD,4.9101,0.6596,-0.6596
2022-10-11,XAGNZD,NZD,-9.3432,-3.042,XAGUSD,USD,5.8025,2.826,-2.826
2022-10-12,XAGAUD,AUD,-7.068,-0.2793,XAGUSD,USD,4.4634,0.1059,-0.1059
2022-10-13,XAGAUD,AUD,-7.0276,-4.8295,XAGUSD,USD,4.525,4.4703,-4.4703
2022-10-14,XAGAUD,AUD,-5.7766,4.9415,XAGUSD,USD,3.6467,-3.6581,3.6581
2022-10-17,XAGAUD,AUD,-7.4782,-1.7338,XAGUSD,USD,4.5378,0.5516,-0.5516
2022-10-18,XAGAUD,AUD,-6.4583,-1.5403,XAGUSD,USD,3.5827,1.2654,-1.2654
2022-10-19,XAGAUD,AUD,-5.6437,2.6562,XAGUSD,USD,2.8967,-1.7997,1.7997
2022-10-20,XAGAUD,AUD,-5.2405,1.8408,XAGUSD,USD,2.7083,-2.0197,2.0197
2022-10-21,XAGAUD,AUD,-5.5782,-0.848,XAGUSD,USD,2.9086,-0.6879,0.6879
2022-10-24,XAGJPY,JPY,-5.3578,1.5893,XAGGBP,GBP,5.4766,-1.1901,0.8605
2022-10-25,XAGJPY,JPY,-5.716,0.1155,XAGGBP,GBP,5.1022,0.6286,0.7291
2022-10-26,XAGJPY,JPY,-5.9186,-1.2576,XAGGBP,GBP,6.3215,1.522,-0.0103
2022-10-27,XAGJPY,JPY,-5.0358,-1.6052,XAGGBP,GBP,6.4397,1.0861,-1.6994
2022-10-28,XAGJPY,JPY,-2.9462,0.9353,XAGGBP,GBP,3.4962,0.3725,-0.1149
2022-10-31,XAGJPY,JPY,-4.0277,3.5091,XAGGBP,GBP,4.2252,-4.0117,2.8654
2022-11-01,XAGJPY,JPY,-3.512,-0.9217,XAGGBP,GBP,1.9763,0.5562,-0.3711
2022-11-02,XAGJPY,JPY,-2.6271,-0.8521,XAGNZD,NZD,1.9275,0.2487,-0.8367
2022-11-03,XAGAUD,AUD,-2.6747,7.8167,XAGGBP,GBP,1.3776,-9.0074,6.9665
2022-11-04,XAGCHF,CHF,-2.3688,-1.135,XAGNZD,NZD,1.9171,1.6123,0.5195
2022-11-07,XAGJPY,JPY,-2.3882,2.6187,XAGGBP,GBP,5.3772,-1.1076,2.7706
2022-11-08,XAGJPY,JPY,-3.0525,-1.7323,XAGNZD,NZD,6.6001,1.2163,-0.8334
2022-11-09,XAGUSD,USD,-3.478,1.7795,XAGNZD,NZD,6.7754,-3.1093,1.7795
2022-11-10,XAGUSD,USD,-2.4025,-0.143,XAGNZD,NZD,4.8992,2.3249,-0.143
2022-11-11,XAGUSD,USD,-4.2986,2.0604,XAGNZD,NZD,6.7153,-0.5975,2.0604
2022-11-14,XAGUSD,USD,-6.3563,-2.6842,XAGNZD,NZD,9.4925,2.4394,-2.6842
2022-11-15,XAGUSD,USD,-5.1775,0.0233,XAGNZD,NZD,7.66,1.2036,0.0233
2022-11-16,XAGUSD,USD,-5.7783,-2.553,XAGNZD,NZD,8.2675,2.3103,-2.553
2022-11-17,XAGUSD,USD,-6.4458,0.1002,XAGNZD,NZD,8.6104,-0.4493,0.1002
2022-11-18,XAGUSD,USD,-5.8959,-0.6054,XAGNZD,NZD,8.1092,1.2323,-0.6054
2022-11-21,XAGUSD,USD,-4.7114,0.8873,XAGNZD,NZD,7.006,-2.0342,0.8873
2022-11-22,XAGUSD,USD,-4.2857,1.5356,XAGNZD,NZD,6.8974,-0.5789,1.5356
2022-11-23,XAGUSD,USD,-4.2072,0.0,XAGNZD,NZD,7.1963,0.0,0.0
2022-11-24,XAGUSD,USD,-4.0858,0.0,XAGNZD,NZD,7.0688,0.0,0.0
2022-11-25,XAGUSD,USD,-4.7303,-2.4037,XAGNZD,NZD,7.4071,1.7287,-2.4037
2022-11-28,XAGUSD,USD,-4.625,1.406,XAGNZD,NZD,7.1492,-2.2728,1.406
2022-11-29,XAGUSD,USD,-4.4867,1.6318,XAGNZD,NZD,5.8164,-1.0924,1.6318
2022-11-30,XAGUSD,USD,-4.2793,5.0441,XAGNZD,NZD,5.9682,-3.0893,5.0441
2022-12-01,XAGUSD,USD,-6.2085,1.7714,XAGNZD,NZD,8.6179,-0.8865,1.7714
2022-12-02,XAGUSD,USD,-7.8865,-3.6418,XAGNZD,NZD,10.4101,4.1654,-3.6418
2022-12-05,XAGUSD,USD,-6.3085,-0.3424,XAGNZD,NZD,8.659,-0.95,-0.3424
2022-12-06,XAGUSD,USD,-4.4968,2.6533,XAGNZD,NZD,6.4378,-2.6243,2.6533
2022-12-07,XAGUSD,USD,-3.7423,1.5544,XAGNZD,NZD,6.0569,-1.0797,1.5544
2022-12-08,XAGUSD,USD,-5.0091,2.0466,XAGNZD,NZD,7.9471,-1.6543,2.0466
2022-12-09,XAGUSD,USD,-3.0592,-1.3384,XAGNZD,NZD,5.9959,1.5637,-1.3384
2022-12-12,XAGCAD,CAD,-3.0278,2.3145,XAGNZD,NZD,4.7156,-2.5887,2.5022
2022-12-13,XAGCAD,CAD,-2.2935,0.0564,XAGNZD,NZD,4.8905,0.421,0.6092
2022-12-14,XAGCAD,CAD,-2.1238,-3.4531,XAGNZD,NZD,4.6758,3.416,-3.416
2022-12-15,XAGUSD,USD,-2.4276,0.0994,XAGNZD,NZD,4.9366,-1.8495,0.0994
2022-12-16,XAGCAD,CAD,-2.5283,-0.3056,XAGNZD,NZD,3.4931,0.9718,-0.527
2022-12-19,XAGCAD,CAD,-2.3301,4.2761,XAGNZD,NZD,3.3023,-4.7873,4.6246
2022-12-20,XAGUSD,USD,-2.4871,-0.2449,XAGNZD,NZD,4.3144,-0.0274,-0.2449
2022-12-21,XAGUSD,USD,-2.3686,-2.3258,XAGJPY,JPY,4.8453,1.9718,-2.3258
2022-12-22,XAGGBP,GBP,-2.2342,1.5418,XAGJPY,JPY,4.3671,-1.2168,1.2268
2022-12-23,XAGGBP,GBP,-2.719,0.0,XAGJPY,JPY,4.1154,0.0,0.0
2022-12-26,XAGGBP,GBP,-2.1318,0.0,XAGJPY,JPY,3.7596,0.0,0.0
2022-12-27,XAGUSD,USD,-1.88,-1.5682,XAGJPY,JPY,3.0523,1.0329,-1.5682
2022-12-28,XAGUSD,USD,-1.7819,1.7538,XAGCHF,CHF,2.6312,-1.5906,1.7538
2022-12-29,XAGGBP,GBP,-1.8636,-1.126,XAGJPY,JPY,1.9045,1.7237,-0.8971
2022-12-30,XAGGBP,GBP,-2.6284,0.0,XAGJPY,JPY,1.783,0.0,0.0
2023-01-02,XAGGBP,GBP,-2.9138,0.0,XAGJPY,JPY,2.6393,0.0,0.0
2023-01-03,XAGGBP,GBP,-3.0604,-0.3404,XAGJPY,JPY,4.0759,0.7665,-1.1098
2023-01-04,XAGGBP,GBP,-2.9583,-2.9524,XAGJPY,JPY,4.31,1.5011,-2.2445
2023-01-05,XAGGBP,GBP,-2.5692,3.6698,XAGJPY,JPY,3.1549,-3.2467,2.425
2023-01-06,XAGGBP,GBP,-3.3404,-2.1384,XAGJPY,JPY,3.3905,1.5407,-0.4618
2023-01-09,XAGGBP,GBP,-2.6323,-1.4219,XAGJPY,JPY,3.4594,0.9645,-0.8645
2023-01-10,XAGGBP,GBP,-2.694,-0.5178,XAGJPY,JPY,3.8412,0.4855,-0.7657
2023-01-11,XAGGBP,GBP,-2.8488,2.2555,XAGJPY,JPY,2.7624,-2.1437,2.2978
2023-01-12,XAGGBP,GBP,-3.2314,1.0581,XAGJPY,JPY,2.9622,0.5595,1.5421
2023-01-13,XAGGBP,GBP,-2.547,0.0,XAGJPY,JPY,5.5049,0.0,0.0
2023-01-16,XAGUSD,USD,-2.3737,0.0,XAGJPY,JPY,5.4043,0.0,0.0
2023-01-17,XAGGBP,GBP,-2.3637,-2.3445,XAGJPY,JPY,5.5489,1.7597,-1.729
2023-01-18,XAGUSD,USD,-1.8526,0.952,XAGAUD,AUD,4.484,-1.5976,0.952
2023-01-19,XAGUSD,USD,-2.1059,0.3199,XAGAUD,AUD,3.3823,-0.7553,0.3199
2023-01-20,XAGUSD,USD,-2.412,-1.5862,XAGAUD,AUD,3.534,2.5546,-1.5862
2023-01-23,XAGUSD,USD,-2.4933,0.84,XAGAUD,AUD,4.0255,-0.1718,0.84
2023-01-24,XAGUSD,USD,-2.2704,0.8034,XAGAUD,AUD,4.2211,-0.554,0.8034
2023-01-25,XAGUSD,USD,-2.4814,0.3817,XAGAUD,AUD,4.7072,0.4865,0.3817
2023-01-26,XAGUSD,USD,-2.8957,-1.6841,XAGAUD,AUD,5.3519,1.7628,-1.6841
2023-01-27,XAGUSD,USD,-2.424,0.5016,XAGAUD,AUD,5.1419,-0.5853,0.5016
2023-01-30,XAGUSD,USD,-1.7964,0.4356,XAGAUD,AUD,4.1752,-1.1454,0.4356
2023-01-31,XAGUSD,USD,-1.6268,-0.9559,XAGAUD,AUD,3.7102,0.8618,-0.9559
2023-02-01,XAGUSD,USD,-2.7608,0.0553,XAGAUD,AUD,4.8068,1.2555,0.0553
2023-02-02,XAGUSD,USD,-3.0857,-5.099,XAGAUD,AUD,4.6257,4.1558,-5.099
2023-02-03,XAGUSD,USD,-3.2225,-0.703,XAGAUD,AUD,4.7218,-1.505,-0.703
2023-02-06,XAGGBP,GBP,-0.976,-0.118,XAGEUR,EUR,1.4996,-0.288,-0.2705
2023-02-07,XAGGBP,GBP,-1.0725,0.8968,XAGEUR,EUR,0.6367,-1.1401,1.1304
2023-02-08,XAGGBP,GBP,-1.0543,-1.3453,XAGJPY,JPY,1.095,0.9471,-1.2071
2023-02-09,XAGNZD,NZD,-0.8335,-0.4885,XAGCHF,CHF,1.0753,0.1699,-0.2851
2023-02-10,XAGJPY,JPY,-1.1599,-0.9562,XAGUSD,USD,0.723,0.9803,-0.9803
2023-02-13,XAGJPY,JPY,-1.8009,0.7081,XAGUSD,USD,0.9903,-0.11,0.11
2023-02-14,XAGJPY,JPY,-2.66,-0.8677,XAGGBP,GBP,0.893,1.535,-1.3552
2023-02-15,XAGJPY,JPY,-3.1978,1.3306,XAGEUR,EUR,1.0097,-1.0543,0.6405
2023-02-16,XAGJPY,JPY,-2.9521,0.1739,XAGUSD,USD,1.5407,-0.0461,0.0461
2023-02-17,XAGJPY,JPY,-2.7263,0.0,XAGUSD,USD,1.9609,0.0,0.0
2023-02-20,XAGNZD,NZD,-3.897,0.0,XAGUSD,USD,2.21,0.0,0.0
2023-02-21,XAGNZD,NZD,-3.5825,-0.2898,XAGUSD,USD,1.922,0.9511,-0.9511
2023-02-22,XAGNZD,NZD,-4.2674,-1.7947,XAGUSD,USD,2.3201,1.6712,-1.6712
2023-02-23,XAGAUD,AUD,-4.1541,-2.2747,XAGUSD,USD,3.0256,2.3147,-2.3147
2023-02-24,XAGAUD,AUD,-4.27,0.4444,XAGUSD,USD,3.0129,0.6537,-0.6537
2023-02-27,XAGAUD,AUD,-5.2377,1.2978,XAGUSD,USD,3.728,-1.4078,1.4078
2023-02-28,XAGNZD,NZD,-4.7101,-0.3763,XAGUSD,USD,2.9652,0.0095,-0.0095
2023-03-01,XAGAUD,AUD,-4.5468,-1.346,XAGUSD,USD,3.3483,0.9208,-0.9208
2023-03-02,XAGAUD,AUD,-5.3912,1.9487,XAGUSD,USD,3.8869,-1.5747,1.5747
2023-03-03,XAGAUD,AUD,-4.8014,-0.8056,XAGUSD,USD,3.5977,0.5168,-0.5168
2023-03-06,XAGJPY,JPY,-2.427,-4.3342,XAGUSD,USD,1.6424,4.4319,-4.4319
2023-03-07,XAGJPY,JPY,-2.4005,0.7767,XAGUSD,USD,1.221,0.2443,-0.2443
2023-03-08,XAGAUD,AUD,-5.3642,0.0545,XAGUSD,USD,3.1427,-0.1,0.1
2023-03-09,XAGAUD,AUD,-4.8485,1.7941,XAGUSD,USD,2.9495,-1.7478,1.7478
2023-03-10,XAGAUD,AUD,-5.0204,6.263,XAGUSD,USD,2.771,-6.9595,6.9595
2023-03-13,XAGAUD,AUD,-4.0396,0.2464,XAGUSD,USD,1.6036,-0.6241,0.6241
2023-03-14,XAGAUD,AUD,-4.4591,-1.1506,XAGUSD,USD,1.3668,0.7068,-0.7068
2023-03-15,XAGAUD,AUD,-4.2717,0.2064,XAGUSD,USD,1.2984,0.8542,-0.8542
2023-03-16,XAGAUD,AUD,-4.1784,2.8336,XAGUSD,USD,1.3829,-3.5344,3.5344
2023-03-17,XAGAUD,AUD,-2.8999,0.0663,XAGGBP,GBP,1.1101,-0.1757,0.8143
2023-03-20,XAGAUD,AUD,-2.2738,-0.9819,XAGJPY,JPY,1.098,1.5956,-0.9275
2023-03-21,XAGAUD,AUD,-2.7805,2.1655,XAGJPY,JPY,1.4381,-2.3113,1.5723
2023-03-22,XAGAUD,AUD,-2.6815,1.7421,XAGJPY,JPY,1.2681,-1.1668,2.0684
2023-03-23,XAGAUD,AUD,-1.6675,0.7114,XAGCHF,CHF,1.5807,-0.4319,0.445
2023-03-24,XAGAUD,AUD,-1.8874,-0.4385,XAGCHF,CHF,1.8518,0.4515,-0.8302
2023-03-27,XAGUSD,USD,-1.3348,1.1712,XAGJPY,JPY,2.6816,-1.4704,1.1712
2023-03-28,XAGAUD,AUD,-1.2295,-0.4766,XAGJPY,JPY,2.4971,-0.0801,0.2229
2023-03-29,XAGUSD,USD,-1.7457,2.2502,XAGJPY,JPY,2.2992,-3.444,2.2502
2023-03-30,XAGAUD,AUD,-1.1438,0.213,XAGCHF,CHF,2.2747,-0.2101,0.728
2023-03-31,XAGUSD,USD,-1.8794,-0.5607,XAGCHF,CHF,3.0248,0.1111,-0.5607
2023-04-03,XAGAUD,AUD,-1.417,2.5199,XAGCHF,CHF,2.0591,-3.9685,4.5153
2023-04-04,XAGUSD,USD,-1.9846,-0.2358,XAGCHF,CHF,1.9319,1.0348,-0.2358
2023-04-05,XAGUSD,USD,-3.6982,0.2484,XAGCHF,CHF,3.9088,-0.3547,0.2484
2023-04-06,XAGUSD,USD,-3.4962,0.0,XAGCHF,CHF,3.6679,0.0,0.0
2023-04-07,XAGUSD,USD,-2.8719,0.0,XAGCHF,CHF,3.0498,0.0,0.0
2023-04-10,XAGUSD,USD,-1.8217,1.1471,XAGCAD,CAD,1.8876,-1.1426,1.1471
2023-04-11,XAGJPY,JPY,-1.327,1.181,XAGCAD,CAD,1.6876,-0.7801,1.0863
2023-04-12,XAGUSD,USD,-0.9269,1.8501,XAGCAD,CAD,1.6539,-1.6799,1.8501
2023-04-13,XAGJPY,JPY,-2.6011,-2.1807,XAGCHF,CHF,3.7869,2.4822,-1.7392
2023-04-14,XAGUSD,USD,-2.678,-1.4593,XAGCHF,CHF,4.3232,0.8164,-1.4593
2023-04-17,XAGJPY,JPY,-2.8283,1.1199,XAGCHF,CHF,3.4465,-1.1962,0.7783
2023-04-18,XAGJPY,JPY,-3.2482,0.1826,XAGCHF,CHF,3.3028,-0.1755,0.4674
2023-04-19,XAGJPY,JPY,-2.4635,0.5003,XAGCHF,CHF,2.7749,-0.2088,0.0079
2023-04-20,XAGJPY,JPY,-3.3609,-1.7608,XAGCHF,CHF,2.0534,1.8336,-1.2417
2023-04-21,XAGJPY,JPY,-3.2585,0.9835,XAGCHF,CHF,2.6277,-0.9397,1.0099
2023-04-24,XAGJPY,JPY,-3.7031,-1.605,XAGCHF,CHF,3.0655,2.2035,-1.6952
2023-04-25,XAGJPY,JPY,-3.5172,-0.3022,XAGCHF,CHF,3.0524,-0.509,-0.0241
2023-04-26,XAGJPY,JPY,-2.7,0.2655,XAGCHF,CHF,3.1052,-0.3366,0.4503
2023-04-27,XAGJPY,JPY,-1.7151,0.3167,XAGCHF,CHF,2.9724,-0.4089,0.064
2023-04-28,XAGNZD,NZD,-1.9681,-0.3769,XAGCHF,CHF,2.1349,-0.143,0.04
2023-05-01,XAGJPY,JPY,-3.6936,2.4248,XAGCHF,CHF,2.4752,-1.7009,1.5794
2023-05-02,XAGJPY,JPY,-4.3216,-0.4859,XAGCHF,CHF,1.8451,0.1218,0.2834
2023-05-03,XAGJPY,JPY,-3.9299,0.7549,XAGEUR,EUR,1.8232,-1.6586,2.1942
2023-05-04,XAGJPY,JPY,-3.5843,-1.3898,XAGCHF,CHF,2.531,0.9223,-1.1216
2023-05-05,XAGJPY,JPY,-2.633,0.3414,XAGCHF,CHF,2.123,-0.256,-0.4156
2023-05-08,XAGJPY,JPY,-3.2247,0.1484,XAGGBP,GBP,2.0712,-0.3837,0.2418
2023-05-09,XAGJPY,JPY,-2.1976,-0.7645,XAGCHF,CHF,2.0796,0.8944,-0.9222
2023-05-10,XAGJPY,JPY,-1.9417,-5.5823,XAGNZD,NZD,2.3194,5.2215,-4.7367
2023-05-11,XAGJPY,JPY,-1.0778,-0.7811,XAGNZD,NZD,2.4593,-0.1257,-1.0843
2023-05-12,XAGAUD,AUD,-1.2397,1.3645,XAGUSD,USD,0.8629,-0.5627,0.5627
2023-05-15,XAGCAD,CAD,-1.4141,-2.2625,XAGGBP,GBP,1.2692,2.1995,-1.6165
2023-05-16,XAGJPY,JPY,-1.4473,0.3464,XAGGBP,GBP,1.7672,-0.3903,0.0632
2023-05-17,XAGJPY,JPY,-1.6034,-0.2236,XAGGBP,GBP,1.4022,1.0694,-1.082
2023-05-18,XAGJPY,JPY,-1.9559,2.5531,XAGGBP,GBP,1.5014,-2.3869,1.8089
2023-05-19,XAGJPY,JPY,-2.7698,-1.5207,XAGGBP,GBP,1.5022,1.2447,-0.857
2023-05-22,XAGJPY,JPY,-2.2959,-0.3117,XAGNZD,NZD,2.2919,1.0492,-1.0162
2023-05-23,XAGJPY,JPY,-2.4768,-1.5819,XAGNZD,NZD,1.7878,0.9605,-1.5294
2023-05-24,XAGJPY,JPY,-3.007,-0.9361,XAGGBP,GBP,1.8701,1.0549,-1.4233
2023-05-25,XAGJPY,JPY,-3.1837,2.5299,XAGGBP,GBP,1.5203,-2.429,1.9925
2023-05-26,XAGJPY,JPY,-3.2124,0.0,XAGUSD,USD,1.9913,0.0,0.0
2023-05-29,XAGNZD,NZD,-1.8519,0.0,XAGUSD,USD,1.7585,0.0,0.0
2023-05-30,XAGNZD,NZD,-1.9518,1.4705,XAGUSD,USD,1.4712,-1.5092,1.5092
2023-05-31,XAGNZD,NZD,-2.888,2.0742,XAGUSD,USD,1.7238,-1.7083,1.7083
2023-06-01,XAGCHF,CHF,-2.9963,-1.4397,XAGUSD,USD,2.1802,0.9717,-0.9717
2023-06-02,XAGNZD,NZD,-3.5679,-0.336,XAGUSD,USD,1.8975,0.461,-0.461
2023-06-05,XAGNZD,NZD,-3.8263,-0.0352,XAGUSD,USD,2.3789,-0.17,0.17
2023-06-06,XAGNZD,NZD,-4.2276,-0.7,XAGUSD,USD,2.3229,0.5727,-0.5727
2023-06-07,XAGNZD,NZD,-4.1078,4.1383,XAGUSD,USD,2.0867,-3.5198,3.5198
2023-06-08,XAGNZD,NZD,-5.1625,-0.569,XAGUSD,USD,2.5059,-0.2885,0.2885
2023-06-09,XAGNZD,NZD,-3.1746,-2.0163,XAGGBP,GBP,1.8879,1.6026,-1.4342
2023-06-12,XAGJPY,JPY,-2.6475,-0.8915,XAGGBP,GBP,2.2298,0.4351,-0.9548
2023-06-13,XAGJPY,JPY,-2.1358,1.7327,XAGGBP,GBP,1.1045,-0.4776,1.2123
2023-06-14,XAGJPY,JPY,-2.8386,-0.7781,XAGGBP,GBP,2.1366,1.1386,-0.6363
2023-06-15,XAGJPY,JPY,-2.237,0.9838,XAGAUD,AUD,2.1227,0.4473,0.7743
2023-06-16,XAGJPY,JPY,-2.734,0.0,XAGAUD,AUD,3.7756,0.0,0.0
2023-06-19,XAGJPY,JPY,-4.4138,0.0,XAGGBP,GBP,3.621,0.0,0.0
2023-06-20,XAGJPY,JPY,-3.6717,-2.1969,XAGGBP,GBP,3.3264,1.5804,-1.8066
2023-06-21,XAGJPY,JPY,-3.402,-1.2381,XAGGBP,GBP,3.0038,1.5357,-1.4841
2023-06-22,XAGJPY,JPY,-3.5644,0.4612,XAGAUD,AUD,3.8747,-0.078,-0.4814
2023-06-23,XAGJPY,JPY,-4.0807,2.5012,XAGAUD,AUD,4.035,-3.3622,2.1363
2023-06-26,XAGJPY,JPY,-3.5302,0.5308,XAGCAD,CAD,3.2648,-0.4753,0.5876
2023-06-27,XAGJPY,JPY,-3.7947,-0.0163,XAGCAD,CAD,3.3159,-0.0521,-0.3095
2023-06-28,XAGJPY,JPY,-4.564,-0.8632,XAGGBP,GBP,2.9777,0.4131,-1.2113
2023-06-29,XAGJPY,JPY,-5.0452,1.2428,XAGEUR,EUR,2.8384,-1.4136,0.9694
2023-06-30,XAGJPY,JPY,-4.9455,0.1122,XAGEUR,EUR,2.2259,-0.0138,0.377
2023-07-03,XAGJPY,JPY,-4.3904,0.0,XAGGBP,GBP,2.4799,0.0,0.0
2023-07-04,XAGJPY,JPY,-5.1039,0.0,XAGGBP,GBP,2.7312,0.0,0.0
2023-07-05,XAGJPY,JPY,-4.8917,-2.1467,XAGGBP,GBP,2.9471,2.1021,-2.2029
2023-07-06,XAGJPY,JPY,-4.4715,1.4106,XAGGBP,GBP,2.7316,-1.4844,1.7896
2023-07-07,XAGJPY,JPY,-4.5156,-0.9577,XAGGBP,GBP,2.36,0.4957,0.2555
2023-07-10,XAGJPY,JPY,-3.4193,-0.9203,XAGGBP,GBP,2.0636,0.4805,-0.2808
2023-07-11,XAGJPY,JPY,-3.0154,3.6028,XAGCHF,CHF,2.5509,-3.7227,4.4746
2023-07-12,XAGJPY,JPY,-1.5166,1.3694,XAGCHF,CHF,2.9273,-1.271,2.6908
2023-07-13,XAGUSD,USD,-1.8599,0.9932,XAGCHF,CHF,3.7186,-0.1203,0.9932
2023-07-14,XAGUSD,USD,-1.9836,-0.6796,XAGCHF,CHF,3.6472,0.3582,-0.6796
2023-07-17,XAGUSD,USD,-1.6971,0.966,XAGCHF,CHF,3.6122,-0.7845,0.966
2023-07-18,XAGUSD,USD,-1.8001,0.5382,XAGCHF,CHF,3.9552,-0.2227,0.5382
2023-07-19,XAGUSD,USD,-1.9961,-1.6416,XAGCHF,CHF,4.4582,1.6072,-1.6416
2023-07-20,XAGUSD,USD,-1.2905,-0.4314,XAGCHF,CHF,3.8496,-0.533,-0.4314
2023-07-21,XAGUSD,USD,-1.2616,-1.0608,XAGCHF,CHF,3.1982,1.0631,-1.0608
2023-07-24,XAGUSD,USD,-1.1544,0.9985,XAGCHF,CHF,3.2977,-1.4241,0.9985
2023-07-25,XAGUSD,USD,-1.1008,0.5875,XAGCHF,CHF,2.8718,0.0323,0.5875
2023-07-26,XAGUSD,USD,-1.4265,-2.3726,XAGCHF,CHF,3.2694,2.7103,-2.3726
2023-07-27,XAGUSD,USD,-2.2123,0.5529,XAGCHF,CHF,3.9168,-1.4061,0.5529
2023-07-28,XAGUSD,USD,-1.9213,1.986,XAGCHF,CHF,3.3688,-2.0999,1.986
2023-07-31,XAGUSD,USD,-1.1651,-2.5992,XAGCHF,CHF,2.8134,2.3943,-2.5992
2023-08-01,XAGUSD,USD,-1.1432,-1.8754,XAGCHF,CHF,2.6959,1.7932,-1.8754
2023-08-02,XAGAUD,AUD,-1.122,0.3943,XAGCHF,CHF,2.7057,0.1461,-0.7072
2023-08-03,XAGAUD,AUD,-1.681,-0.1159,XAGCHF,CHF,2.3606,0.2212,0.1314
2023-08-04,XAGNZD,NZD,-1.3162,-2.2956,XAGCHF,CHF,2.3523,2.0191,-2.0113
2023-08-07,XAGAUD,AUD,-1.7144,-1.8197,XAGCHF,CHF,1.6594,1.9993,-1.8365
2023-08-08,XAGNZD,NZD,-1.6103,0.5264,XAGCHF,CHF,1.4043,-0.0364,-0.2949
2023-08-09,XAGAUD,AUD,-2.4231,0.3439,XAGUSD,USD,1.4442,-0.4238,0.4238
2023-08-10,XAGNZD,NZD,-3.8561,0.4914,XAGUSD,USD,2.5878,0.3165,-0.3165
2023-08-11,XAGNZD,NZD,-5.9225,0.3475,XAGUSD,USD,3.79,0.1323,-0.1323
2023-08-14,XAGNZD,NZD,-5.9888,-0.0528,XAGUSD,USD,3.4707,0.2164,-0.2164
2023-08-15,XAGNZD,NZD,-5.4801,-0.2183,XAGUSD,USD,3.5595,0.509,-0.509
2023-08-16,XAGNZD,NZD,-5.3932,1.2886,XAGUSD,USD,3.6745,-0.8452,0.8452
2023-08-17,XAGNZD,NZD,-5.2943,0.2017,XAGUSD,USD,3.6251,-0.1103,0.1103
2023-08-18,XAGAUD,AUD,-5.4779,2.5584,XAGUSD,USD,3.1501,-2.6834,2.6834
2023-08-21,XAGAUD,AUD,-4.6255,0.5074,XAGUSD,USD,2.632,-0.4978,0.4978
2023-08-22,XAGAUD,AUD,-4.7368,3.8012,XAGUSD,USD,2.5869,-4.0265,4.0265
2023-08-23,XAGAUD,AUD,-5.2979,-1.4303,XAGUSD,USD,2.9714,0.6239,-0.6239
2023-08-24,XAGAUD,AUD,-4.1333,1.0764,XAGUSD,USD,2.687,-0.0372,0.0372
2023-08-25,XAGAUD,AUD,-4.4385,0.0313,XAGUSD,USD,3.1074,-0.0743,0.0743
2023-08-28,XAGNZD,NZD,-4.046,2.2824,XAGUSD,USD,2.8898,-2.2238,2.2238
2023-08-29,XAGNZD,NZD,-4.7933,-1.1773,XAGUSD,USD,2.8231,0.1736,-0.1736
2023-08-30,XAGNZD,NZD,-2.8334,-0.8184,XAGUSD,USD,1.7886,1.0593,-1.0593
2023-08-31,XAGNZD,NZD,-2.1905,-1.378,XAGUSD,USD,0.9753,0.9807,-0.9807
2023-09-01,XAGNZD,NZD,-1.7333,0.0,XAGUSD,USD,1.2002,0.0,0.0
2023-09-04,XAGNZD,NZD,-2.5821,0.0,XAGUSD,USD,1.941,0.0,0.0
2023-09-05,XAGNZD,NZD,-2.7704,-0.6034,XAGUSD,USD,1.9367,1.4942,-1.4942
2023-09-06,XAGNZD,NZD,-2.8479,-0.8809,XAGUSD,USD,2.1144,1.1032,-1.1032
2023-09-07,XAGNZD,NZD,-3.1521,-0.4394,XAGUSD,USD,2.2339,0.2527,-0.2527
2023-09-08,XAGNZD,NZD,-2.1841,0.5898,XAGUSD,USD,1.9542,-0.9217,0.9217
2023-09-11,XAGCHF,CHF,-1.7545,0.0152,XAGUSD,USD,1.615,-0.1039,0.1039
2023-09-12,XAGCHF,CHF,-1.5069,-0.9096,XAGUSD,USD,1.1348,0.9296,-0.9296
2023-09-13,XAGCHF,CHF,-1.4534,-0.5142,XAGUSD,USD,1.0373,0.7158,-0.7158
2023-09-14,XAGCHF,CHF,-1.4839,2.0259,XAGUSD,USD,0.7913,-1.6617,1.6617
2023-09-15,XAGCHF,CHF,-2.0678,0.5122,XAGUSD,USD,1.13,-0.4584,0.4584
2023-09-18,XAGCHF,CHF,-1.656,-0.1224,XAGUSD,USD,1.1204,0.1636,-0.1636
2023-09-19,XAGCHF,CHF,-2.1387,1.6667,XAGUSD,USD,1.0348,-1.6599,1.6599
2023-09-20,XAGCHF,CHF,-1.9902,-0.3631,XAGUSD,USD,0.8507,0.5725,-0.5725
2023-09-21,XAGCHF,CHF,-2.4834,1.2382,XAGUSD,USD,1.6001,-0.6484,0.6484
2023-09-22,XAGCHF,CHF,-2.1885,-1.6261,XAGUSD,USD,0.853,1.9113,-1.9113
2023-09-25,XAGCHF,CHF,-2.5285,-0.2981,XAGCAD,CAD,0.8607,1.0382,-0.8425
2023-09-26,XAGCHF,CHF,-3.2349,-1.6659,XAGUSD,USD,1.1613,2.061,-2.061
2023-09-27,XAGCHF,CHF,-4.1868,0.7225,XAGUSD,USD,2.0335,-0.1691,0.1691
2023-09-28,XAGCHF,CHF,-4.8639,-1.8891,XAGUSD,USD,2.5746,1.2392,-1.2392
2023-09-29,XAGCHF,CHF,-3.5734,-4.5031,XAGUSD,USD,1.9319,4.5782,-4.5782
2023-10-02,XAGCHF,CHF,-3.4102,0.0753,XAGUSD,USD,1.4437,0.1885,-0.1885
2023-10-03,XAGCHF,CHF,-3.7445,-0.7173,XAGUSD,USD,2.1562,1.0483,-1.0483
2023-10-04,XAGCHF,CHF,-3.5508,-0.9863,XAGUSD,USD,1.7227,0.5154,-0.5154
2023-10-05,XAGCHF,CHF,-2.8328,2.8661,XAGUSD,USD,1.3432,-3.3193,3.3193
2023-10-06,XAGCHF,CHF,-2.2315,0.5029,XAGNZD,NZD,1.435,-0.8254,0.9331
2023-10-09,XAGCHF,CHF,-1.8722,-0.2645,XAGNZD,NZD,1.2095,0.8076,0.161
2023-10-10,XAGCHF,CHF,-1.5294,0.7989,XAGNZD,NZD,1.9318,-0.6512,0.8312
2023-10-11,XAGCHF,CHF,-1.4763,-1.1421,XAGNZD,NZD,2.2337,0.3821,-0.7515
2023-10-12,XAGCHF,CHF,-0.8721,5.0811,XAGNZD,NZD,1.6752,-6.0144,4.2906
2023-10-13,XAGAUD,AUD,-1.7971,-0.4549,XAGUSD,USD,1.1899,0.5148,-0.5148
2023-10-16,XAGAUD,AUD,-1.9797,0.7233,XAGUSD,USD,1.14,-1.119,1.119
2023-10-17,XAGAUD,AUD,-1.5809,-0.0385,XAGUSD,USD,1.0345,-0.3543,0.3543
2023-10-18,XAGAUD,AUD,-1.5976,0.2288,XAGUSD,USD,1.2207,0.2484,-0.2484
2023-10-19,XAGCAD,CAD,-1.7593,2.0385,XAGUSD,USD,1.149,-2.0274,2.0274
2023-10-20,XAGCAD,CAD,-1.7644,-1.2834,XAGCHF,CHF,1.4019,1.0386,-1.1948
2023-10-23,XAGNZD,NZD,-2.1452,-0.7698,XAGCHF,CHF,1.5324,0.6887,-0.3988
2023-10-24,XAGNZD,NZD,-1.9472,-0.3783,XAGCHF,CHF,2.3551,0.1732,-0.4482
2023-10-25,XAGNZD,NZD,-1.6933,0.5489,XAGCHF,CHF,2.4788,-0.0126,-0.3934
2023-10-26,XAGCAD,CAD,-2.2361,0.0058,XAGCHF,CHF,2.6194,-0.1628,-0.0746
2023-10-27,XAGCAD,CAD,-2.3942,2.6142,XAGCHF,CHF,1.7414,-2.6547,2.2486
2023-10-30,XAGNZD,NZD,-3.1267,-2.4298,XAGCHF,CHF,1.4288,1.9311,-1.8942
2023-10-31,XAGNZD,NZD,-1.71,-0.1203,XAGCHF,CHF,1.7257,-0.1692,-0.683
2023-11-01,XAGJPY,JPY,-1.9775,-0.1857,XAGEUR,EUR,1.3251,-0.2156,0.2909
2023-11-02,XAGJPY,JPY,-1.461,1.9251,XAGAUD,AUD,1.4773,-1.8938,1.9779
2023-11-03,XAGJPY,JPY,-1.5998,-0.9189,XAGEUR,EUR,1.1195,1.2752,-0.2241
2023-11-06,XAGJPY,JPY,-1.1287,-2.4177,XAGAUD,AUD,2.2735,2.3578,-2.769
2023-11-07,XAGJPY,JPY,-1.8251,0.8906,XAGEUR,EUR,1.443,-0.857,0.6176
2023-11-08,XAGNZD,NZD,-1.7527,1.2214,XAGEUR,EUR,1.2551,-0.6777,0.8125
2023-11-09,XAGNZD,NZD,-1.7854,-2.3227,XAGEUR,EUR,1.3097,2.3073,-2.6981
2023-11-10,XAGJPY,JPY,-1.5494,0.4577,XAGEUR,EUR,1.4973,-0.1661,0.3781
2023-11-13,XAGJPY,JPY,-2.0212,3.6189,XAGEUR,EUR,1.8281,-3.3851,3.4979
2023-11-14,XAGJPY,JPY,-2.0382,0.9801,XAGEUR,EUR,1.6738,-0.1082,1.7592
2023-11-15,XAGJPY,JPY,-2.3247,2.2265,XAGEUR,EUR,2.191,-1.9555,1.733
2023-11-16,XAGJPY,JPY,-2.7744,-0.6835,XAGNZD,NZD,2.9891,-0.7148,-0.3474
2023-11-17,XAGJPY,JPY,-2.227,-1.4674,XAGAUD,AUD,2.2731,1.6165,-0.966
2023-11-20,XAGJPY,JPY,-1.8369,0.0541,XAGAUD,AUD,3.0568,-0.3432,1.1196
2023-11-21,XAGUSD,USD,-1.8418,-0.7172,XAGAUD,AUD,3.587,0.643,-0.7172
2023-11-22,XAGUSD,USD,-2.198,0.0,XAGNZD,NZD,3.5435,0.0,0.0
2023-11-23,XAGUSD,USD,-2.3932,0.0,XAGNZD,NZD,3.9553,0.0,0.0
2023-11-24,XAGUSD,USD,-2.3938,1.4098,XAGNZD,NZD,3.7726,-0.931,1.4098
2023-11-27,XAGUSD,USD,-2.8676,1.0457,XAGNZD,NZD,4.6327,-0.6071,1.0457
2023-11-28,XAGUSD,USD,-2.8404,0.5696,XAGNZD,NZD,4.5151,0.118,0.5696
2023-11-29,XAGUSD,USD,-4.0257,0.8815,XAGNZD,NZD,5.8307,-0.7196,0.8815
2023-11-30,XAGUSD,USD,-3.3285,0.8145,XAGNZD,NZD,4.6957,-0.7853,0.8145
2023-12-01,XAGUSD,USD,-2.8455,-3.7021,XAGNZD,NZD,4.4415,4.5963,-3.7021
2023-12-04,XAGUSD,USD,-2.4559,-1.4417,XAGNZD,NZD,3.6571,0.6361,-1.4417
2023-12-05,XAGUSD,USD,-2.0964,-1.2892,XAGNZD,NZD,3.3875,0.7902,-1.2892
2023-12-06,XAGUSD,USD,-2.1219,-0.6572,XAGNZD,NZD,3.3354,0.7626,-0.6572
2023-12-07,XAGUSD,USD,-2.2158,-3.2066,XAGNZD,NZD,3.8648,3.5377,-3.2066
2023-12-08,XAGUSD,USD,-3.107,-0.862,XAGNZD,NZD,4.6233,0.2652,-0.862
2023-12-11,XAGUSD,USD,-2.7159,-0.1976,XAGNZD,NZD,3.9106,0.1683,-0.1976
2023-12-12,XAGUSD,USD,-2.5213,-0.3916,XAGNZD,NZD,4.0797,0.6282,-0.3916
2023-12-13,XAGEUR,EUR,-2.078,5.5807,XAGJPY,JPY,3.4994,-4.5991,6.4358
2023-12-14,XAGUSD,USD,-2.2326,-0.9379,XAGJPY,JPY,4.9892,1.2807,-0.9379
2023-12-15,XAGUSD,USD,-3.2005,-0.1634,XAGJPY,JPY,4.2851,0.1395,-0.1634
2023-12-18,XAGUSD,USD,-2.4752,0.877,XAGJPY,JPY,4.5674,-1.1669,0.877
2023-12-19,XAGUSD,USD,-2.0112,1.277,XAGJPY,JPY,3.5009,-2.1052,1.277
2023-12-20,XAGUSD,USD,-2.4148,-0.1643,XAGNZD,NZD,3.5716,-0.098,-0.1643
2023-12-21,XAGUSD,USD,-2.492,-0.0699,XAGNZD,NZD,3.8644,0.7161,-0.0699
2023-12-22,XAGUSD,USD,-3.0062,0.0,XAGJPY,JPY,4.4031,0.0,0.0
2023-12-25,XAGUSD,USD,-2.7838,0.0,XAGJPY,JPY,4.2909,0.0,0.0
2023-12-26,XAGUSD,USD,-2.4185,0.9568,XAGJPY,JPY,3.8345,-1.1207,0.9568
2023-12-27,XAGUSD,USD,-2.0569,-0.9887,XAGJPY,JPY,2.9849,1.7268,-0.9887
2023-12-28,XAGUSD,USD,-2.7141,-1.1643,XAGAUD,AUD,3.5608,0.7532,-1.1643
2023-12-29,XAGUSD,USD,-2.7222,0.0,XAGJPY,JPY,3.6723,0.0,0.0
2024-01-01,XAGUSD,USD,-2.0141,0.0,XAGJPY,JPY,3.1691,0.0,0.0
2024-01-02,XAGUSD,USD,-2.5538,-3.3161,XAGCHF,CHF,3.5094,2.3709,-3.3161
2024-01-03,XAGUSD,USD,-2.1347,0.1874,XAGAUD,AUD,3.219,-0.6291,0.1874
2024-01-04,XAGUSD,USD,-2.0886,0.5785,XAGCHF,CHF,2.9429,-0.7089,0.5785
2024-01-05,XAGUSD,USD,-1.3401,-0.0086,XAGCHF,CHF,2.906,-0.0772,-0.0086
2024-01-08,XAGUSD,USD,-1.7337,-0.9343,XAGCHF,CHF,3.2844,1.2638,-0.9343
2024-01-09,XAGUSD,USD,-2.0141,-0.0873,XAGCHF,CHF,3.4392,-0.4394,-0.0873
2024-01-10,XAGUSD,USD,-1.4958,-1.5163,XAGCHF,CHF,2.6008,1.7324,-1.5163
2024-01-11,XAGJPY,JPY,-2.6906,2.288,XAGCHF,CHF,2.3503,-2.8348,2.7732
2024-01-12,XAGJPY,JPY,-1.9268,0.0,XAGCHF,CHF,1.859,0.0,0.0
2024-01-15,XAGJPY,JPY,-2.321,0.0,XAGCHF,CHF,1.9862,0.0,0.0
2024-01-16,XAGJPY,JPY,-2.3925,-0.8405,XAGCHF,CHF,1.2836,1.2081,-1.8183
2024-01-17,XAGAUD,AUD,-2.5743,1.2376,XAGUSD,USD,1.4183,-0.6706,0.6706
2024-01-18,XAGJPY,JPY,-3.1238,-0.4168,XAGGBP,GBP,1.5297,0.6823,-0.4235
2024-01-19,XAGJPY,JPY,-3.95,-1.8123,XAGGBP,GBP,2.0175,1.7302,-1.8076
2024-01-22,XAGJPY,JPY,-3.5955,0.7858,XAGUSD,USD,2.0425,-0.7716,0.7716
2024-01-23,XAGJPY,JPY,-3.7229,1.96,XAGUSD,USD,2.262,-1.885,1.885
2024-01-24,XAGNZD,NZD,-3.5571,0.1479,XAGUSD,USD,2.4155,-0.2329,0.2329
2024-01-25,XAGAUD,AUD,-4.0556,-0.3715,XAGUSD,USD,2.8312,0.2324,-0.2324
2024-01-26,XAGJPY,JPY,-3.6887,1.9702,XAGUSD,USD,2.6294,-1.6832,1.6832
2024-01-29,XAGJPY,JPY,-4.3237,-0.587,XAGUSD,USD,2.6876,0.134,-0.134
2024-01-30,XAGJPY,JPY,-3.8085,-0.3093,XAGUSD,USD,2.2562,0.2423,-0.2423
2024-01-31,XAGJPY,JPY,-3.5539,0.0887,XAGGBP,GBP,2.1028,-0.4778,0.3427
2024-02-01,XAGAUD,AUD,-2.5905,-2.0546,XAGUSD,USD,1.5652,1.8547,-1.8547
2024-02-02,XAGAUD,AUD,-1.9637,-0.5563,XAGGBP,GBP,1.1013,0.6353,-1.6123
2024-02-05,XAGAUD,AUD,-3.1465,0.6432,XAGUSD,USD,1.9547,-0.2597,0.2597
2024-02-06,XAGAUD,AUD,-3.5671,-1.2659,XAGUSD,USD,2.5022,0.5136,-0.5136
2024-02-07,XAGAUD,AUD,-2.3191,1.4093,XAGUSD,USD,1.7263,-1.2883,1.2883
2024-02-08,XAGCHF,CHF,-2.7525,-0.2165,XAGUSD,USD,1.7699,0.164,-0.164
2024-02-09,XAGAUD,AUD,-2.9992,0.3712,XAGUSD,USD,2.0549,-0.8034,0.8034
2024-02-12,XAGAUD,AUD,-2.4445,-2.7488,XAGUSD,USD,1.6445,2.6994,-2.6994
2024-02-13,XAGCHF,CHF,-2.3155,2.4033,XAGUSD,USD,1.4372,-1.0635,1.0635
2024-02-14,XAGCHF,CHF,-3.0315,2.3347,XAGUSD,USD,1.615,-2.6018,2.6018
2024-02-15,XAGCHF,CHF,-2.404,1.6875,XAGUSD,USD,1.1085,-2.3001,2.3001
2024-02-16,XAGCHF,CHF,-1.3501,0.0,XAGUSD,USD,0.7542,0.0,0.0
2024-02-19,XAGCHF,CHF,-1.4013,0.0,XAGUSD,USD,0.7624,0.0,0.0
2024-02-20,XAGCHF,CHF,-1.5679,-1.2086,XAGNZD,NZD,1.1308,1.5143,-1.1036
2024-02-21,XAGCHF,CHF,-1.4041,-0.6656,XAGNZD,NZD,1.0615,0.5718,-0.3764
2024-02-22,XAGCHF,CHF,-1.8806,0.9764,XAGNZD,NZD,1.1743,-0.6523,0.8961
2024-02-23,XAGJPY,JPY,-1.6831,-1.9581,XAGNZD,NZD,1.4144,1.8349,-1.9679
2024-02-26,XAGCHF,CHF,-1.98,-0.1266,XAGNZD,NZD,1.5427,-0.3478,0.0266
2024-02-27,XAGCHF,CHF,-2.1571,-0.6261,XAGEUR,EUR,0.9275,0.4456,-0.5017
2024-02-28,XAGJPY,JPY,-2.0783,1.2506,XAGUSD,USD,0.7567,-1.1423,1.1423
2024-02-29,XAGJPY,JPY,-2.5402,1.755,XAGEUR,EUR,1.1979,-2.4553,2.1354
2024-03-01,XAGCHF,CHF,-3.1226,2.5939,XAGUSD,USD,1.5387,-2.7171,2.7171
2024-03-04,XAGCHF,CHF,-1.887,0.1431,XAGEUR,EUR,0.8398,0.1821,-0.0673
2024-03-05,XAGJPY,JPY,-2.0037,1.8589,XAGGBP,GBP,1.3116,-2.0383,2.142
2024-03-06,XAGJPY,JPY,-2.0934,-0.1182,XAGEUR,EUR,1.1632,-0.0027,0.4038
2024-03-07,XAGJPY,JPY,-1.4701,-1.0646,XAGEUR,EUR,1.1408,0.5888,-0.1272
2024-03-08,XAGUSD,USD,-0.9696,0.7108,XAGAUD,AUD,1.9038,-0.665,0.7108
2024-03-11,XAGUSD,USD,-0.8736,-1.2973,XAGAUD,AUD,1.513,1.1659,-1.2973
2024-03-12,XAGUSD,USD,-0.9263,3.1619,XAGAUD,AUD,1.3265,-3.2901,3.1619
2024-03-13,XAGUSD,USD,-1.6141,-0.3406,XAGAUD,AUD,2.3848,0.6458,-0.3406
2024-03-14,XAGUSD,USD,-1.4826,1.3106,XAGAUD,AUD,1.9819,-2.0544,1.3106
2024-03-15,XAGCAD,CAD,-0.5377,-0.3708,XAGAUD,AUD,0.8244,0.1089,-0.4325
2024-03-18,XAGNZD,NZD,-0.8053,-0.4359,XAGGBP,GBP,0.3967,0.4732,-0.5062
2024-03-19,XAGNZD,NZD,-0.9751,0.4323,XAGGBP,GBP,0.5604,0.0632,-0.1242
2024-03-20,XAGNZD,NZD,-1.9327,-1.0019,XAGGBP,GBP,0.8178,0.9517,-0.3369
2024-03-21,XAGNZD,NZD,-1.4676,0.0786,XAGGBP,GBP,1.0066,-0.439,-0.6318
2024-03-22,XAGNZD,NZD,-2.4034,1.1545,XAGUSD,USD,0.7094,-0.2147,0.2147
2024-03-25,XAGNZD,NZD,-3.179,-1.2467,XAGUSD,USD,1.1151,1.0588,-1.0588
2024-03-26,XAGNZD,NZD,-2.6833,0.4798,XAGUSD,USD,0.9366,-0.58,0.58
2024-03-27,XAGCHF,CHF,-2.8277,0.9046,XAGUSD,USD,1.018,-0.6985,0.6985
2024-03-28,XAGCHF,CHF,-3.0488,0.0,XAGUSD,USD,0.7751,0.0,0.0
2024-03-29,XAGCHF,CHF,-1.8849,0.0,XAGUSD,USD,0.591,0.0,0.0
2024-04-01,XAGCHF,CHF,-2.1124,3.7582,XAGUSD,USD,0.7477,-3.4063,3.4063
2024-04-02,XAGNZD,NZD,-2.3649,4.1247,XAGUSD,USD,1.1296,-4.4218,4.4218
2024-04-03,XAGCHF,CHF,-2.7434,0.1767,XAGUSD,USD,1.0206,-0.7237,0.7237
2024-04-04,XAGCHF,CHF,-2.3569,0.8037,XAGUSD,USD,1.0017,-0.958,0.958
2024-04-05,XAGCHF,CHF,-2.783,1.3249,XAGUSD,USD,1.5912,-1.1387,1.1387
2024-04-08,XAGCHF,CHF,-2.9242,0.851,XAGUSD,USD,1.9462,-0.6459,0.6459
2024-04-09,XAGCHF,CHF,-3.1644,0.0261,XAGUSD,USD,1.655,-0.251,0.251
2024-04-10,XAGCHF,CHF,-2.9166,1.8916,XAGUSD,USD,1.269,-0.7689,0.7689
2024-04-11,XAGCHF,CHF,-3.9459,-0.0722,XAGUSD,USD,2.5893,-0.2804,0.2804
2024-04-12,XAGCHF,CHF,-2.8905,1.8406,XAGUSD,USD,1.8339,-1.4015,1.4015
2024-04-15,XAGCHF,CHF,-3.4156,-1.397,XAGUSD,USD,2.2456,1.1623,-1.1623
2024-04-16,XAGNZD,NZD,-2.9573,0.2809,XAGUSD,USD,2.4512,-0.0989,0.0989
2024-04-17,XAGCHF,CHF,-2.7033,-0.2965,XAGUSD,USD,2.2524,0.06,-0.06
2024-04-18,XAGNZD,NZD,-2.9003,1.8544,XAGUSD,USD,2.5492,-1.6908,1.6908
2024-04-19,XAGNZD,NZD,-2.3632,-5.4854,XAGUSD,USD,1.9682,5.5367,-5.5367
2024-04-22,XAGNZD,NZD,-1.501,0.0791,XAGUSD,USD,1.522,-0.4336,0.4336
2024-04-23,XAGCHF,CHF,-1.3808,-0.0793,XAGUSD,USD,1.5911,0.0256,-0.0256
2024-04-24,XAGJPY,JPY,-1.2841,0.3989,XAGUSD,USD,1.1538,-0.0659,0.0659
2024-04-25,XAGJPY,JPY,-1.8614,-0.1525,XAGUSD,USD,1.158,0.3694,-0.3694
2024-04-26,XAGJPY,JPY,-2.2326,2.1811,XAGUSD,USD,0.9457,-0.4846,0.4846
2024-04-29,XAGJPY,JPY,-3.8801,-4.7513,XAGUSD,USD,1.3022,3.5875,-3.5875
2024-04-30,XAGJPY,JPY,-3.0694,1.2754,XAGGBP,GBP,1.2166,-0.9311,0.3713
2024-05-01,XAGJPY,JPY,-3.5083,-0.9291,XAGUSD,USD,1.5192,-0.3549,0.3549
2024-05-02,XAGJPY,JPY,-2.0332,-2.218,XAGUSD,USD,1.3747,0.5191,-0.5191
2024-05-03,XAGNZD,NZD,-1.0604,2.741,XAGUSD,USD,0.8612,-3.494,3.494
2024-05-06,XAGJPY,JPY,-0.7858,0.1947,XAGAUD,AUD,0.5915,0.4647,-0.2411
2024-05-07,XAGJPY,JPY,-1.0249,0.5444,XAGUSD,USD,0.6133,-0.2124,0.2124
2024-05-08,XAGCAD,CAD,-1.181,2.773,XAGUSD,USD,1.1283,-2.8179,2.8179
2024-05-09,XAGJPY,JPY,-1.5047,0.4889,XAGAUD,AUD,1.0696,0.1626,0.5083
2024-05-10,XAGJPY,JPY,-1.5303,0.0846,XAGAUD,AUD,1.2291,-0.1113,-0.191
2024-05-13,XAGJPY,JPY,-2.2092,1.2043,XAGAUD,AUD,1.9334,-0.7542,0.9355
2024-05-14,XAGJPY,JPY,-2.1552,3.7882,XAGAUD,AUD,2.6446,-3.4069,3.6124
2024-05-15,XAGJPY,JPY,-2.1984,-0.9116,XAGAUD,AUD,3.325,0.6139,0.5116
2024-05-16,XAGUSD,USD,-2.0132,4.6587,XAGAUD,AUD,4.0568,-4.9392,4.6587
2024-05-17,XAGUSD,USD,-1.8632,3.7298,XAGAUD,AUD,4.0228,-3.4581,3.7298
2024-05-20,XAGJPY,JPY,-2.2957,-0.6551,XAGAUD,AUD,4.275,0.6221,-1.0464
2024-05-21,XAGJPY,JPY,-2.6436,-1.8728,XAGAUD,AUD,3.3974,1.7245,-1.798
2024-05-22,XAGJPY,JPY,-2.1508,-2.95,XAGAUD,AUD,2.7462,2.5301,-3.2305
2024-05-23,XAGJPY,JPY,-2.0328,0.3238,XAGNZD,NZD,2.7658,-0.1977,0.1519
2024-05-24,XAGJPY,JPY,-1.6441,0.0,XAGNZD,NZD,2.331,0.0,0.0
2024-05-27,XAGUSD,USD,-1.1444,0.0,XAGNZD,NZD,2.9256,0.0,0.0
2024-05-28,XAGJPY,JPY,-1.3785,0.9934,XAGNZD,NZD,3.0257,-0.9159,0.7257
2024-05-29,XAGUSD,USD,-1.8538,-2.5308,XAGNZD,NZD,4.4422,2.0987,-2.5308
2024-05-30,XAGJPY,JPY,-1.9134,-3.877,XAGNZD,NZD,3.0941,3.5219,-3.4758
2024-05-31,XAGJPY,JPY,-3.3919,1.2817,XAGNZD,NZD,2.5591,-0.6078,1.1354
2024-06-03,XAGJPY,JPY,-3.2087,-4.4389,XAGNZD,NZD,2.3469,4.4623,-3.7629
2024-06-04,XAGJPY,JPY,-2.2977,0.9405,XAGNZD,NZD,3.0634,-1.8707,1.56
2024-06-05,XAGJPY,JPY,-1.3749,4.879,XAGNZD,NZD,2.9598,-3.9742,4.3375
2024-06-06,XAGJPY,JPY,-1.5341,-6.2587,XAGNZD,NZD,3.1991,6.13,-6.119
2024-06-07,XAGJPY,JPY,-1.2501,2.2199,XAGNZD,NZD,2.6641,-2.9888,1.4795
2024-06-10,XAGJPY,JPY,-1.2273,-2.0073,XAGGBP,GBP,1.8326,2.1128,-2.1364
2024-06-11,XAGJPY,JPY,-0.8694,3.623,XAGNZD,NZD,1.7417,-3.2818,3.5801
2024-06-12,XAGEUR,EUR,-0.9666,-4.5772,XAGNZD,NZD,1.7,4.5638,-3.9303
2024-06-13,XAGJPY,JPY,-1.6734,1.6333,XAGGBP,GBP,1.6118,-1.7482,1.4212
2024-06-14,XAGEUR,EUR,-1.0345,0.0798,XAGGBP,GBP,1.431,-0.3042,-0.2619
2024-06-17,XAGAUD,AUD,-1.3107,0.4741,XAGCHF,CHF,1.9775,-0.3393,0.6138
2024-06-18,XAGEUR,EUR,-0.8338,0.0,XAGCHF,CHF,2.3975,0.0,0.0
2024-06-19,XAGEUR,EUR,-0.7178,0.0,XAGCHF,CHF,2.9611,0.0,0.0
2024-06-20,XAGJPY,JPY,-0.558,-3.317,XAGCHF,CHF,3.3552,3.1276,-3.9089
2024-06-21,XAGJPY,JPY,-0.8334,0.2995,XAGCHF,CHF,2.498,-0.0079,-0.284
2024-06-24,XAGJPY,JPY,-1.1439,-2.318,XAGCHF,CHF,2.22,2.3105,-2.211
2024-06-25,XAGJPY,JPY,-1.1717,0.2497,XAGCHF,CHF,2.1912,-0.4753,0.2497
2024-06-26,XAGJPY,JPY,-0.9005,0.6168,XAGCHF,CHF,1.8733,-0.1987,0.0311
2024-06-27,XAGJPY,JPY,-1.3281,1.1447,XAGCHF,CHF,1.7638,-1.3083,1.1031
2024-06-28,XAGJPY,JPY,-1.7665,0.3527,XAGUSD,USD,0.5738,-0.2155,0.2155
2024-07-01,XAGJPY,JPY,-1.7379,0.5576,XAGUSD,USD,0.7171,-0.1809,0.1809
2024-07-02,XAGJPY,JPY,-2.5004,4.066,XAGUSD,USD,1.5211,-4.0711,4.0711
2024-07-03,XAGJPY,JPY,-3.4574,0.0,XAGUSD,USD,1.2429,0.0,0.0
2024-07-04,XAGJPY,JPY,-3.258,0.0,XAGGBP,GBP,1.1007,0.0,0.0
2024-07-05,XAGJPY,JPY,-3.2779,-2.8884,XAGGBP,GBP,1.1663,2.8398,-2.4532
2024-07-08,XAGJPY,JPY,-2.7861,0.64,XAGAUD,AUD,2.4895,-0.5535,0.503
2024-07-09,XAGJPY,JPY,-2.8848,0.148,XAGAUD,AUD,2.0314,0.121,-0.1462
2024-07-10,XAGJPY,JPY,-3.0539,2.3455,XAGAUD,AUD,2.0249,-2.0149,2.1707
2024-07-11,XAGJPY,JPY,-3.2884,-3.6916,XAGGBP,GBP,1.4087,2.1593,-1.6181
2024-07-12,XAGJPY,JPY,-1.5434,-0.6226,XAGAUD,AUD,2.0412,0.7442,-0.6929
2024-07-15,XAGJPY,JPY,-1.8102,1.5946,XAGAUD,AUD,2.4062,-1.8359,1.7051
2024-07-16,XAGJPY,JPY,-1.4408,-3.2639,XAGAUD,AUD,2.1326,2.9424,-3.3916
2024-07-17,XAGJPY,JPY,-1.5332,-2.1456,XAGGBP,GBP,1.7254,0.6989,-0.4712
2024-07-18,XAGNZD,NZD,-0.9577,-2.433,XAGGBP,GBP,1.1592,2.6063,-3.0238
2024-07-19,XAGNZD,NZD,-1.2903,0.4493,XAGGBP,GBP,1.3058,-0.2677,0.1238
2024-07-22,XAGNZD,NZD,-1.4235,0.7921,XAGGBP,GBP,1.1506,-0.0326,0.0275
2024-07-23,XAGNZD,NZD,-2.3203,0.3747,XAGGBP,GBP,0.8794,-0.1842,-0.0549
2024-07-24,XAGNZD,NZD,-2.7157,-4.0831,XAGJPY,JPY,1.4737,5.6466,-4.4958
2024-07-25,XAGNZD,NZD,-2.5161,0.8284,XAGJPY,JPY,3.0112,-0.0643,0.1906
2024-07-26,XAGNZD,NZD,-3.2029,-0.55,XAGJPY,JPY,3.3987,0.2776,-0.5635
2024-07-29,XAGNZD,NZD,-3.4463,2.5934,XAGJPY,JPY,3.2942,-2.1864,2.3896
2024-07-30,XAGNZD,NZD,-3.0915,1.0315,XAGJPY,JPY,3.9757,-0.689,1.456
2024-07-31,XAGNZD,NZD,-2.9628,-2.3772,XAGJPY,JPY,4.9031,3.4401,-1.5533
2024-08-01,XAGNZD,NZD,-2.5444,-0.0377,XAGJPY,JPY,6.9967,0.6616,-0.3
2024-08-02,XAGAUD,AUD,-3.4228,-4.1764,XAGJPY,JPY,7.6629,6.466,-4.1422
2024-08-05,XAGAUD,AUD,-3.6963,-0.2069,XAGJPY,JPY,8.9845,-0.2155,0.0739
2024-08-06,XAGGBP,GBP,-3.6978,-0.17,XAGJPY,JPY,9.4319,1.7003,-0.9817
2024-08-07,XAGGBP,GBP,-4.5468,2.5323,XAGJPY,JPY,10.2181,-3.483,2.4972
2024-08-08,XAGGBP,GBP,-4.8011,-0.5733,XAGJPY,JPY,9.7206,-1.0096,-0.0473
2024-08-09,XAGGBP,GBP,-3.6883,1.5411,XAGJPY,JPY,6.96,-1.1331,1.5644
2024-08-12,XAGGBP,GBP,-4.1012,-0.9571,XAGJPY,JPY,7.5571,0.8357,-0.7952
2024-08-13,XAGGBP,GBP,-3.9733,-2.3225,XAGJPY,JPY,7.4272,1.5997,-1.5923
2024-08-14,XAGGBP,GBP,-3.526,4.2998,XAGJPY,JPY,7.1796,-4.1916,3.9921
2024-08-15,XAGGBP,GBP,-3.3927,1.2961,XAGJPY,JPY,5.6439,-2.8961,1.5384
2024-08-16,XAGGBP,GBP,-2.5978,0.9168,XAGJPY,JPY,5.0643,-0.7434,1.6054
2024-08-19,XAGGBP,GBP,-2.2822,0.4001,XAGJPY,JPY,5.5679,0.1205,0.7353
2024-08-20,XAGUSD,USD,-2.3595,0.0713,XAGJPY,JPY,5.7952,0.851,0.0713
2024-08-21,XAGUSD,USD,-3.0346,-1.5945,XAGJPY,JPY,5.5695,1.7496,-1.5945
2024-08-22,XAGUSD,USD,-3.1742,2.6891,XAGJPY,JPY,4.3107,-3.4562,2.6891
2024-08-23,XAGUSD,USD,-2.9834,0.6412,XAGNZD,NZD,4.3091,0.6603,0.6412
2024-08-26,XAGUSD,USD,-4.01,-0.0867,XAGNZD,NZD,5.6901,-0.2124,-0.0867
2024-08-27,XAGUSD,USD,-3.9839,-2.5876,XAGNZD,NZD,5.5843,3.1896,-2.5876
2024-08-28,XAGUSD,USD,-4.1931,1.3059,XAGNZD,NZD,5.7964,-1.2508,1.3059
2024-08-29,XAGUSD,USD,-3.441,-2.7946,XAGNZD,NZD,4.968,3.0399,-2.7946
2024-08-30,XAGUSD,USD,-3.5681,0.0,XAGNZD,NZD,5.5105,0.0,0.0
2024-09-02,XAGUSD,USD,-2.3,0.0,XAGNZD,NZD,5.095,0.0,0.0
2024-09-03,XAGJPY,JPY,-2.2958,-0.1675,XAGNZD,NZD,4.7053,-1.4747,0.7728
2024-09-04,XAGJPY,JPY,-1.9295,0.54,XAGNZD,NZD,3.5701,-1.9746,1.9633
2024-09-05,XAGUSD,USD,-2.3898,-3.1755,XAGNZD,NZD,3.3513,3.7619,-3.1755
2024-09-06,XAGUSD,USD,-2.6145,1.7369,XAGNZD,NZD,3.6189,-2.6121,1.7369
2024-09-09,XAGUSD,USD,-2.2679,-0.1202,XAGNZD,NZD,2.9425,-0.3514,-0.1202
2024-09-10,XAGUSD,USD,-1.7151,1.0829,XAGNZD,NZD,1.9741,-0.955,1.0829
2024-09-11,XAGEUR,EUR,-1.4092,4.2265,XAGJPY,JPY,2.6212,-4.3919,4.1312
2024-09-12,XAGEUR,EUR,-1.6077,2.5903,XAGJPY,JPY,2.6292,-2.4245,3.2142
2024-09-13,XAGUSD,USD,-2.4533,0.2345,XAGJPY,JPY,4.2001,0.2677,0.2345
2024-09-16,XAGUSD,USD,-1.7559,-0.494,XAGJPY,JPY,4.1984,0.494,-0.494
2024-09-17,XAGEUR,EUR,-1.5001,-0.8506,XAGJPY,JPY,3.3589,0.0457,-0.9079
2024-09-18,XAGEUR,EUR,-1.1462,2.5582,XAGJPY,JPY,1.9735,-2.9833,2.4818
2024-09-19,XAGEUR,EUR,-1.1981,-0.1598,XAGJPY,JPY,1.513,-0.3677,0.2637
2024-09-20,XAGUSD,USD,-1.1267,-1.3119,XAGJPY,JPY,1.6963,0.5202,-1.3119
2024-09-23,XAGEUR,EUR,-0.4954,4.8296,XAGGBP,GBP,0.8477,-4.0876,4.3683
2024-09-24,XAGEUR,EUR,-1.0649,-1.9871,XAGGBP,GBP,1.1447,1.8555,-1.2862
2024-09-25,XAGUSD,USD,-0.8269,1.0316,XAGAUD,AUD,1.731,-2.2728,1.0316
2024-09-26,XAGCHF,CHF,-1.0394,-2.0811,XAGGBP,GBP,0.9662,2.2992,-1.58
2024-09-27,XAGJPY,JPY,-1.0384,-2.6891,XAGGBP,GBP,1.6102,0.9008,-1.1263
2024-09-30,XAGUSD,USD,-1.4834,0.9017,XAGAUD,AUD,2.2279,-0.9452,0.9017
2024-10-01,XAGUSD,USD,-1.2408,0.582,XAGAUD,AUD,1.8933,-1.1055,0.582
2024-10-02,XAGUSD,USD,-1.0384,1.7737,XAGAUD,AUD,2.4723,-1.6687,1.7737
2024-10-03,XAGJPY,JPY,-2.4851,-0.0138,XAGAUD,AUD,2.5448,-0.3467,-0.1895
2024-10-04,XAGJPY,JPY,-2.0475,0.1402,XAGAUD,AUD,1.6289,0.4699,-1.1921
2024-10-07,XAGJPY,JPY,-4.0628,-4.8117,XAGAUD,AUD,1.9456,3.7475,-4.3786
2024-10-08,XAGJPY,JPY,-3.3168,0.2394,XAGAUD,AUD,1.4738,-0.4745,0.2306
2024-10-09,XAGJPY,JPY,-4.0652,2.5948,XAGGBP,GBP,1.6343,-2.1132,1.9063
2024-10-10,XAGJPY,JPY,-4.4608,1.3502,XAGGBP,GBP,1.9687,-1.7089,1.661
2024-10-11,XAGJPY,JPY,-4.4467,-0.9686,XAGGBP,GBP,1.5876,1.2872,-1.3864
2024-10-14,XAGJPY,JPY,-5.3091,1.6566,XAGGBP,GBP,1.8408,-1.2855,1.4284
2024-10-15,XAGJPY,JPY,-5.2184,0.3547,XAGUSD,USD,2.1632,-0.739,0.739
2024-10-16,XAGJPY,JPY,-3.9688,-0.2708,XAGUSD,USD,2.0897,0.5888,-0.5888
2024-10-17,XAGJPY,JPY,-3.4494,4.9876,XAGUSD,USD,2.2491,-4.621,4.621
2024-10-18,XAGJPY,JPY,-3.3317,2.1923,XAGUSD,USD,2.6214,-2.5339,2.5339
2024-10-21,XAGNZD,NZD,-2.5577,3.7521,XAGUSD,USD,2.2539,-2.8404,2.8404
2024-10-22,XAGNZD,NZD,-3.8917,-3.7789,XAGUSD,USD,3.0237,3.4194,-3.4194
2024-10-23,XAGNZD,NZD,-4.8233,0.5728,XAGUSD,USD,3.7641,0.0862,-0.0862
2024-10-24,XAGNZD,NZD,-4.0115,-0.0604,XAGUSD,USD,3.2886,0.0238,-0.0238
2024-10-25,XAGNZD,NZD,-5.0987,1.1704,XAGUSD,USD,3.5709,-0.6755,0.6755
2024-10-28,XAGNZD,NZD,-5.8397,1.1742,XAGUSD,USD,4.3182,-1.2977,1.2977
2024-10-29,XAGNZD,NZD,-5.6577,-0.7854,XAGUSD,USD,3.99,1.0359,-1.0359
2024-10-30,XAGJPY,JPY,-5.157,-3.7622,XAGUSD,USD,3.7042,3.7182,-3.7182
2024-10-31,XAGNZD,NZD,-4.633,-0.3465,XAGUSD,USD,3.236,0.3399,-0.3399
2024-11-01,XAGAUD,AUD,-3.9925,-0.4194,XAGUSD,USD,2.6864,0.1905,-0.1905
2024-11-04,XAGAUD,AUD,-3.0685,0.6581,XAGUSD,USD,1.9959,-0.5388,0.5388
2024-11-05,XAGAUD,AUD,-2.5444,-5.2176,XAGUSD,USD,1.8539,4.3914,-4.3914
2024-11-06,XAGJPY,JPY,-1.9495,3.6807,XAGUSD,USD,1.1738,-1.7424,1.7424
2024-11-07,XAGJPY,JPY,-2.3095,-2.0074,XAGUSD,USD,2.1034,1.2781,-1.2781
2024-11-08,XAGJPY,JPY,-2.3648,-2.7872,XAGUSD,USD,1.4044,2.6117,-2.6117
2024-11-11,XAGAUD,AUD,-2.1769,0.5846,XAGUSD,USD,1.7921,-0.4781,0.4781
2024-11-12,XAGAUD,AUD,-2.2063,0.4231,XAGUSD,USD,1.9163,0.3128,-0.3128
2024-11-13,XAGAUD,AUD,-2.2849,0.2956,XAGUSD,USD,2.3761,0.2681,-0.2681
2024-11-14,XAGNZD,NZD,-2.9014,0.1143,XAGUSD,USD,2.6314,0.4491,-0.4491
2024-11-15,XAGAUD,AUD,-3.6452,2.4821,XAGUSD,USD,3.0804,-2.6078,2.6078
2024-11-18,XAGAUD,AUD,-3.7727,-0.5096,XAGUSD,USD,3.1291,-0.1444,0.1444
2024-11-19,XAGAUD,AUD,-2.2124,-1.3473,XAGUSD,USD,2.1284,0.8075,-0.8075
2024-11-20,XAGAUD,AUD,-2.1612,0.2795,XAGUSD,USD,1.9299,0.1421,-0.1421
2024-11-21,XAGNZD,NZD,-2.0343,1.7441,XAGUSD,USD,1.8001,-1.2843,1.2843
2024-11-22,XAGNZD,NZD,-2.5128,-3.5876,XAGUSD,USD,2.2347,3.5102,-3.5102
2024-11-25,XAGCHF,CHF,-2.5344,0.4006,XAGUSD,USD,1.7493,-0.5892,0.5892
2024-11-26,XAGNZD,NZD,-2.9236,-1.3498,XAGUSD,USD,2.3757,0.9115,-0.9115
2024-11-27,XAGGBP,GBP,-2.4252,0.0,XAGJPY,JPY,2.3136,0.0,0.0
2024-11-28,XAGEUR,EUR,-2.4069,0.0,XAGJPY,JPY,2.832,0.0,0.0
2024-11-29,XAGEUR,EUR,-2.6247,-0.6003,XAGJPY,JPY,2.0337,1.6067,-0.7691
2024-12-02,XAGEUR,EUR,-2.8991,2.4887,XAGJPY,JPY,3.2034,-1.7969,2.0625
2024-12-03,XAGEUR,EUR,-3.2618,1.2846,XAGJPY,JPY,3.6891,-1.4715,1.3772
2024-12-04,XAGEUR,EUR,-3.3216,-1.2087,XAGJPY,JPY,3.3908,0.57,-1.1776
2024-12-05,XAGEUR,EUR,-2.37,-0.5091,XAGJPY,JPY,3.5554,0.0725,0.167
2024-12-06,XAGAUD,AUD,-3.3986,4.1095,XAGJPY,JPY,3.1382,-3.181,3.3028
2024-12-09,XAGAUD,AUD,-2.8044,-0.1365,XAGJPY,JPY,2.7675,-1.379,0.4563
2024-12-10,XAGAUD,AUD,-2.1239,1.5918,XAGJPY,JPY,1.9904,-0.8801,0.6149
2024-12-11,XAGAUD,AUD,-2.3494,-4.2155,XAGJPY,JPY,1.9982,3.8201,-4.0968
2024-12-12,XAGAUD,AUD,-1.6758,-1.6978,XAGJPY,JPY,2.0818,1.6144,-1.8349
2024-12-13,XAGEUR,EUR,-1.3958,-0.206,XAGJPY,JPY,2.6315,-0.7053,0.137
2024-12-16,XAGNZD,NZD,-1.5777,-0.7701,XAGJPY,JPY,0.8343,-0.0069,-0.404
2024-12-17,XAGAUD,AUD,-1.9905,0.0197,XAGUSD,USD,0.9584,0.5332,-0.5332
2024-12-18,XAGAUD,AUD,-3.0627,-2.2471,XAGUSD,USD,1.3864,4.3275,-4.3275
2024-12-19,XAGAUD,AUD,-4.7252,1.4908,XAGUSD,USD,2.4257,-1.9454,1.9454
2024-12-20,XAGAUD,AUD,-4.2439,0.4642,XAGUSD,USD,2.3525,-0.7687,0.7687
2024-12-23,XAGAUD,AUD,-4.3883,0.4157,XAGUSD,USD,1.9328,-0.2877,0.2877
2024-12-24,XAGAUD,AUD,-3.3861,0.0,XAGUSD,USD,1.6324,0.0,0.0
2024-12-25,XAGAUD,AUD,-3.6461,0.0,XAGUSD,USD,2.0701,0.0,0.0
2024-12-26,XAGNZD,NZD,-4.115,-0.8607,XAGUSD,USD,2.6773,1.3046,-1.3046
2024-12-27,XAGNZD,NZD,-4.5927,-2.0915,XAGUSD,USD,2.9581,1.8513,-1.8513
2024-12-30,XAGJPY,JPY,-4.6057,-1.1233,XAGUSD,USD,3.0295,0.5703,-0.5703
2024-12-31,XAGJPY,JPY,-4.3945,2.8286,XAGUSD,USD,2.7115,-2.3566,2.3566
2025-01-02,XAGNZD,NZD,-4.823,0.7186,XAGUSD,USD,3.1496,-0.6212,0.6212
2025-01-03,XAGNZD,NZD,-4.5108,1.3798,XAGUSD,USD,3.2914,-1.7983,1.7983
2025-01-06,XAGNZD,NZD,-4.5243,-0.0636,XAGUSD,USD,3.5263,-0.3461,0.3461
2025-01-07,XAGJPY,JPY,-3.8914,0.329,XAGUSD,USD,2.7126,-0.0164,0.0164
2025-01-08,XAGNZD,NZD,-3.8147,1.6559,XAGUSD,USD,2.9227,-1.1132,1.1132
2025-01-09,XAGNZD,NZD,-3.392,1.1891,XAGUSD,USD,2.8842,-0.9743,0.9743
2025-01-10,XAGNZD,NZD,-3.464,-2.7172,XAGUSD,USD,3.003,3.2164,-3.2164
2025-01-13,XAGNZD,NZD,-3.5615,-0.5675,XAGUSD,USD,2.9387,-0.1363,0.1363
2025-01-14,XAGNZD,NZD,-2.8856,3.9615,XAGUSD,USD,2.4701,-3.9393,3.9393
2025-01-15,XAGNZD,NZD,-3.2632,0.1991,XAGUSD,USD,2.4821,-0.6514,0.6514
2025-01-16,XAGGBP,GBP,-2.5073,-1.7629,XAGUSD,USD,1.9381,1.8145,-1.8145
2025-01-17,XAGGBP,GBP,-2.3577,0.0,XAGUSD,USD,0.6054,0.0,0.0
2025-01-20,XAGGBP,GBP,-2.6271,0.0,XAGJPY,JPY,1.9919,0.0,0.0
2025-01-21,XAGGBP,GBP,-2.1356,-0.2626,XAGJPY,JPY,1.4873,-0.1074,-0.23
2025-01-22,XAGGBP,GBP,-1.884,-1.6429,XAGJPY,JPY,1.3848,1.392,-1.8118
2025-01-23,XAGGBP,GBP,-1.9662,0.816,XAGJPY,JPY,0.9781,-0.9568,1.1411
2025-01-24,XAGGBP,GBP,-1.7877,-3.3041,XAGJPY,JPY,1.0796,2.7355,-2.4788
2025-01-27,XAGGBP,GBP,-1.1278,1.5533,XAGJPY,JPY,1.3214,-1.0189,1.5634
2025-01-28,XAGGBP,GBP,-1.6137,1.8176,XAGJPY,JPY,2.144,-2.0896,1.663
2025-01-29,XAGGBP,GBP,-1.24,3.4913,XAGJPY,JPY,1.1326,-3.3455,3.6046
2025-01-30,XAGGBP,GBP,-1.2785,-0.4783,XAGJPY,JPY,1.5446,1.4157,-0.7292
2025-01-31,XAGGBP,GBP,-0.7601,1.904,XAGJPY,JPY,1.5479,-1.65,0.8217
2025-02-03,XAGCAD,CAD,-1.9183,-0.5315,XAGJPY,JPY,1.8892,-1.475,1.5312
2025-02-04,XAGGBP,GBP,-0.9703,-0.4656,XAGJPY,JPY,1.9502,0.8303,-0.0943
2025-02-05,XAGGBP,GBP,-0.9549,-1.2367,XAGJPY,JPY,2.5015,2.0122,-1.0317
2025-02-06,XAGUSD,USD,-1.3863,-0.5628,XAGJPY,JPY,2.8895,1.4835,-0.5628
2025-02-07,XAGUSD,USD,-1.5266,0.1763,XAGJPY,JPY,3.7114,-0.6089,0.1763
2025-02-10,XAGUSD,USD,-1.4883,-0.497,XAGJPY,JPY,3.1255,0.554,-0.497
2025-02-11,XAGEUR,EUR,-1.1802,0.8189,XAGJPY,JPY,3.1167,-2.0947,1.4396
2025-02-12,XAGUSD,USD,-1.2867,-0.1376,XAGJPY,JPY,2.5426,-0.8536,-0.1376
2025-02-13,XAGUSD,USD,-0.7066,0.4625,XAGGBP,GBP,0.9421,0.4394,0.4625
2025-02-14,XAGUSD,USD,-1.5752,0.0,XAGAUD,AUD,1.7168,0.0,0.0
2025-02-17,XAGUSD,USD,-2.432,0.0,XAGNZD,NZD,2.6074,0.0,0.0
2025-02-18,XAGUSD,USD,-1.2744,-0.9725,XAGJPY,JPY,1.4857,0.654,-0.9725
2025-02-19,XAGUSD,USD,-1.2684,1.367,XAGJPY,JPY,1.5679,-0.8926,1.367
2025-02-20,XAGEUR,EUR,-1.7108,-2.1464,XAGJPY,JPY,2.5924,2.5808,-1.3993
2025-02-21,XAGUSD,USD,-1.9469,-1.216,XAGJPY,JPY,3.2426,1.2299,-1.216
2025-02-24,XAGEUR,EUR,-1.7973,-2.2503,XAGJPY,JPY,3.5693,2.0643,-2.3761
2025-02-25,XAGEUR,EUR,-1.348,0.8166,XAGJPY,JPY,2.8008,-0.8894,1.4213
2025-02-26,XAGUSD,USD,-1.666,-1.4014,XAGJPY,JPY,3.2845,1.5602,-1.4014
2025-02-27,XAGUSD,USD,-1.4316,-1.8301,XAGJPY,JPY,3.3046,1.0558,-1.8301
2025-02-28,XAGEUR,EUR,-1.3673,2.4197,XAGJPY,JPY,2.1985,-3.1233,2.6042
2025-03-03,XAGUSD,USD,-1.751,0.2373,XAGCAD,CAD,1.8754,-0.5774,0.2373
2025-03-04,XAGUSD,USD,-1.2037,2.3359,XAGJPY,JPY,2.6626,-2.6745,2.3359
2025-03-05,XAGUSD,USD,-1.3735,0.6239,XAGCHF,CHF,1.7233,-0.7427,0.6239
2025-03-06,XAGUSD,USD,-1.6978,-1.5576,XAGEUR,EUR,1.9064,1.4939,-1.5576
2025-03-07,XAGUSD,USD,-1.988,-0.8388,XAGCHF,CHF,2.4064,1.5101,-0.8388
2025-03-10,XAGUSD,USD,-2.531,1.8993,XAGCHF,CHF,3.6673,-2.2059,1.8993
2025-03-11,XAGUSD,USD,-2.3529,1.8122,XAGCHF,CHF,3.44,-2.2125,1.8122
2025-03-12,XAGUSD,USD,-2.2036,1.6933,XAGCHF,CHF,3.2366,-1.5011,1.6933
2025-03-13,XAGUSD,USD,-2.5995,0.3994,XAGCHF,CHF,3.4629,-0.4962,0.3994
2025-03-14,XAGCAD,CAD,-1.6467,-0.7216,XAGCHF,CHF,2.284,0.1645,-0.3305
2025-03-17,XAGCAD,CAD,-1.3057,0.9587,XAGEUR,EUR,2.0292,-1.1298,1.4821
2025-03-18,XAGUSD,USD,-1.6847,-1.7467,XAGEUR,EUR,2.6913,1.9291,-1.7467
2025-03-19,XAGUSD,USD,-1.9443,-0.5563,XAGEUR,EUR,3.1222,0.305,-0.5563
2025-03-20,XAGUSD,USD,-2.1341,-1.4681,XAGCHF,CHF,3.1131,0.9085,-1.4681
2025-03-21,XAGAUD,AUD,-1.5646,0.1725,XAGEUR,EUR,2.4155,-0.118,-0.0751
2025-03-24,XAGJPY,JPY,-2.0698,2.9647,XAGEUR,EUR,2.78,-2.5201,2.2155
2025-03-25,XAGJPY,JPY,-2.5227,-0.4558,XAGEUR,EUR,2.6672,-0.2404,0.0912
2025-03-26,XAGJPY,JPY,-2.1472,2.8964,XAGEUR,EUR,2.003,-2.9723,2.5387
2025-03-27,XAGJPY,JPY,-2.4311,-0.4782,XAGEUR,EUR,2.2686,1.2667,-0.725
2025-03-28,XAGJPY,JPY,-2.8024,-1.3508,XAGEUR,EUR,3.1529,0.7503,-0.5398
2025-03-31,XAGUSD,USD,-1.9277,-0.8677,XAGEUR,EUR,2.7804,0.8216,-0.8677
2025-04-01,XAGJPY,JPY,-2.0518,0.9107,XAGEUR,EUR,2.7407,-1.2125,0.9983
2025-04-02,XAGJPY,JPY,-0.8658,-8.8735,XAGEUR,EUR,1.2613,8.6495,-7.6959
2025-04-03,XAGAUD,AUD,-1.1581,-9.4171,XAGCHF,CHF,1.5606,10.4,-8.5668
2025-04-04,XAGUSD,USD,-1.4499,1.3532,XAGCHF,CHF,2.7295,-0.4567,1.3532
2025-04-07,XAGAUD,AUD,-5.0159,0.1121,XAGCHF,CHF,2.9327,-1.2316,0.2779
2025-04-08,XAGAUD,AUD,-4.4892,3.1985,XAGCHF,CHF,2.3035,-0.7956,2.4703
2025-04-09,XAGAUD,AUD,-5.4008,-1.7931,XAGCHF,CHF,4.2765,-2.3186,1.1476
2025-04-10,XAGAUD,AUD,-3.0656,2.2624,XAGCHF,CHF,2.9849,0.4484,3.7593
2025-04-11,XAGUSD,USD,-2.4103,0.8421,XAGCHF,CHF,7.0087,-0.5104,0.8421
2025-04-14,XAGUSD,USD,-2.9598,0.4207,XAGCHF,CHF,7.4687,-0.1629,0.4207
2025-04-15,XAGUSD,USD,-2.7645,2.169,XAGCHF,CHF,7.4038,-2.7713,2.169
2025-04-16,XAGUSD,USD,-2.7047,-1.5368,XAGCHF,CHF,6.3844,2.3789,-1.5368
2025-04-17,XAGUSD,USD,-3.2899,1.4189,XAGCHF,CHF,7.1486,-0.8331,1.4189
2025-04-22,XAGUSD,USD,-4.5767,1.9404,XAGCHF,CHF,8.2061,-4.0849,1.9404
2025-04-23,XAGUSD,USD,-3.8707,-0.1074,XAGCHF,CHF,6.4389,-0.3436,-0.1074
2025-04-24,XAGUSD,USD,-3.8245,-1.4724,XAGCHF,CHF,5.9919,1.5983,-1.4724
2025-04-25,XAGUSD,USD,-4.0072,0.003,XAGCHF,CHF,6.1077,0.038,0.003
2025-04-28,XAGUSD,USD,-4.0075,0.8639,XAGCHF,CHF,6.3065,0.014,0.8639
2025-04-29,XAGUSD,USD,-4.487,-2.2359,XAGCHF,CHF,6.8312,1.9704,-2.2359
2025-04-30,XAGUSD,USD,-4.1907,-1.0513,XAGCHF,CHF,6.5198,0.7461,-1.0513
2025-05-01,XAGUSD,USD,-4.3701,-0.6213,XAGCHF,CHF,6.5466,0.258,-0.6213
2025-05-02,XAGUSD,USD,-3.5226,0.6752,XAGCHF,CHF,6.1603,-0.0826,0.6752
2025-05-05,XAGUSD,USD,-3.3307,2.8194,XAGCHF,CHF,6.0094,-2.5313,2.8194
2025-05-06,XAGUSD,USD,-2.4512,-1.7576,XAGCHF,CHF,4.355,1.2987,-1.7576
2025-05-07,XAGUSD,USD,-4.5625,-0.4703,XAGAUD,AUD,8.6676,-0.6416,-0.4703
2025-05-08,XAGUSD,USD,-4.6002,0.9204,XAGAUD,AUD,7.2893,-1.5867,0.9204
2025-05-09,XAGUSD,USD,-3.3948,-0.8814,XAGAUD,AUD,7.3432,1.3186,-0.8814
2025-05-12,XAGUSD,USD,-2.9622,1.482,XAGNZD,NZD,5.029,-2.5107,1.482
2025-05-13,XAGJPY,JPY,-3.1686,-2.4702,XAGGBP,GBP,2.9682,2.8861,-1.9533
2025-05-14,XAGJPY,JPY,-2.7684,0.1914,XAGGBP,GBP,3.0257,-1.1024,0.7913
2025-05-15,XAGCHF,CHF,-3.0972,-1.775,XAGGBP,GBP,1.94,1.3175,-0.9944
2025-05-16,XAGCHF,CHF,-1.685,0.5843,XAGGBP,GBP,1.441,-0.4926,0.482
2025-05-19,XAGCHF,CHF,-2.6667,2.008,XAGGBP,GBP,1.9495,-1.6474,2.0642
2025-05-20,XAGCHF,CHF,-3.2062,0.4586,XAGGBP,GBP,1.6373,-1.1785,1.4645
2025-05-21,XAGJPY,JPY,-1.2764,-1.6352,XAGGBP,GBP,1.5043,1.3993,-1.2432
2025-05-22,XAGJPY,JPY,-0.7711,1.2678,XAGGBP,GBP,1.2729,-1.1939,1.1953
2025-05-23,XAGNZD,NZD,-1.5092,0.0,XAGGBP,GBP,1.1894,0.0,0.0
2025-05-26,XAGUSD,USD,-1.0027,0.0,XAGAUD,AUD,1.8346,0.0,0.0
2025-05-27,XAGJPY,JPY,-0.5961,0.6217,XAGGBP,GBP,1.1303,0.0583,-0.4405
2025-05-28,XAGJPY,JPY,-1.4229,1.9209,XAGGBP,GBP,1.3574,-1.4723,0.8576
2025-05-29,XAGJPY,JPY,-1.8813,-2.4757,XAGGBP,GBP,1.7018,1.6691,-1.1748
2025-05-30,XAGUSD,USD,-0.9487,5.0803,XAGNZD,NZD,1.1013,-5.177,5.0803
2025-06-02,XAGUSD,USD,-0.5044,-0.1736,XAGGBP,GBP,1.1917,0.8324,-0.1736
2025-06-03,XAGUSD,USD,-1.086,0.0464,XAGNZD,NZD,1.4509,-0.7422,0.0464
2025-06-04,XAGJPY,JPY,-1.126,2.5952,XAGGBP,GBP,1.3765,-3.2313,3.3894
2025-06-05,XAGUSD,USD,-1.1321,0.9415,XAGNZD,NZD,1.4683,-0.6926,0.9415
2025-06-06,XAGUSD,USD,-1.9958,1.8404,XAGNZD,NZD,2.426,-2.1462,1.8404
2025-06-09,XAGUSD,USD,-1.4837,-0.398,XAGNZD,NZD,1.7482,0.8372,-0.398
2025-06-10,XAGUSD,USD,-2.6738,-1.029,XAGNZD,NZD,3.2348,1.1631,-1.029
2025-06-11,XAGUSD,USD,-1.7864,0.13,XAGCHF,CHF,2.0859,0.2989,0.13
2025-06-12,XAGUSD,USD,-2.2109,0.1878,XAGCHF,CHF,2.7141,0.963,0.1878
2025-06-13,XAGUSD,USD,-2.6451,0.2701,XAGNZD,NZD,3.26,-0.7051,0.2701
2025-06-16,XAGUSD,USD,-2.2042,1.9544,XAGCHF,CHF,2.781,-2.142,1.9544
2025-06-17,XAGUSD,USD,-1.8106,-0.6039,XAGCAD,CAD,2.7399,-0.1949,-0.6039
2025-06-18,XAGJPY,JPY,-1.383,0.0,XAGEUR,EUR,1.8819,0.0,0.0
2025-06-19,XAGJPY,JPY,-1.2627,0.0,XAGNZD,NZD,1.6183,0.0,0.0
2025-06-20,XAGJPY,JPY,-1.772,1.1881,XAGEUR,EUR,2.2151,-0.5961,0.492
2025-06-23,XAGJPY,JPY,-2.4832,-1.4501,XAGEUR,EUR,2.1683,2.0861,-1.2502
2025-06-24,XAGJPY,JPY,-2.8737,0.403,XAGEUR,EUR,2.6751,-0.9607,1.0756
2025-06-25,XAGJPY,JPY,-1.6021,1.3513,XAGCHF,CHF,2.6727,-1.2096,1.3884
2025-06-26,XAGUSD,USD,-2.0148,-1.5006,XAGCHF,CHF,3.4617,1.8486,-1.5006
2025-06-27,XAGJPY,JPY,-2.1165,-0.6351,XAGCHF,CHF,2.5646,0.8413,-0.5134
2025-06-30,XAGJPY,JPY,-2.2167,0.1422,XAGCHF,CHF,2.9212,0.0557,0.6415
2025-07-01,XAGJPY,JPY,-2.3567,0.674,XAGCHF,CHF,2.8458,-0.6949,0.9534
2025-07-02,XAGUSD,USD,-1.9158,0.9828,XAGCHF,CHF,3.913,-1.0863,0.9828
2025-07-03,XAGJPY,JPY,-1.9103,0.7808,XAGEUR,EUR,3.2568,-0.2197,-0.0245
2025-07-04,XAGJPY,JPY,-1.9412,-0.5617,XAGCHF,CHF,3.0699,0.4426,-0.4351
2025-07-07,XAGUSD,USD,-1.3476,-0.3906,XAGCHF,CHF,3.3144,-0.0008,-0.3906
2025-07-08,XAGJPY,JPY,-2.0089,0.322,XAGCHF,CHF,2.9274,0.493,-0.3318
2025-07-09,XAGJPY,JPY,-2.4362,1.3799,XAGCHF,CHF,3.1694,-1.5135,1.8899
2025-07-10,XAGJPY,JPY,-2.0409,4.5468,XAGCHF,CHF,3.1122,-4.9216,4.4225
2025-07-11,XAGJPY,JPY,-2.3449,0.1313,XAGEUR,EUR,1.7225,0.3776,-0.5533
2025-07-14,XAGJPY,JPY,-2.1995,-1.3009,XAGEUR,EUR,2.0576,1.4995,-1.6328
2025-07-15,XAGJPY,JPY,-2.1145,0.7062,XAGEUR,EUR,2.0563,-0.558,0.0502
2025-07-16,XAGJPY,JPY,-2.6092,0.024,XAGEUR,EUR,1.968,-0.2912,0.5363
2025-07-17,XAGJPY,JPY,-2.5607,0.7367,XAGCHF,CHF,2.2147,-0.6846,0.4388
2025-07-18,XAGJPY,JPY,-2.4172,2.2895,XAGEUR,EUR,1.7604,-2.1628,2.2971
2025-07-21,XAGJPY,JPY,-1.8425,-0.1323,XAGCHF,CHF,2.0263,-0.1715,0.5601
2025-07-22,XAGJPY,JPY,-1.1552,-0.5297,XAGCHF,CHF,1.7839,0.6643,-0.1068
2025-07-23,XAGJPY,JPY,-1.404,-0.9494,XAGEUR,EUR,1.7551,0.9505,-0.6543
2025-07-24,XAGJPY,JPY,-0.9808,-1.7501,XAGCHF,CHF,1.4536,1.8399,-2.1886
2025-07-25,XAGJPY,JPY,-1.2554,0.1782,XAGEUR,EUR,1.6217,0.3753,-0.3694
2025-07-28,XAGJPY,JPY,-1.6744,0.6038,XAGEUR,EUR,1.7146,-1.5349,0.1525
2025-07-29,XAGNZD,NZD,-1.9779,-1.0739,XAGUSD,USD,1.8033,1.3601,-1.3601
2025-07-30,XAGNZD,NZD,-2.3961,-1.9264,XAGUSD,USD,2.1159,2.6993,-2.6993
2025-07-31,XAGNZD,NZD,-2.984,0.9675,XAGUSD,USD,2.7901,-0.6429,0.6429
2025-08-01,XAGNZD,NZD,-3.1481,0.6651,XAGUSD,USD,2.9292,-1.1009,1.1009
2025-08-04,XAGNZD,NZD,-2.2645,1.283,XAGUSD,USD,1.762,-1.3309,1.3309
2025-08-05,XAGGBP,GBP,-1.7677,0.195,XAGUSD,USD,1.1857,-0.2096,0.2096
2025-08-06,XAGGBP,GBP,-1.5418,0.5959,XAGUSD,USD,1.1659,-1.038,1.038
2025-08-07,XAGCHF,CHF,-1.6546,0.6338,XAGUSD,USD,0.9739,-0.6788,0.6788
2025-08-08,XAGNZD,NZD,-1.1851,-1.6223,XAGUSD,USD,0.778,1.9653,-1.9653
2025-08-11,XAGCHF,CHF,-1.3404,1.1689,XAGUSD,USD,0.6611,-0.6293,0.6293
2025-08-12,XAGCHF,CHF,-1.7459,0.8749,XAGUSD,USD,0.5457,-1.5832,1.5832
2025-08-13,XAGCHF,CHF,-0.589,-1.5167,XAGGBP,GBP,0.399,1.9318,-1.3429
2025-08-14,XAGCHF,CHF,-0.4745,0.1155,XAGGBP,GBP,0.8752,-0.1709,-0.2317
2025-08-15,XAGCHF,CHF,-0.5779,0.0363,XAGGBP,GBP,0.4588,0.0393,0.1504
2025-08-18,XAGCHF,CHF,-0.6765,-1.7195,XAGGBP,GBP,0.5642,1.4681,-1.8181
2025-08-19,XAGCHF,CHF,-1.1685,1.2367,XAGUSD,USD,0.5427,-1.1916,1.1916
2025-08-20,XAGCAD,CAD,-1.9237,0.9035,XAGUSD,USD,1.2377,-0.854,0.854
2025-08-21,XAGNZD,NZD,-3.6315,2.67,XAGUSD,USD,1.7474,-2.5666,2.5666
2025-08-22,XAGNZD,NZD,-3.558,-1.5645,XAGUSD,USD,1.8041,0.8358,-0.8358
2025-08-25,XAGNZD,NZD,-2.5567,0.0311,XAGUSD,USD,0.7374,0.2456,-0.2456
2025-08-26,XAGNZD,NZD,-2.0548,0.1195,XAGGBP,GBP,0.4972,-0.0898,0.2773
2025-08-27,XAGNZD,NZD,-1.6157,1.2469,XAGGBP,GBP,0.4533,-1.1065,1.2949
2025-08-28,XAGUSD,USD,-1.0023,2.5772,XAGCHF,CHF,1.44,-2.5887,2.5772
2025-08-29,XAGUSD,USD,-1.5729,0.0,XAGAUD,AUD,1.6069,0.0,0.0
2025-09-01,XAGJPY,JPY,-0.6713,0.0,XAGGBP,GBP,1.2512,0.0,0.0
2025-09-02,XAGJPY,JPY,-1.2101,2.1536,XAGGBP,GBP,1.5687,-2.3897,1.1468
2025-09-03,XAGJPY,JPY,-1.0427,-1.8955,XAGAUD,AUD,0.6999,1.9117,-1.5189
2025-09-04,XAGNZD,NZD,-0.7992,0.9133,XAGGBP,GBP,0.8099,-0.3768,0.3984
2025-09-05,XAGNZD,NZD,-1.9935,0.213,XAGUSD,USD,0.5501,-0.857,0.857
2025-09-08,XAGNZD,NZD,-1.0186,-2.2589,XAGCHF,CHF,1.0267,2.1094,-1.3228
2025-09-09,XAGUSD,USD,-0.8906,0.6238,XAGCHF,CHF,2.3392,-1.1937,0.6238
2025-09-10,XAGCAD,CAD,-0.5592,1.4729,XAGCHF,CHF,1.0966,-1.5453,1.3712
2025-09-11,XAGCAD,CAD,-0.7882,1.4583,XAGAUD,AUD,1.0319,-0.9126,1.6548
2025-09-12,XAGUSD,USD,-0.891,0.3067,XAGAUD,AUD,2.6239,-0.5934,0.3067
2025-09-15,XAGUSD,USD,-0.4909,-0.1082,XAGAUD,AUD,2.0887,0.4675,-0.1082
2025-09-16,XAGUSD,USD,-1.022,-1.7636,XAGAUD,AUD,2.7437,1.9985,-1.7636
2025-09-17,XAGUSD,USD,-1.8439,-0.036,XAGAUD,AUD,3.6315,-0.5125,-0.036
2025-09-18,XAGUSD,USD,-1.5556,1.9877,XAGAUD,AUD,3.3623,-2.5209,1.9877
2025-09-19,XAGUSD,USD,-1.4008,2.9693,XAGAUD,AUD,2.9944,-3.4161,2.9693
2025-09-22,XAGJPY,JPY,-0.5607,0.6452,XAGAUD,AUD,1.61,-0.7034,0.8973
2025-09-23,XAGUSD,USD,-0.8932,-0.9391,XAGAUD,AUD,1.8654,0.876,-0.9391
2025-09-24,XAGJPY,JPY,-0.7199,2.8887,XAGAUD,AUD,1.5702,-2.2702,2.1016
2025-09-25,XAGJPY,JPY,-1.1261,4.1813,XAGEUR,EUR,1.2864,-4.1359,3.4096
2025-09-26,XAGNZD,NZD,-2.0713,0.5838,XAGEUR,EUR,0.9701,-0.4543,0.8459
2025-09-29,XAGNZD,NZD,-2.0126,-0.827,XAGEUR,EUR,0.8949,0.9665,-0.7702
2025-09-30,XAGNZD,NZD,-2.1126,1.9867,XAGEUR,EUR,0.7549,-2.2036,2.242
2025-10-01,XAGNZD,NZD,-1.1209,-3.1592,XAGAUD,AUD,1.4175,2.7984,-2.7279
2025-10-02,XAGCAD,CAD,-1.0614,3.6306,XAGAUD,AUD,1.0864,-3.7447,3.4717
2025-10-03,XAGCAD,CAD,-1.0561,1.0486,XAGAUD,AUD,1.1667,-1.0954,1.019
2025-10-06,XAGNZD,NZD,-1.087,-2.152,XAGAUD,AUD,0.5889,2.225,-1.878
2025-10-07,XAGNZD,NZD,-1.7509,3.9007,XAGUSD,USD,0.8354,-3.1306,3.1306
2025-10-08,XAGJPY,JPY,-2.7632,-3.3135,XAGUSD,USD,1.0671,3.7118,-3.7118
2025-10-09,XAGJPY,JPY,-3.067,0.3749,XAGUSD,USD,1.3545,-0.1878,0.1878
2025-10-10,XAGNZD,NZD,-3.7621,7.2877,XAGUSD,USD,2.1885,-6.8005,6.8005
2025-10-13,XAGNZD,NZD,-3.8066,0.5303,XAGUSD,USD,1.9377,-0.367,0.367
2025-10-14,XAGNZD,NZD,-4.2155,1.5527,XAGUSD,USD,2.4058,-1.5085,1.5085
2025-10-15,XAGNZD,NZD,-4.5814,3.7978,XAGUSD,USD,2.8695,-3.8181,3.8181
2025-10-16,XAGNZD,NZD,-3.6749,-6.1368,XAGUSD,USD,2.1212,5.9578,-5.9578
2025-10-17,XAGNZD,NZD,-2.7885,2.4311,XAGUSD,USD,1.3789,-2.5168,2.5168
2025-10-20,XAGNZD,NZD,-2.0422,-7.3822,XAGUSD,USD,1.0853,7.1774,-7.1774
2025-10-21,XAGNZD,NZD,-2.1182,0.0559,XAGUSD,USD,1.3038,-0.0232,0.0232
2025-10-22,XAGNZD,NZD,-1.9531,2.2527,XAGUSD,USD,1.6313,-2.1512,2.1512
2025-10-23,XAGJPY,JPY,-1.5039,0.209,XAGUSD,USD,1.1071,0.2166,-0.2166
2025-10-24,XAGJPY,JPY,-1.6772,-3.4623,XAGGBP,GBP,0.6706,3.7151,-3.7518
2025-10-27,XAGJPY,JPY,-2.0132,0.9651,XAGUSD,USD,0.6535,-1.2091,1.2091
2025-10-28,XAGJPY,JPY,-2.2804,0.6274,XAGUSD,USD,0.6896,-1.2647,1.2647
2025-10-29,XAGJPY,JPY,-1.8764,2.1443,XAGUSD,USD,0.6709,-1.4815,1.4815
2025-10-30,XAGJPY,JPY,-2.7163,-0.1318,XAGUSD,USD,1.287,0.8962,-0.8962
2025-10-31,XAGJPY,JPY,-3.3884,-0.0296,XAGUSD,USD,1.5155,0.2209,-0.2209
2025-11-03,XAGJPY,JPY,-1.7629,-1.5771,XAGUSD,USD,1.5236,1.5829,-1.5829
2025-11-04,XAGNZD,NZD,-2.2939,2.7182,XAGUSD,USD,1.8118,-1.5553,1.5553
2025-11-05,XAGNZD,NZD,-2.6787,-0.6126,XAGUSD,USD,1.7241,0.1442,-0.1442
2025-11-06,XAGNZD,NZD,-1.9796,1.0008,XAGUSD,USD,1.4107,-0.4666,0.4666
2025-11-07,XAGNZD,NZD,-1.9799,4.7176,XAGUSD,USD,0.7371,-4.4984,4.4984
2025-11-10,XAGNZD,NZD,-1.7388,0.5826,XAGUSD,USD,0.8156,-0.8789,0.8789
2025-11-11,XAGNZD,NZD,-1.289,5.1102,XAGEUR,EUR,0.6958,-5.0865,5.3617
2025-11-12,XAGJPY,JPY,-1.0716,-0.0717,XAGEUR,EUR,0.81,0.5241,-0.4838
2025-11-13,XAGJPY,JPY,-1.6143,-4.7295,XAGEUR,EUR,1.0551,5.0062,-4.6803
2025-11-14,XAGJPY,JPY,-2.0508,0.0381,XAGEUR,EUR,1.145,-0.2124,0.0692
2025-11-17,XAGJPY,JPY,-1.6424,0.0978,XAGEUR,EUR,1.1212,0.1327,-0.3457
2025-11-18,XAGJPY,JPY,-2.1884,0.8522,XAGEUR,EUR,1.1573,-0.7556,0.6739
2025-11-19,XAGJPY,JPY,-1.7947,-0.1507,XAGEUR,EUR,1.1837,0.722,-1.0691
2025-11-20,XAGJPY,JPY,-2.3618,-0.506,XAGUSD,USD,1.3946,0.7443,-0.7443
2025-11-21,XAGNZD,NZD,-2.839,0.4621,XAGUSD,USD,1.6514,-0.8461,0.8461
2025-11-24,XAGNZD,NZD,-2.5523,1.2591,XAGUSD,USD,1.5842,-1.2705,1.2705
2025-11-25,XAGNZD,NZD,-2.7996,3.694,XAGUSD,USD,1.7841,-3.8913,3.8913
2025-11-26,XAGNZD,NZD,-2.7507,0.0,XAGUSD,USD,1.7497,0.0,0.0
2025-11-27,XAGJPY,JPY,-2.4308,0.0,XAGGBP,GBP,1.1521,0.0,0.0
2025-11-28,XAGJPY,JPY,-1.839,3.2579,XAGGBP,GBP,1.061,-3.5046,3.4936
2025-12-01,XAGJPY,JPY,-1.607,-0.9808,XAGGBP,GBP,0.9617,0.516,-0.7446
2025-12-02,XAGJPY,JPY,-1.3269,0.0536,XAGEUR,EUR,0.8748,0.2809,-0.1069
2025-12-03,XAGJPY,JPY,-2.4048,-2.2952,XAGNZD,NZD,1.7438,2.4222,-1.8543
2025-12-04,XAGJPY,JPY,-1.9296,2.7938,XAGGBP,GBP,1.9944,-2.9791,2.7706
2025-12-05,XAGJPY,JPY,-2.1746,-0.9744,XAGNZD,NZD,2.1421,1.3779,-1.1006
2025-12-08,XAGJPY,JPY,-1.7403,4.4743,XAGNZD,NZD,2.6441,-4.1346,4.1364
2025-12-09,XAGJPY,JPY,-1.7355,0.9891,XAGNZD,NZD,2.3444,-0.29,0.349
2025-12-10,XAGJPY,JPY,-2.3011,5.172,XAGNZD,NZD,2.1602,-5.1934,5.8795
2025-12-11,XAGJPY,JPY,-1.6777,-4.1528,XAGNZD,NZD,2.7358,3.8831,-4.0154
2025-12-12,XAGJPY,JPY,-1.5304,2.7833,XAGNZD,NZD,2.8012,-2.6932,2.5716
2025-12-15,XAGJPY,JPY,-1.7257,-0.9392,XAGNZD,NZD,2.22,0.1021,-0.3813
2025-12-16,XAGUSD,USD,-1.4195,5.6411,XAGNZD,NZD,2.322,-5.643,5.6411
2025-12-17,XAGUSD,USD,-1.4974,-2.4835,XAGNZD,NZD,2.2403,2.2639,-2.4835
2025-12-18,XAGUSD,USD,-1.8213,3.488,XAGNZD,NZD,2.8246,-3.4324,3.488
2025-12-19,XAGUSD,USD,-2.0834,1.5872,XAGNZD,NZD,3.2958,-1.9616,1.5872
2025-12-22,XAGJPY,JPY,-1.9222,3.2719,XAGNZD,NZD,2.5247,-3.0315,3.7979
2025-12-23,XAGUSD,USD,-2.2689,0.7746,XAGNZD,NZD,3.2757,0.0065,0.7746
2025-12-24,XAGUSD,USD,-2.5266,7.6797,XAGNZD,NZD,3.8848,-7.8012,7.6797
2025-12-26,XAGUSD,USD,-1.8921,-8.6682,XAGAUD,AUD,2.7701,8.7838,-8.6682
2025-12-29,XAGUSD,USD,-1.7367,10.7621,XAGAUD,AUD,2.7281,-11.0698,10.7621
2025-12-30,XAGUSD,USD,-1.5393,-9.3571,XAGAUD,AUD,2.2011,9.391,-9.3571
2025-12-31,XAGJPY,JPY,-1.6,0.8062,XAGAUD,AUD,2.3533,-0.8985,0.6017
2026-01-02,XAGJPY,JPY,-1.5902,8.126,XAGCAD,CAD,1.8154,-8.1899,7.9483
2026-01-05,XAGJPY,JPY,-1.55,5.4879,XAGCAD,CAD,1.4792,-5.9308,5.7324
2026-01-06,XAGJPY,JPY,-1.7004,-4.1828,XAGGBP,GBP,1.7036,3.9786,-4.2158
2026-01-07,XAGJPY,JPY,-1.4441,-3.1045,XAGAUD,AUD,1.5312,2.9214,-3.1361
2026-01-08,XAGJPY,JPY,-1.0106,5.6788,XAGAUD,AUD,1.4305,-5.9099,5.5785
2026-01-09,XAGNZD,NZD,-0.495,7.6535,XAGGBP,GBP,0.9247,-7.6093,7.2588
2026-01-12,XAGNZD,NZD,-1.5024,0.7344,XAGGBP,GBP,0.7675,-0.9591,1.4975
2026-01-13,XAGJPY,JPY,-1.5349,6.612,XAGGBP,GBP,1.2813,-6.1193,5.813
2026-01-14,XAGJPY,JPY,-1.9882,0.6146,XAGGBP,GBP,1.4154,-0.9887,1.1082
2026-01-15,XAGJPY,JPY,-2.0248,-4.0023,XAGGBP,GBP,1.4939,3.6802,-4.1197
2026-01-16,XAGJPY,JPY,-1.9493,0.0,XAGAUD,AUD,1.0583,0.0,0.0
2026-01-19,XAGJPY,JPY,-1.0492,0.0,XAGAUD,AUD,1.3042,0.0,0.0
2026-01-20,XAGJPY,JPY,-1.501,-2.128,XAGAUD,AUD,1.4527,2.436,-2.1188
2026-01-21,XAGUSD,USD,-0.56,4.0842,XAGAUD,AUD,1.8381,-3.7283,4.0842
2026-01-22,XAGCAD,CAD,-0.6873,4.7076,XAGAUD,AUD,1.4477,-3.8389,5.1565
2026-01-23,XAGJPY,JPY,-1.3625,11.6261,XAGAUD,AUD,2.0682,-12.8132,14.0253
2026-01-26,XAGUSD,USD,-1.2363,-8.3047,XAGAUD,AUD,3.1078,8.3142,-8.3047
2026-01-27,XAGUSD,USD,-1.4638,7.1908,XAGAUD,AUD,2.9881,-5.9485,7.1908
2026-01-28,XAGUSD,USD,-2.6957,0.8187,XAGAUD,AUD,4.4851,-0.1885,0.8187
2026-01-29,XAGUSD,USD,-2.9995,-31.3468,XAGAUD,AUD,5.103,31.4199,-31.3468
2026-01-30,XAGUSD,USD,-3.2491,-1.9313,XAGAUD,AUD,5.5254,0.505,-1.9313
2026-02-02,XAGUSD,USD,-2.2713,8.1586,XAGNZD,NZD,4.4982,-8.223,8.1586
2026-02-03,XAGUSD,USD,-1.7652,1.3523,XAGNZD,NZD,3.8818,-0.8278,1.3523
2026-02-04,XAGUSD,USD,-2.23,-9.0727,XAGNZD,NZD,4.5002,8.4057,-9.0727
2026-02-05,XAGUSD,USD,-2.0249,0.2692,XAGAUD,AUD,4.0508,-1.4,0.2692
2026-02-06,XAGUSD,USD,-1.7075,6.946,XAGNZD,NZD,3.2694,-5.2889,6.946
2026-02-09,XAGUSD,USD,-2.7767,-2.2507,XAGNZD,NZD,5.2807,2.5803,-2.2507
2026-02-10,XAGUSD,USD,-3.0457,4.408,XAGAUD,AUD,5.6023,-4.5379,4.408
2026-02-11,XAGUSD,USD,-3.4573,-9.8001,XAGAUD,AUD,5.8531,10.4394,-9.8001
2026-02-12,XAGUSD,USD,-3.4682,3.0511,XAGAUD,AUD,6.6215,-3.6065,3.0511
2026-02-13,XAGUSD,USD,-3.5171,0.0,XAGAUD,AUD,5.7112,0.0,0.0
2026-02-16,XAGUSD,USD,-3.3118,0.0,XAGAUD,AUD,5.7241,0.0,0.0
2026-02-17,XAGUSD,USD,-3.0067,5.5305,XAGAUD,AUD,5.4115,-5.3783,5.5305
2026-02-18,XAGUSD,USD,-2.5753,0.0722,XAGAUD,AUD,5.2216,-0.6322,0.0722
2026-02-19,XAGUSD,USD,-2.0765,6.0826,XAGAUD,AUD,4.2784,-5.8975,6.0826
2026-02-20,XAGUSD,USD,-1.2058,5.153,XAGAUD,AUD,3.1518,-4.3353,5.153
2026-02-23,XAGGBP,GBP,-1.0577,1.3517,XAGAUD,AUD,2.8551,-1.8053,1.0795
2026-02-24,XAGGBP,GBP,-1.0318,3.9772,XAGAUD,AUD,2.1111,-3.977,3.9814
2026-02-25,XAGCHF,CHF,-1.3797,-4.5303,XAGUSD,USD,1.2729,4.3337,-4.3337
2026-02-26,XAGNZD,NZD,-1.0622,8.866,XAGAUD,AUD,1.1463,-8.7767,8.491
