entry_time,exit_time,dir,ep,exit_price,result,equity,tf
2025-03-05 06:00:00+00:00,2025-03-05 07:26:00+00:00,1,0.56507,0.5668923214285715,win,1034863.5610564279,1h
2025-03-05 17:00:00+00:00,2025-03-05 19:40:00+00:00,1,0.57044,0.5722248214285715,win,1070939.6399382064,1h
2025-03-06 00:00:00+00:00,2025-03-06 00:25:00+00:00,1,0.5727899999999999,0.5723006428571429,loss,1049074.0238654423,1h
2025-03-06 12:00:00+00:00,2025-03-06 13:35:00+00:00,1,0.57372,0.57372,loss,1059564.7641040967,1h
2025-03-06 14:00:00+00:00,2025-03-06 16:19:00+00:00,1,0.57375,0.5755129464285715,win,1096500.1235183612,1h
2025-03-06 15:00:00+00:00,2025-03-06 15:26:00+00:00,1,0.57416,0.57416,loss,1107465.1247535448,1h
2025-03-07 19:00:00+00:00,2025-03-10 07:18:00+00:00,1,0.5701499999999999,0.5728574107142858,win,1146124.5180561994,1h
2025-03-10 06:00:00+00:00,2025-03-10 09:46:00+00:00,1,0.5719099999999999,0.5740685714285713,win,1186106.7472088125,1h
2025-03-10 10:00:00+00:00,2025-03-10 15:44:00+00:00,1,0.57404,0.5723385000000001,loss,1162244.3690784462,1h
2025-03-10 23:00:00+00:00,2025-03-11 07:43:00+00:00,-1,0.56881,0.5703721428571428,loss,1138849.7217229516,1h
2025-03-11 12:00:00+00:00,2025-03-11 14:01:00+00:00,1,0.5704699999999999,0.5704699999999999,loss,1150238.2189401812,1h
2025-03-12 01:00:00+00:00,2025-03-12 07:42:00+00:00,-1,0.5708500000000001,0.5708500000000001,loss,1161740.601129583,1h
2025-03-12 03:00:00+00:00,2025-03-12 08:39:00+00:00,-1,0.5704100000000001,0.5714459642857143,loss,1138279.3210676452,1h
2025-03-12 05:00:00+00:00,2025-03-12 12:01:00+00:00,1,0.57048,0.57048,loss,1149662.1142783216,1h
2025-03-12 08:00:00+00:00,2025-03-12 10:01:00+00:00,1,0.5707899999999999,0.5707899999999999,loss,1161158.7354211048,1h
2025-03-12 15:00:00+00:00,2025-03-13 06:37:00+00:00,1,0.57131,0.57131,loss,1172770.322775316,1h
2025-03-12 19:00:00+00:00,2025-03-13 00:22:00+00:00,1,0.5727899999999999,0.5741245535714284,win,1213599.2246459457,1h
2025-03-12 20:00:00+00:00,2025-03-13 04:42:00+00:00,1,0.57287,0.57287,loss,1225735.2168924052,1h
2025-03-13 00:00:00+00:00,2025-03-13 04:43:00+00:00,1,0.5737599999999999,0.5728189642857143,loss,1200957.2068192174,1h
2025-03-13 09:00:00+00:00,2025-03-13 12:30:00+00:00,-1,0.5705300000000001,0.5705300000000001,loss,1212966.7788874095,1h
2025-03-13 12:00:00+00:00,2025-03-13 12:30:00+00:00,-1,0.56971,0.5704227142857143,loss,1188362.2199938584,1h
2025-03-13 20:00:00+00:00,2025-03-13 22:52:00+00:00,-1,0.5701900000000001,0.5701900000000001,loss,1200245.842193797,1h
2025-03-14 06:00:00+00:00,2025-03-14 12:06:00+00:00,1,0.5713699999999999,0.573313839285714,win,1242100.871367461,1h
2025-03-14 08:00:00+00:00,2025-03-14 20:24:00+00:00,1,0.57229,0.5753771428571428,win,1285474.140032994,1h
2025-03-14 15:00:00+00:00,2025-03-17 07:07:00+00:00,1,0.5742299999999999,0.5767696428571427,win,1330339.6904043793,1h
2025-03-14 17:00:00+00:00,2025-03-14 20:58:00+00:00,1,0.5746199999999999,0.5746199999999999,loss,1343643.0873084231,1h
2025-03-14 19:00:00+00:00,2025-03-14 20:26:00+00:00,1,0.5746699999999999,0.5754656249999999,win,1390253.638626498,1h
2025-03-14 20:00:00+00:00,2025-03-17 00:01:00+00:00,1,0.5750099999999999,0.5750099999999999,loss,1404156.175012763,1h
2025-03-16 22:00:00+00:00,2025-03-16 22:09:00+00:00,1,0.57468,0.5754201785714287,win,1452833.7004943134,1h
2025-03-16 23:00:00+00:00,2025-03-17 09:58:00+00:00,1,0.57539,0.5778933928571428,win,1503538.3707980674,1h
2025-03-17 04:00:00+00:00,2025-03-17 05:35:00+00:00,1,0.5759599999999999,0.5754290000000001,loss,1472890.4293434145,1h
2025-03-18 05:00:00+00:00,2025-03-18 10:30:00+00:00,1,0.58188,0.58188,loss,1487619.3336368487,1h
2025-03-18 19:00:00+00:00,2025-03-19 01:39:00+00:00,1,0.58182,0.5812859285714286,loss,1457299.2307130331,1h
2025-03-18 20:00:00+00:00,2025-03-19 01:39:00+00:00,1,0.5819099999999999,0.5812936428571428,loss,1427672.5725393451,1h
2025-03-19 07:00:00+00:00,2025-03-19 07:43:00+00:00,-1,0.5807500000000001,0.5788164285714286,win,1477457.4722252688,1h
2025-03-19 12:00:00+00:00,2025-03-19 13:38:00+00:00,1,0.5791499999999999,0.5780628928571429,loss,1447633.9847110522,1h
2025-03-19 13:00:00+00:00,2025-03-19 14:33:00+00:00,-1,0.5788500000000001,0.5788500000000001,loss,1462110.3245581626,1h
2025-03-20 05:00:00+00:00,2025-03-20 07:20:00+00:00,-1,0.57921,0.5771260714285711,win,1513109.6204687497,1h
2025-03-20 07:00:00+00:00,2025-03-20 10:11:00+00:00,-1,0.57791,0.5741474107142857,win,1565968.1872176437,1h
2025-03-21 03:00:00+00:00,2025-03-21 12:03:00+00:00,-1,0.5755300000000001,0.5764458214285715,loss,1534303.0669835862,1h
2025-03-21 10:00:00+00:00,2025-03-21 12:02:00+00:00,-1,0.5753900000000001,0.5762963928571428,loss,1503274.6773768493,1h
2025-03-21 18:00:00+00:00,2025-03-23 21:04:00+00:00,-1,0.5736100000000001,0.5736100000000001,loss,1518307.4241506178,1h
2025-03-21 19:00:00+00:00,2025-03-23 21:16:00+00:00,-1,0.5734800000000001,0.5740510357142857,loss,1487400.0240554593,1h
2025-03-21 20:00:00+00:00,2025-03-23 21:04:00+00:00,-1,0.57347,0.5739049285714285,loss,1456951.9529629303,1h
2025-03-25 05:00:00+00:00,2025-03-25 05:12:00+00:00,-1,0.57223,0.5725739999999999,loss,1426940.487584536,1h
2025-03-25 14:00:00+00:00,2025-03-25 14:41:00+00:00,-1,0.57426,0.57426,loss,1441209.8924603814,1h
2025-03-26 05:00:00+00:00,2025-03-26 09:17:00+00:00,1,0.5746699999999999,0.5758656249999997,win,1491353.3875005478,1h
2025-03-26 06:00:00+00:00,2025-03-26 12:06:00+00:00,1,0.5749299999999999,0.5749299999999999,loss,1506266.9213755534,1h
2025-03-26 08:00:00+00:00,2025-03-26 12:01:00+00:00,1,0.5753499999999999,0.5753499999999999,loss,1521329.5905893089,1h
2025-03-26 14:00:00+00:00,2025-03-27 02:32:00+00:00,-1,0.57421,0.57421,loss,1536542.886495202,1h
2025-03-26 16:00:00+00:00,2025-03-26 22:27:00+00:00,-1,0.5741400000000001,0.5714600000000004,win,1590179.0861390315,1h
2025-03-27 23:00:00+00:00,2025-03-28 03:17:00+00:00,-1,0.5734800000000001,0.5716660714285715,win,1645617.393441092,1h
2025-03-28 15:00:00+00:00,2025-03-31 08:25:00+00:00,-1,0.5723100000000001,0.5687120535714287,win,1703099.9749230156,1h
2025-03-28 19:00:00+00:00,2025-03-31 01:07:00+00:00,-1,0.5714,0.5714,loss,1720130.9746722458,1h
2025-03-31 05:00:00+00:00,2025-03-31 05:24:00+00:00,-1,0.57062,0.5712391071428572,loss,1685163.5511062052,1h
2025-03-31 23:00:00+00:00,2025-04-01 03:31:00+00:00,-1,0.56723,0.5682186785714286,loss,1651115.9048008583,1h
2025-04-01 20:00:00+00:00,2025-04-02 06:12:00+00:00,1,0.56995,0.5729121428571428,win,1708766.0788525273,1h
2025-04-02 02:00:00+00:00,2025-04-02 20:13:00+00:00,1,0.5716199999999999,0.5754166964285712,win,1768460.6705493708,1h
2025-04-02 05:00:00+00:00,2025-04-02 05:09:00+00:00,1,0.57217,0.5717929285714286,loss,1732127.9058876506,1h
2025-04-02 06:00:00+00:00,2025-04-02 07:54:00+00:00,1,0.57219,0.5736484821428571,win,1792457.49853362,1h
2025-04-02 12:00:00+00:00,2025-04-02 14:27:00+00:00,1,0.5745399999999999,0.5734575714285715,loss,1756274.0684912899,1h
2025-04-03 06:00:00+00:00,2025-04-03 13:07:00+00:00,1,0.5757599999999999,0.5838240178571428,win,1817689.2804641547,1h
2025-04-03 09:00:00+00:00,2025-04-03 18:27:00+00:00,1,0.57966,0.57966,loss,1835866.1732687962,1h
2025-04-03 12:00:00+00:00,2025-04-03 15:25:00+00:00,1,0.58253,0.58253,loss,1854224.835001484,1h
2025-04-04 02:00:00+00:00,2025-04-04 04:14:00+00:00,-1,0.57777,0.5722643749999998,win,1919038.66004138,1h
2025-04-04 14:00:00+00:00,2025-04-04 15:02:00+00:00,-1,0.56279,0.56279,loss,1938229.0466417938,1h
2025-04-04 16:00:00+00:00,2025-04-07 05:18:00+00:00,-1,0.55927,0.55927,loss,1957611.3371082118,1h
2025-04-07 14:00:00+00:00,2025-04-07 14:10:00+00:00,-1,0.55925,0.5622542500000001,loss,1918328.3523239938,1h
2025-04-08 15:00:00+00:00,2025-04-09 12:55:00+00:00,-1,0.55817,0.55817,loss,1937511.6358472337,1h
2025-04-09 17:00:00+00:00,2025-04-09 17:45:00+00:00,1,0.55712,0.5639351785714285,win,2005253.5738365569,1h
2025-04-10 10:00:00+00:00,2025-04-10 12:30:00+00:00,1,0.5679,0.5731784821428569,win,2075342.6554848526,1h
2025-04-10 22:00:00+00:00,2025-04-11 00:32:00+00:00,1,0.5737899999999999,0.5759846428571426,win,2147744.310688473,1h
2025-04-10 23:00:00+00:00,2025-04-11 00:49:00+00:00,1,0.5750299999999999,0.5750299999999999,loss,2169221.7537953574,1h
2025-04-11 01:00:00+00:00,2025-04-11 06:38:00+00:00,1,0.57555,0.57555,loss,2190913.971333311,1h
2025-04-11 17:00:00+00:00,2025-04-14 06:36:00+00:00,1,0.58005,0.5869683928571429,win,2267516.904695557,1h
2025-04-13 22:00:00+00:00,2025-04-14 02:05:00+00:00,1,0.5836199999999999,0.5836199999999999,loss,2290192.0737425126,1h
2025-04-14 00:00:00+00:00,2025-04-14 02:05:00+00:00,1,0.58351,0.58351,loss,2313093.994479938,1h
2025-04-14 07:00:00+00:00,2025-04-14 12:57:00+00:00,1,0.58854,0.5847517142857143,loss,2266709.6731357016,1h
2025-04-14 18:00:00+00:00,2025-04-15 04:23:00+00:00,1,0.5877,0.5919000000000001,win,2345909.90898327,1h
2025-04-15 01:00:00+00:00,2025-04-17 12:40:00+00:00,1,0.5884499999999999,0.5948523214285713,win,2427925.2947747493,1h
2025-04-15 10:00:00+00:00,2025-04-15 12:24:00+00:00,1,0.59107,0.5936595535714285,win,2512669.185644834,1h
2025-04-16 01:00:00+00:00,2025-04-16 02:44:00+00:00,1,0.5895699999999999,0.5895699999999999,loss,2537795.8775012824,1h
2025-04-16 14:00:00+00:00,2025-04-16 17:57:00+00:00,1,0.5911299999999999,0.5911299999999999,loss,2563173.836276295,1h
2025-04-16 15:00:00+00:00,2025-04-17 01:00:00+00:00,1,0.5919399999999999,0.5919399999999999,loss,2588805.574639058,1h
2025-04-17 11:00:00+00:00,2025-04-17 12:57:00+00:00,1,0.59327,0.5957315178571427,win,2679151.90581555,1h
2025-04-17 18:00:00+00:00,2025-04-18 02:30:00+00:00,1,0.5971099999999999,0.5961636071428571,loss,2624996.639518435,1h
2025-04-17 23:00:00+00:00,2025-04-18 01:06:00+00:00,1,0.59683,0.59683,loss,2651246.6059136195,1h
2025-04-18 00:00:00+00:00,2025-04-18 02:29:00+00:00,1,0.5970099999999999,0.5962986428571428,loss,2597465.640543842,1h
2025-04-18 10:00:00+00:00,2025-04-20 21:09:00+00:00,1,0.59322,0.59322,loss,2623440.2969492804,1h
2025-04-18 12:00:00+00:00,2025-04-18 18:09:00+00:00,1,0.5932099999999999,0.5940292857142855,win,2714469.833867976,1h
2025-04-18 14:00:00+00:00,2025-04-20 21:09:00+00:00,1,0.59326,0.59326,loss,2741614.532206656,1h
2025-04-18 17:00:00+00:00,2025-04-20 21:09:00+00:00,1,0.59329,0.59329,loss,2769030.6775287227,1h
2025-04-18 18:00:00+00:00,2025-04-20 21:20:00+00:00,1,0.5939,0.5930418571428572,loss,2712997.1007057005,1h
2025-04-21 02:00:00+00:00,2025-04-21 03:11:00+00:00,1,0.5966699999999999,0.5988766964285713,win,2807646.0262219035,1h
2025-04-21 08:00:00+00:00,2025-04-21 17:26:00+00:00,1,0.60147,0.5993165357142858,loss,2751231.132960628,1h
2025-04-22 17:00:00+00:00,2025-04-22 22:00:00+00:00,-1,0.5988300000000001,0.5952118750000003,win,2847334.645964262,1h
2025-04-23 09:00:00+00:00,2025-04-23 13:47:00+00:00,1,0.59871,0.59871,loss,2875807.9924239046,1h
2025-04-23 12:00:00+00:00,2025-04-23 13:47:00+00:00,1,0.59885,0.59885,loss,2904566.0723481434,1h
2025-04-24 14:00:00+00:00,2025-04-24 14:52:00+00:00,1,0.59795,0.59795,loss,2933611.7330716248,1h
2025-04-25 17:00:00+00:00,2025-04-27 21:30:00+00:00,-1,0.5965400000000001,0.5965400000000001,loss,2962947.850402341,1h
2025-04-25 18:00:00+00:00,2025-04-27 21:29:00+00:00,-1,0.59643,0.59643,loss,2992577.3289063647,1h
2025-04-25 20:00:00+00:00,2025-04-27 21:30:00+00:00,-1,0.59648,0.59648,loss,3022503.102195428,1h
2025-04-27 23:00:00+00:00,2025-04-28 05:13:00+00:00,-1,0.5954400000000001,0.5968870714285713,loss,2961632.3925703224,1h
2025-04-28 13:00:00+00:00,2025-04-28 13:43:00+00:00,1,0.59481,0.5961931250000001,win,3064758.053471778,1h
2025-04-28 14:00:00+00:00,2025-04-29 00:49:00+00:00,1,0.59597,0.59597,loss,3095405.634006496,1h
2025-04-28 17:00:00+00:00,2025-04-29 00:01:00+00:00,1,0.5969,0.5969,loss,3126359.690346561,1h
2025-04-28 22:00:00+00:00,2025-04-29 00:21:00+00:00,-1,0.59777,0.5965066071428571,win,3235168.49412565,1h
2025-04-28 23:00:00+00:00,2025-04-29 02:08:00+00:00,-1,0.59741,0.59741,loss,3267520.179066906,1h
2025-04-29 06:00:00+00:00,2025-04-29 08:01:00+00:00,1,0.5954699999999999,0.5978129464285713,win,3381536.212090166,1h
2025-04-29 09:00:00+00:00,2025-04-29 14:21:00+00:00,-1,0.59663,0.5931229464285714,win,3499649.6123890085,1h
2025-04-29 20:00:00+00:00,2025-04-29 21:04:00+00:00,-1,0.59372,0.59372,loss,3534646.1085128984,1h
2025-04-29 22:00:00+00:00,2025-04-30 05:54:00+00:00,-1,0.59311,0.5943356071428572,loss,3463371.6421934036,1h
2025-04-30 11:00:00+00:00,2025-04-30 14:31:00+00:00,-1,0.59202,0.59202,loss,3498005.3586153374,1h
2025-04-30 22:00:00+00:00,2025-05-01 01:42:00+00:00,1,0.5936899999999999,0.5936899999999999,loss,3532985.4122014907,1h
2025-04-30 23:00:00+00:00,2025-05-01 03:09:00+00:00,1,0.59381,0.59381,loss,3568315.2663235054,1h
2025-05-01 02:00:00+00:00,2025-05-01 02:36:00+00:00,-1,0.5935400000000001,0.5946918928571429,loss,3496323.9784964467,1h
2025-05-01 05:00:00+00:00,2025-05-01 09:36:00+00:00,-1,0.5941500000000001,0.5922316071428572,win,3618242.048592061,1h
2025-05-01 06:00:00+00:00,2025-05-02 02:03:00+00:00,-1,0.59279,0.59279,loss,3654424.4690779815,1h
2025-05-01 10:00:00+00:00,2025-05-02 00:29:00+00:00,-1,0.59167,0.59167,loss,3690968.713768761,1h
2025-05-01 12:00:00+00:00,2025-05-01 15:45:00+00:00,-1,0.5924400000000001,0.5897484821428574,win,3819811.054405276,1h
2025-05-02 12:00:00+00:00,2025-05-02 13:27:00+00:00,1,0.5941099999999999,0.5962711607142854,win,3953064.60617551,1h
2025-05-04 23:00:00+00:00,2025-05-06 00:12:00+00:00,1,0.59575,0.59575,loss,3992595.2522372655,1h
2025-05-05 09:00:00+00:00,2025-05-05 15:56:00+00:00,1,0.59705,0.59705,loss,4032521.2047596383,1h
2025-05-05 12:00:00+00:00,2025-05-05 13:33:00+00:00,1,0.5985499999999999,0.5985499999999999,loss,4072846.4168072348,1h
2025-05-05 22:00:00+00:00,2025-05-06 00:24:00+00:00,-1,0.5966400000000001,0.5948927678571432,win,4214816.600819955,1h
2025-05-06 02:00:00+00:00,2025-05-06 04:07:00+00:00,1,0.5951599999999999,0.5974176785714285,win,4361870.5198090365,1h
2025-05-06 23:00:00+00:00,2025-05-07 01:19:00+00:00,1,0.6011099999999999,0.6011099999999999,loss,4405489.225007127,1h
2025-05-07 00:00:00+00:00,2025-05-07 00:21:00+00:00,1,0.6012299999999999,0.6004300714285714,loss,4316264.0259279115,1h
2025-05-07 15:00:00+00:00,2025-05-07 18:46:00+00:00,-1,0.59836,0.5960390178571425,win,4466870.343509363,1h
2025-05-07 18:00:00+00:00,2025-05-07 18:36:00+00:00,-1,0.59696,0.5978394642857142,loss,4376505.437196845,1h
2025-05-08 05:00:00+00:00,2025-05-08 06:24:00+00:00,-1,0.59672,0.5943752678571428,win,4529218.477469386,1h
2025-05-09 00:00:00+00:00,2025-05-09 02:09:00+00:00,-1,0.5899800000000001,0.5874991964285714,win,4687286.530076187,1h
2025-05-09 17:00:00+00:00,2025-05-11 21:04:00+00:00,-1,0.59125,0.5921817857142857,loss,4592523.798135325,1h
2025-05-09 19:00:00+00:00,2025-05-11 21:04:00+00:00,-1,0.59145,0.59145,loss,4638449.036116678,1h
2025-05-09 20:00:00+00:00,2025-05-11 21:04:00+00:00,-1,0.5913900000000001,0.5913900000000001,loss,4684833.526477845,1h
2025-05-12 13:00:00+00:00,2025-05-12 13:18:00+00:00,-1,0.5877300000000001,0.5884818571428571,loss,4589873.854419877,1h
2025-05-13 11:00:00+00:00,2025-05-13 14:41:00+00:00,1,0.58961,0.5922293750000001,win,4750083.03582047,1h
2025-05-13 18:00:00+00:00,2025-05-14 01:36:00+00:00,1,0.59385,0.59385,loss,4797583.866178675,1h
2025-05-13 23:00:00+00:00,2025-05-14 01:35:00+00:00,1,0.59393,0.59393,loss,4845559.704840462,1h
2025-05-14 13:00:00+00:00,2025-05-14 15:06:00+00:00,-1,0.5942900000000001,0.591605535714286,win,5014704.709806668,1h
2025-05-15 04:00:00+00:00,2025-05-15 05:22:00+00:00,-1,0.5905400000000001,0.5890009821428572,win,5189410.038481391,1h
2025-05-16 00:00:00+00:00,2025-05-16 01:34:00+00:00,-1,0.58723,0.58723,loss,5241304.138866205,1h
2025-05-16 02:00:00+00:00,2025-05-16 03:10:00+00:00,1,0.58727,0.5895064285714285,win,5424166.490738097,1h
2025-05-16 03:00:00+00:00,2025-05-16 12:32:00+00:00,1,0.58905,0.58905,loss,5478408.155645478,1h
2025-05-16 08:00:00+00:00,2025-05-16 09:37:00+00:00,1,0.59141,0.5904259285714286,loss,5367715.1452174885,1h
2025-05-16 09:00:00+00:00,2025-05-16 14:41:00+00:00,-1,0.59079,0.5878304464285714,win,5555133.279500271,1h
2025-05-16 12:00:00+00:00,2025-05-16 14:41:00+00:00,-1,0.58997,0.5879414285714285,win,5748881.691077519,1h
2025-05-16 15:00:00+00:00,2025-05-19 07:33:00+00:00,-1,0.58769,0.59013925,loss,5633432.692558537,1h
2025-05-19 02:00:00+00:00,2025-05-19 02:26:00+00:00,-1,0.58903,0.5897380714285714,loss,5519150.039777755,1h
2025-05-19 07:00:00+00:00,2025-05-20 12:46:00+00:00,1,0.58954,0.58954,loss,5574341.540175532,1h
2025-05-19 09:00:00+00:00,2025-05-19 15:19:00+00:00,1,0.58997,0.5929897321428572,win,5768983.524249584,1h
2025-05-19 12:00:00+00:00,2025-05-19 12:31:00+00:00,1,0.5915699999999999,0.5907618571428571,loss,5652158.252022349,1h
2025-05-19 14:00:00+00:00,2025-05-20 04:30:00+00:00,1,0.59127,0.59127,loss,5708679.8345425725,1h
2025-05-20 17:00:00+00:00,2025-05-21 14:54:00+00:00,1,0.5917899999999999,0.5959858035714285,win,5908144.295272388,1h
2025-05-20 20:00:00+00:00,2025-05-21 02:09:00+00:00,1,0.59207,0.5944133035714287,win,6114301.70194388,1h
2025-05-20 22:00:00+00:00,2025-05-20 22:15:00+00:00,1,0.59226,0.59226,loss,6175444.7189633185,1h
2025-05-20 23:00:00+00:00,2025-05-21 00:36:00+00:00,1,0.5925499999999999,0.5940066071428567,win,6390532.608782269,1h
2025-05-21 01:00:00+00:00,2025-05-21 07:04:00+00:00,1,0.59388,0.59388,loss,6454437.934870092,1h
2025-05-21 04:00:00+00:00,2025-05-21 07:11:00+00:00,1,0.59476,0.59337575,loss,6324409.836469603,1h
2025-05-21 10:00:00+00:00,2025-05-21 10:29:00+00:00,1,0.5929399999999999,0.5947279464285713,win,6544884.787214622,1h
2025-05-21 11:00:00+00:00,2025-05-21 19:54:00+00:00,1,0.59397,0.59397,loss,6610333.635086768,1h
2025-05-21 13:00:00+00:00,2025-05-21 16:06:00+00:00,1,0.59415,0.5966568750000001,win,6841038.711010102,1h
2025-05-22 06:00:00+00:00,2025-05-22 08:08:00+00:00,-1,0.5925900000000001,0.593622,loss,6702879.18166055,1h
2025-05-22 17:00:00+00:00,2025-05-23 01:41:00+00:00,-1,0.59021,0.5912316428571429,loss,6567496.45069213,1h
2025-05-22 20:00:00+00:00,2025-05-23 01:05:00+00:00,-1,0.58991,0.5906171785714286,loss,6434262.500361566,1h
2025-05-23 06:00:00+00:00,2025-05-23 07:22:00+00:00,1,0.59187,0.5934652678571433,win,6658459.6335329935,1h
2025-05-23 17:00:00+00:00,2025-05-26 01:58:00+00:00,1,0.5982299999999999,0.6021266964285714,win,6891079.627986417,1h
2025-05-23 19:00:00+00:00,2025-05-26 01:37:00+00:00,1,0.5986499999999999,0.6005343749999996,win,7131358.001620117,1h
2025-05-23 20:00:00+00:00,2025-05-26 01:27:00+00:00,1,0.59881,0.6003142857142856,win,7379778.184836943,1h
2025-05-25 23:00:00+00:00,2025-05-26 01:59:00+00:00,1,0.59924,0.6022083035714287,win,7637450.959756413,1h
2025-05-26 01:00:00+00:00,2025-05-26 01:46:00+00:00,1,0.5995499999999999,0.6014066071428572,win,7903738.837833341,1h
2025-05-26 23:00:00+00:00,2025-05-26 23:25:00+00:00,1,0.59975,0.5994785714285714,loss,7739617.4849166125,1h
2025-05-27 14:00:00+00:00,2025-05-28 02:13:00+00:00,-1,0.5955100000000001,0.5955100000000001,loss,7817013.659765779,1h
2025-05-27 20:00:00+00:00,2025-05-27 21:29:00+00:00,-1,0.59477,0.5952092142857143,loss,7657030.91057658,1h
2025-05-28 00:00:00+00:00,2025-05-28 01:30:00+00:00,-1,0.59484,0.59484,loss,7733601.219682346,1h
2025-05-28 10:00:00+00:00,2025-05-28 22:32:00+00:00,-1,0.59699,0.59699,loss,7810937.231879169,1h
2025-05-28 11:00:00+00:00,2025-05-28 20:44:00+00:00,-1,0.59679,0.59679,loss,7889046.604197961,1h
2025-05-28 17:00:00+00:00,2025-05-28 23:38:00+00:00,1,0.5956899999999999,0.5956899999999999,loss,7967937.070239941,1h
2025-05-28 22:00:00+00:00,2025-05-28 22:32:00+00:00,-1,0.5965100000000001,0.596981642857143,loss,7805126.336912418,1h
2025-05-29 00:00:00+00:00,2025-05-29 06:26:00+00:00,-1,0.5955900000000001,0.5955900000000001,loss,7883177.600281542,1h
2025-05-29 10:00:00+00:00,2025-05-29 14:40:00+00:00,1,0.59676,0.59676,loss,7962009.376284357,1h
2025-05-29 22:00:00+00:00,2025-05-30 01:35:00+00:00,1,0.5972299999999999,0.5972299999999999,loss,8041629.470047201,1h
2025-05-29 23:00:00+00:00,2025-05-30 01:30:00+00:00,1,0.59751,0.59751,loss,8122045.764747673,1h
2025-05-30 07:00:00+00:00,2025-05-30 12:42:00+00:00,-1,0.59675,0.59675,loss,8203266.222395149,1h
2025-05-30 18:00:00+00:00,2025-06-02 01:25:00+00:00,1,0.59717,0.6006441071428574,win,8489791.919774529,1h
2025-05-30 20:00:00+00:00,2025-05-30 20:39:00+00:00,1,0.59744,0.5968526785714285,loss,8317054.984271057,1h
2025-06-01 22:00:00+00:00,2025-06-02 01:05:00+00:00,1,0.5971799999999999,0.5997682142857141,win,8607351.642261574,1h
2025-06-02 01:00:00+00:00,2025-06-03 00:43:00+00:00,1,0.59934,0.6050685714285715,win,8908233.971762788,1h
2025-06-02 03:00:00+00:00,2025-06-02 03:31:00+00:00,1,0.6001099999999999,0.5990574642857143,loss,8728360.337161843,1h
2025-06-02 05:00:00+00:00,2025-06-02 06:03:00+00:00,1,0.59954,0.59954,loss,8815643.940533461,1h
2025-06-02 06:00:00+00:00,2025-06-02 07:21:00+00:00,1,0.5997899999999999,0.6019251785714286,win,9123164.09965278,1h
2025-06-02 07:00:00+00:00,2025-06-02 19:58:00+00:00,1,0.60047,0.6042290178571428,win,9441869.701135106,1h
2025-06-02 10:00:00+00:00,2025-06-02 11:49:00+00:00,1,0.60195,0.6012213214285714,loss,9250404.743114684,1h
2025-06-02 23:00:00+00:00,2025-06-03 00:43:00+00:00,1,0.60361,0.6052659821428572,win,9572780.778287072,1h
2025-06-03 09:00:00+00:00,2025-06-03 09:35:00+00:00,-1,0.5998300000000001,0.6007478214285714,loss,9379216.205942614,1h
2025-06-03 23:00:00+00:00,2025-06-04 02:32:00+00:00,1,0.60027,0.60027,loss,9473008.36800204,1h
2025-06-04 01:00:00+00:00,2025-06-04 01:23:00+00:00,-1,0.60019,0.6008990357142857,loss,9280837.89323585,1h
2025-06-04 03:00:00+00:00,2025-06-04 08:52:00+00:00,-1,0.6002200000000001,0.6015895714285714,loss,9093855.876040412,1h
2025-06-04 07:00:00+00:00,2025-06-04 14:44:00+00:00,1,0.60029,0.6033526785714286,win,9411400.935251173,1h
2025-06-04 11:00:00+00:00,2025-06-04 12:15:00+00:00,1,0.6012099999999999,0.60208625,win,9738145.129921436,1h
2025-06-04 12:00:00+00:00,2025-06-04 14:07:00+00:00,1,0.60136,0.6026225000000003,win,10077067.017891109,1h
2025-06-04 13:00:00+00:00,2025-06-05 12:30:00+00:00,1,0.6023099999999999,0.6059058035714284,win,10429065.693524731,1h
2025-06-04 15:00:00+00:00,2025-06-05 13:21:00+00:00,1,0.60315,0.6073616964285715,win,10793465.405421197,1h
2025-06-04 23:00:00+00:00,2025-06-05 02:07:00+00:00,1,0.6030099999999999,0.6030099999999999,loss,10901400.059475409,1h
2025-06-05 07:00:00+00:00,2025-06-05 08:28:00+00:00,1,0.6031599999999999,0.6031599999999999,loss,11010414.060070163,1h
2025-06-05 09:00:00+00:00,2025-06-05 13:20:00+00:00,1,0.60407,0.6069657142857146,win,11394831.24516156,1h
2025-06-05 23:00:00+00:00,2025-06-06 02:02:00+00:00,1,0.60391,0.60391,loss,11508779.557613175,1h
2025-06-06 06:00:00+00:00,2025-06-06 12:30:00+00:00,-1,0.60421,0.6020541071428569,win,11910258.431594513,1h
2025-06-06 12:00:00+00:00,2025-06-06 12:32:00+00:00,-1,0.6030500000000001,0.6030500000000001,loss,12029361.015910458,1h
2025-06-06 15:00:00+00:00,2025-06-09 01:23:00+00:00,-1,0.60129,0.6031123214285714,loss,11787446.28703596,1h
2025-06-09 04:00:00+00:00,2025-06-09 06:50:00+00:00,1,0.60359,0.6048097321428573,win,12197610.562814191,1h
2025-06-09 05:00:00+00:00,2025-06-09 08:06:00+00:00,1,0.6036699999999999,0.6052741964285713,win,12622637.817540867,1h
2025-06-09 06:00:00+00:00,2025-06-09 08:07:00+00:00,1,0.6036999999999999,0.6053875,win,13062571.137057977,1h
2025-06-09 23:00:00+00:00,2025-06-10 01:28:00+00:00,1,0.6048899999999999,0.6048899999999999,loss,13193196.848428557,1h
2025-06-10 00:00:00+00:00,2025-06-10 01:28:00+00:00,1,0.60493,0.60493,loss,13325128.816912843,1h
2025-06-10 09:00:00+00:00,2025-06-11 01:34:00+00:00,1,0.6044499999999999,0.6044499999999999,loss,13458380.105081972,1h
2025-06-10 12:00:00+00:00,2025-06-10 15:05:00+00:00,1,0.6051599999999999,0.6044266785714285,loss,13185491.230645956,1h
2025-06-11 01:00:00+00:00,2025-06-11 12:30:00+00:00,-1,0.60474,0.60474,loss,13317346.142952416,1h
2025-06-11 17:00:00+00:00,2025-06-11 17:22:00+00:00,-1,0.6042500000000001,0.6048595714285714,loss,13046556.931649229,1h
2025-06-11 18:00:00+00:00,2025-06-12 01:43:00+00:00,-1,0.6042500000000001,0.601993392857143,win,13501747.427983074,1h
2025-06-12 11:00:00+00:00,2025-06-13 00:07:00+00:00,1,0.6049899999999999,0.6049899999999999,loss,13636764.902262904,1h
2025-06-12 17:00:00+00:00,2025-06-13 00:00:00+00:00,1,0.6062099999999999,0.6062099999999999,loss,13773132.551285533,1h
2025-06-12 20:00:00+00:00,2025-06-13 00:02:00+00:00,1,0.60647,0.605779142857143,loss,13493624.078696307,1h
2025-06-12 23:00:00+00:00,2025-06-13 00:02:00+00:00,-1,0.60667,0.6055975892857144,win,13962784.353982197,1h
2025-06-13 00:00:00+00:00,2025-06-13 00:08:00+00:00,-1,0.6064900000000001,0.6048703571428573,win,14449339.80570365,1h
2025-06-13 18:00:00+00:00,2025-06-16 05:23:00+00:00,-1,0.6026900000000001,0.6026900000000001,loss,14593833.203760685,1h
2025-06-16 07:00:00+00:00,2025-06-16 13:31:00+00:00,1,0.6029899999999999,0.606937857142857,win,15103695.539214587,1h
2025-06-16 09:00:00+00:00,2025-06-16 14:03:00+00:00,1,0.60393,0.6079200892857145,win,15631380.923186434,1h
2025-06-16 11:00:00+00:00,2025-06-16 13:20:00+00:00,1,0.60441,0.6066250892857146,win,16176722.99103888,1h
2025-06-17 01:00:00+00:00,2025-06-17 11:05:00+00:00,1,0.6053099999999999,0.6077381249999999,win,16741249.56996354,1h
2025-06-17 07:00:00+00:00,2025-06-17 12:42:00+00:00,1,0.60676,0.60676,loss,16908662.065663178,1h
2025-06-17 13:00:00+00:00,2025-06-19 01:04:00+00:00,-1,0.60607,0.6009236607142856,win,17499645.43823873,1h
2025-06-17 15:00:00+00:00,2025-06-18 15:28:00+00:00,-1,0.60468,0.60468,loss,17674641.892621115,1h
2025-06-18 06:00:00+00:00,2025-06-18 06:23:00+00:00,-1,0.60309,0.6038942857142857,loss,17316698.60537129,1h
2025-06-18 08:00:00+00:00,2025-06-18 14:04:00+00:00,-1,0.60277,0.6041181071428571,loss,16967776.395289388,1h
2025-06-18 22:00:00+00:00,2025-06-18 22:45:00+00:00,-1,0.6027100000000001,0.6034777857142858,loss,16623942.615530778,1h
2025-06-19 00:00:00+00:00,2025-06-19 01:06:00+00:00,-1,0.6028100000000001,0.600483035714286,win,17204002.23772602,1h
2025-06-19 10:00:00+00:00,2025-06-19 17:44:00+00:00,-1,0.5975100000000001,0.5975100000000001,loss,17376042.26010328,1h
2025-06-19 13:00:00+00:00,2025-06-19 18:31:00+00:00,-1,0.59723,0.5986421071428571,loss,17026042.8536374,1h
2025-06-20 07:00:00+00:00,2025-06-22 21:04:00+00:00,-1,0.5994700000000001,0.5954876785714286,win,17620888.179162383,1h
2025-06-20 09:00:00+00:00,2025-06-20 09:10:00+00:00,-1,0.59953,0.6000792857142857,loss,17261935.516651794,1h
2025-06-20 11:00:00+00:00,2025-06-22 21:04:00+00:00,-1,0.5991500000000001,0.5963572321428574,win,17864563.53753886,1h
2025-06-20 12:00:00+00:00,2025-06-20 14:46:00+00:00,-1,0.59913,0.5965251785714285,win,18488115.251453623,1h
2025-06-20 18:00:00+00:00,2025-06-22 21:04:00+00:00,-1,0.59724,0.5957274999999997,win,19132163.469942287,1h
2025-06-20 19:00:00+00:00,2025-06-22 21:05:00+00:00,-1,0.5969800000000001,0.5948728571428572,win,19799529.995299008,1h
2025-06-23 01:00:00+00:00,2025-06-23 08:53:00+00:00,-1,0.5953400000000001,0.5915712500000001,win,20491203.619233362,1h
2025-06-23 08:00:00+00:00,2025-06-23 09:08:00+00:00,-1,0.59284,0.5906017857142856,win,21206117.137084704,1h
2025-06-23 22:00:00+00:00,2025-06-23 22:25:00+00:00,1,0.59737,0.5989044642857143,win,21944898.636120524,1h
2025-06-23 23:00:00+00:00,2025-06-24 09:23:00+00:00,1,0.59868,0.6034701785714289,win,22711827.167433504,1h
2025-06-24 01:00:00+00:00,2025-06-24 09:24:00+00:00,1,0.59971,0.6036727678571427,win,23505311.898919173,1h
2025-06-24 03:00:00+00:00,2025-06-24 07:54:00+00:00,1,0.60097,0.60097,loss,23740365.017908365,1h
2025-06-24 05:00:00+00:00,2025-06-24 07:52:00+00:00,1,0.6014999999999999,0.6014999999999999,loss,23977768.66808745,1h
2025-06-24 09:00:00+00:00,2025-06-24 12:58:00+00:00,1,0.60229,0.60229,loss,24217546.354768325,1h
2025-06-24 12:00:00+00:00,2025-06-24 12:17:00+00:00,1,0.60317,0.6027551428571429,loss,23721231.925592322,1h
2025-06-24 22:00:00+00:00,2025-06-25 00:49:00+00:00,1,0.60078,0.6016147321428571,win,24544454.70165088,1h
2025-06-25 00:00:00+00:00,2025-06-25 02:55:00+00:00,1,0.6011299999999999,0.603176875,win,25400527.39473172,1h
2025-06-25 14:00:00+00:00,2025-06-25 17:49:00+00:00,1,0.6014999999999999,0.6030581249999999,win,26285496.34738637,1h
2025-06-25 17:00:00+00:00,2025-06-26 02:52:00+00:00,1,0.6027899999999999,0.6058170535714286,win,27203324.986198656,1h
2025-06-25 22:00:00+00:00,2025-06-25 23:01:00+00:00,1,0.6036699999999999,0.6045075892857144,win,28147417.6263892,1h
2025-06-25 23:00:00+00:00,2025-06-26 01:03:00+00:00,1,0.60419,0.60419,loss,28428891.802653093,1h
2025-06-26 07:00:00+00:00,2025-06-26 11:25:00+00:00,1,0.60519,0.60519,loss,28713180.720679622,1h
2025-06-26 13:00:00+00:00,2025-06-26 20:32:00+00:00,1,0.60564,0.60564,loss,29000312.527886417,1h
2025-06-26 14:00:00+00:00,2025-06-27 17:50:00+00:00,1,0.6066699999999999,0.6046249642857143,loss,28417456.173782673,1h
2025-06-26 16:00:00+00:00,2025-06-26 20:25:00+00:00,1,0.60673,0.60571575,loss,27843447.611686427,1h
2025-06-26 23:00:00+00:00,2025-06-27 00:54:00+00:00,1,0.60563,0.6067724107142858,win,28811928.01674019,1h
2025-06-27 00:00:00+00:00,2025-06-27 03:27:00+00:00,1,0.60595,0.6076136607142859,win,29816041.768414576,1h
2025-06-27 06:00:00+00:00,2025-06-27 09:31:00+00:00,1,0.60647,0.60647,loss,30114202.18609872,1h
2025-06-29 22:00:00+00:00,2025-06-30 05:04:00+00:00,1,0.60581,0.6077892857142856,win,31164414.712965824,1h
2025-06-30 01:00:00+00:00,2025-06-30 02:54:00+00:00,1,0.60642,0.60642,loss,31476058.860095482,1h
2025-06-30 02:00:00+00:00,2025-06-30 07:27:00+00:00,1,0.6067899999999999,0.6067899999999999,loss,31790819.44869644,1h
2025-06-30 04:00:00+00:00,2025-06-30 05:02:00+00:00,1,0.6065299999999999,0.6076207142857142,win,32896277.631797355,1h
2025-06-30 14:00:00+00:00,2025-06-30 14:56:00+00:00,1,0.60669,0.60669,loss,33225240.408115327,1h
2025-07-01 05:00:00+00:00,2025-07-01 08:54:00+00:00,1,0.6093099999999999,0.6118101785714285,win,34384814.7709253,1h
2025-07-01 18:00:00+00:00,2025-07-02 02:03:00+00:00,1,0.60913,0.60913,loss,34728662.91863455,1h
2025-07-01 20:00:00+00:00,2025-07-02 01:56:00+00:00,1,0.60935,0.60935,loss,35075949.547820896,1h
2025-07-01 22:00:00+00:00,2025-07-02 01:48:00+00:00,1,0.60968,0.60968,loss,35426709.0432991,1h
2025-07-02 11:00:00+00:00,2025-07-02 12:20:00+00:00,-1,0.60723,0.60723,loss,35780976.133732095,1h
2025-07-02 12:00:00+00:00,2025-07-02 16:20:00+00:00,-1,0.6059500000000001,0.6079252857142857,loss,35061715.310876675,1h
2025-07-02 23:00:00+00:00,2025-07-03 01:21:00+00:00,1,0.6092299999999999,0.6083483214285714,loss,34352436.361493655,1h
2025-07-03 23:00:00+00:00,2025-07-04 01:30:00+00:00,1,0.60703,0.60703,loss,34695960.72510859,1h
2025-07-04 00:00:00+00:00,2025-07-04 01:57:00+00:00,1,0.60785,0.60653775,loss,33996712.89310211,1h
2025-07-04 02:00:00+00:00,2025-07-07 02:32:00+00:00,-1,0.60663,0.6022545535714285,win,35184659.802621566,1h
2025-07-04 08:00:00+00:00,2025-07-07 04:48:00+00:00,-1,0.60606,0.6010631249999998,win,36414366.07834709,1h
2025-07-04 10:00:00+00:00,2025-07-04 14:47:00+00:00,-1,0.6064200000000001,0.6052489285714285,win,37681160.98172887,1h
2025-07-04 11:00:00+00:00,2025-07-06 21:06:00+00:00,-1,0.60623,0.60623,loss,38057972.591546156,1h
2025-07-04 13:00:00+00:00,2025-07-07 01:41:00+00:00,-1,0.60573,0.6030820535714283,win,39386421.99157519,1h
2025-07-04 15:00:00+00:00,2025-07-06 21:11:00+00:00,-1,0.6052500000000001,0.6062872857142857,loss,38591025.4957309,1h
2025-07-07 07:00:00+00:00,2025-07-07 08:50:00+00:00,-1,0.6011700000000001,0.5995157142857144,win,39935914.452921204,1h
2025-07-07 08:00:00+00:00,2025-07-07 13:37:00+00:00,-1,0.6005100000000001,0.6005100000000001,loss,40335273.59745041,1h
2025-07-07 13:00:00+00:00,2025-07-07 13:39:00+00:00,-1,0.5996900000000001,0.6006597857142857,loss,39520163.067372926,1h
2025-07-07 16:00:00+00:00,2025-07-07 16:54:00+00:00,-1,0.60121,0.599608125,win,40897239.24187837,1h
2025-07-07 17:00:00+00:00,2025-07-08 02:28:00+00:00,-1,0.59941,0.6018184999999999,loss,40075884.22237399,1h
2025-07-07 20:00:00+00:00,2025-07-07 22:39:00+00:00,-1,0.60013,0.60013,loss,40476643.06459773,1h
2025-07-08 09:00:00+00:00,2025-07-08 14:05:00+00:00,-1,0.6019300000000001,0.5991347321428573,win,41889718.37237489,1h
2025-07-08 10:00:00+00:00,2025-07-09 02:07:00+00:00,-1,0.60135,0.60135,loss,42308615.55609864,1h
2025-07-09 00:00:00+00:00,2025-07-09 02:01:00+00:00,-1,0.59928,0.6002505714285714,loss,41453634.19355218,1h
2025-07-10 12:00:00+00:00,2025-07-10 15:09:00+00:00,-1,0.6012700000000001,0.6012700000000001,loss,41868170.535487704,1h
2025-07-10 18:00:00+00:00,2025-07-10 22:22:00+00:00,1,0.60232,0.6039122321428572,win,43327023.716405936,1h
2025-07-11 05:00:00+00:00,2025-07-11 07:44:00+00:00,-1,0.60152,0.60269125,loss,42453021.10666921,1h
2025-07-11 06:00:00+00:00,2025-07-11 07:24:00+00:00,-1,0.60141,0.6024256428571428,loss,41595517.7227418,1h
2025-07-11 13:00:00+00:00,2025-07-14 00:16:00+00:00,-1,0.60129,0.60129,loss,42011472.89996921,1h
2025-07-11 14:00:00+00:00,2025-07-15 12:30:00+00:00,-1,0.60052,0.60052,loss,42431587.6289689,1h
2025-07-14 09:00:00+00:00,2025-07-14 10:06:00+00:00,-1,0.5988300000000001,0.5995007142857143,loss,41570111.720134325,1h
2025-07-14 12:00:00+00:00,2025-07-15 07:40:00+00:00,-1,0.59894,0.59894,loss,41985812.83733567,1h
2025-07-14 13:00:00+00:00,2025-07-15 01:52:00+00:00,-1,0.59843,0.59843,loss,42405670.96570902,1h
2025-07-14 15:00:00+00:00,2025-07-14 15:40:00+00:00,-1,0.5977800000000001,0.5989048571428571,loss,41549950.17333593,1h
2025-07-14 16:00:00+00:00,2025-07-15 07:46:00+00:00,-1,0.59714,0.5990648571428572,loss,40714611.42574489,1h
2025-07-14 20:00:00+00:00,2025-07-15 00:02:00+00:00,-1,0.5974900000000001,0.5974900000000001,loss,41121757.54000234,1h
2025-07-15 06:00:00+00:00,2025-07-15 12:30:00+00:00,1,0.59829,0.600414375,win,42556202.449798174,1h
2025-07-15 08:00:00+00:00,2025-07-15 13:38:00+00:00,1,0.5993999999999999,0.5977913571428571,loss,41699754.35956818,1h
2025-07-15 10:00:00+00:00,2025-07-15 11:37:00+00:00,1,0.5997199999999999,0.5991496428571429,loss,40850875.99484893,1h
2025-07-16 02:00:00+00:00,2025-07-16 14:10:00+00:00,-1,0.5953700000000001,0.591821785714286,win,42277786.47367934,1h
2025-07-16 04:00:00+00:00,2025-07-16 06:42:00+00:00,-1,0.5945900000000001,0.5955193571428572,loss,41423033.49440964,1h
2025-07-16 06:00:00+00:00,2025-07-16 06:18:00+00:00,-1,0.59496,0.5952845714285715,loss,40568236.65427081,1h
2025-07-16 12:00:00+00:00,2025-07-16 12:30:00+00:00,-1,0.5941500000000001,0.5941500000000001,loss,40973919.020813525,1h
2025-07-17 00:00:00+00:00,2025-07-17 01:32:00+00:00,-1,0.59443,0.592943482142857,win,42401161.31014693,1h
2025-07-17 22:00:00+00:00,2025-07-17 23:04:00+00:00,1,0.5932499999999999,0.5942265178571428,win,43874456.79791827,1h
2025-07-17 23:00:00+00:00,2025-07-18 10:40:00+00:00,1,0.59415,0.5970123214285714,win,45406244.05786798,1h
2025-07-18 01:00:00+00:00,2025-07-18 13:23:00+00:00,1,0.5953299999999999,0.5988075892857141,win,46992207.75533325,1h
2025-07-18 03:00:00+00:00,2025-07-18 05:29:00+00:00,1,0.5962099999999999,0.5949333214285714,loss,46044943.84768398,1h
2025-07-18 07:00:00+00:00,2025-07-18 12:12:00+00:00,1,0.5955999999999999,0.5978847321428571,win,47651500.50778492,1h
2025-07-18 11:00:00+00:00,2025-07-18 15:00:00+00:00,1,0.59749,0.59749,loss,48128015.512862764,1h
2025-07-21 05:00:00+00:00,2025-07-21 06:40:00+00:00,1,0.59515,0.5966441964285714,win,49804497.09793107,1h
2025-07-21 06:00:00+00:00,2025-07-21 07:38:00+00:00,1,0.59563,0.59563,loss,50302542.06891038,1h
2025-07-21 15:00:00+00:00,2025-07-22 00:18:00+00:00,1,0.59744,0.5961769642857142,loss,49288462.31957765,1h
2025-07-22 01:00:00+00:00,2025-07-22 12:01:00+00:00,-1,0.59604,0.59604,loss,49781346.942773424,1h
2025-07-22 05:00:00+00:00,2025-07-22 07:57:00+00:00,-1,0.59585,0.5942025892857141,win,51516185.18249844,1h
2025-07-22 09:00:00+00:00,2025-07-22 12:01:00+00:00,1,0.5945499999999999,0.5960255357142854,win,53310582.03301021,1h
2025-07-22 12:00:00+00:00,2025-07-22 14:54:00+00:00,1,0.59585,0.598906607142857,win,55172106.34844753,1h
2025-07-22 15:00:00+00:00,2025-07-24 01:03:00+00:00,1,0.59892,0.6052868750000002,win,57100967.094798915,1h
2025-07-22 20:00:00+00:00,2025-07-22 21:05:00+00:00,1,0.6002599999999999,0.5994226428571429,loss,55945144.53198739,1h
2025-07-23 04:00:00+00:00,2025-07-23 07:20:00+00:00,1,0.60068,0.6032806250000002,win,57897867.14320147,1h
2025-07-23 07:00:00+00:00,2025-07-23 23:01:00+00:00,1,0.60225,0.6047796428571428,win,59918593.08286335,1h
2025-07-23 10:00:00+00:00,2025-07-23 16:34:00+00:00,1,0.60385,0.6027927857142857,loss,58708777.795748666,1h
2025-07-23 12:00:00+00:00,2025-07-23 12:36:00+00:00,1,0.6043799999999999,0.6035879642857144,loss,57519587.892861284,1h
2025-07-23 18:00:00+00:00,2025-07-24 15:15:00+00:00,1,0.60368,0.60368,loss,58094783.77178989,1h
2025-07-24 03:00:00+00:00,2025-07-24 10:35:00+00:00,1,0.60551,0.6043316428571428,loss,56922943.40022643,1h
2025-07-24 23:00:00+00:00,2025-07-25 02:18:00+00:00,1,0.60317,0.6023831785714285,loss,55769829.1838223,1h
2025-07-25 05:00:00+00:00,2025-07-27 22:00:00+00:00,-1,0.6020300000000001,0.6020300000000001,loss,56327527.47566052,1h
2025-07-25 07:00:00+00:00,2025-07-25 09:11:00+00:00,-1,0.6024700000000001,0.6005301785714288,win,58291768.798059106,1h
2025-07-25 17:00:00+00:00,2025-07-28 04:27:00+00:00,1,0.60103,0.60103,loss,58874686.4860397,1h
2025-07-25 19:00:00+00:00,2025-07-28 01:03:00+00:00,1,0.60147,0.6031808928571429,win,60926747.58567945,1h
2025-07-25 20:00:00+00:00,2025-07-28 01:00:00+00:00,1,0.60153,0.6028516964285715,win,63047745.94405526,1h
2025-07-27 22:00:00+00:00,2025-07-27 22:27:00+00:00,1,0.60171,0.60171,loss,63678223.40349581,1h
2025-07-28 04:00:00+00:00,2025-07-28 07:28:00+00:00,-1,0.60143,0.5993345535714286,win,65899400.09181247,1h
2025-07-28 14:00:00+00:00,2025-07-30 12:54:00+00:00,-1,0.5972900000000001,0.592888035714286,win,68202144.96461232,1h
2025-07-28 18:00:00+00:00,2025-07-29 01:10:00+00:00,-1,0.5968300000000001,0.5968300000000001,loss,68884166.41425845,1h
2025-07-28 22:00:00+00:00,2025-07-29 00:50:00+00:00,-1,0.59711,0.5962149107142857,win,71276085.34066544,1h
2025-07-29 00:00:00+00:00,2025-07-29 00:35:00+00:00,-1,0.59721,0.5964482142857142,win,73747660.28513698,1h
2025-07-29 11:00:00+00:00,2025-07-29 14:39:00+00:00,-1,0.59565,0.59565,loss,74485136.88798836,1h
2025-07-30 04:00:00+00:00,2025-07-30 05:42:00+00:00,-1,0.59663,0.59663,loss,75229988.25686824,1h
2025-07-30 08:00:00+00:00,2025-07-30 12:35:00+00:00,-1,0.5957100000000001,0.5931508035714288,win,77855717.46472508,1h
2025-07-30 10:00:00+00:00,2025-07-30 11:56:00+00:00,-1,0.59565,0.5943099999999997,win,80566249.85053417,1h
2025-07-30 16:00:00+00:00,2025-07-30 17:50:00+00:00,-1,0.5910700000000001,0.5921799999999999,loss,78940276.44445983,1h
2025-07-31 13:00:00+00:00,2025-08-01 07:12:00+00:00,-1,0.5900500000000001,0.5871966964285715,win,81696293.7075914,1h
2025-07-31 16:00:00+00:00,2025-08-01 09:27:00+00:00,-1,0.5892900000000001,0.5860950892857144,win,84549291.24401177,1h
2025-07-31 18:00:00+00:00,2025-08-01 08:52:00+00:00,-1,0.58897,0.5865140178571429,win,87499944.87393716,1h
2025-07-31 20:00:00+00:00,2025-08-01 07:20:00+00:00,-1,0.58904,0.5867291071428569,win,90553017.69848184,1h
2025-07-31 22:00:00+00:00,2025-08-01 00:36:00+00:00,-1,0.5890500000000001,0.5890500000000001,loss,91458547.87546666,1h
2025-07-31 23:00:00+00:00,2025-08-01 07:13:00+00:00,-1,0.5889500000000001,0.5870669642857143,win,94647518.75971809,1h
2025-08-01 00:00:00+00:00,2025-08-01 09:00:00+00:00,-1,0.58865,0.5863962499999997,win,97949729.40181239,1h
2025-08-01 02:00:00+00:00,2025-08-01 12:30:00+00:00,-1,0.58769,0.58769,loss,98929226.69583051,1h
2025-08-01 05:00:00+00:00,2025-08-01 07:19:00+00:00,-1,0.58813,0.5867846428571429,win,102373501.81498386,1h
2025-08-01 07:00:00+00:00,2025-08-01 12:30:00+00:00,-1,0.58743,0.58743,loss,103397236.8331337,1h
2025-08-01 11:00:00+00:00,2025-08-01 11:52:00+00:00,1,0.5864499999999999,0.5864499999999999,loss,104431209.20146504,1h
2025-08-04 05:00:00+00:00,2025-08-04 09:11:00+00:00,-1,0.59143,0.59143,loss,105475521.2934797,1h
2025-08-04 08:00:00+00:00,2025-08-04 09:42:00+00:00,-1,0.59069,0.5919551785714285,loss,103349204.41095224,1h
2025-08-04 09:00:00+00:00,2025-08-04 14:55:00+00:00,1,0.59117,0.59117,loss,104382696.45506176,1h
2025-08-04 11:00:00+00:00,2025-08-04 15:30:00+00:00,1,0.59181,0.5905122857142857,loss,102278830.43642908,1h
2025-08-04 13:00:00+00:00,2025-08-04 13:10:00+00:00,-1,0.59187,0.5926566428571429,loss,100206915.12401056,1h
2025-08-05 06:00:00+00:00,2025-08-05 06:25:00+00:00,-1,0.58943,0.5901978214285715,loss,98176330.7720138,1h
2025-08-06 02:00:00+00:00,2025-08-06 10:51:00+00:00,1,0.59117,0.5932332142857142,win,101600663.68727033,1h
2025-08-06 10:00:00+00:00,2025-08-06 14:35:00+00:00,1,0.5921799999999999,0.5921799999999999,loss,102616670.32414304,1h
2025-08-07 04:00:00+00:00,2025-08-07 14:08:00+00:00,1,0.5944699999999999,0.5944699999999999,loss,103642837.02738447,1h
2025-08-07 06:00:00+00:00,2025-08-07 10:00:00+00:00,1,0.59505,0.59505,loss,104679265.39765832,1h
2025-08-07 18:00:00+00:00,2025-08-07 18:44:00+00:00,1,0.59463,0.5939003571428572,loss,102556588.08542603,1h
2025-08-07 20:00:00+00:00,2025-08-11 11:25:00+00:00,1,0.5956699999999999,0.5936837142857143,loss,100495077.60293402,1h
2025-08-08 18:00:00+00:00,2025-08-08 19:27:00+00:00,1,0.59553,0.5949087142857142,loss,98452296.14700915,1h
2025-08-11 02:00:00+00:00,2025-08-11 07:04:00+00:00,1,0.59536,0.5943161071428572,loss,96464205.25331278,1h
2025-08-11 10:00:00+00:00,2025-08-11 23:33:00+00:00,-1,0.5940700000000001,0.5940700000000001,loss,97428847.30584592,1h
2025-08-11 12:00:00+00:00,2025-08-12 01:42:00+00:00,-1,0.59325,0.594514,loss,95464731.4686117,1h
2025-08-11 23:00:00+00:00,2025-08-12 01:21:00+00:00,1,0.59385,0.59385,loss,96419378.78329782,1h
2025-08-12 06:00:00+00:00,2025-08-12 12:30:00+00:00,-1,0.5929500000000001,0.5929500000000001,loss,97383572.5711308,1h
2025-08-13 03:00:00+00:00,2025-08-14 06:49:00+00:00,1,0.5959099999999999,0.5959099999999999,loss,98357408.2968421,1h
2025-08-13 20:00:00+00:00,2025-08-13 21:30:00+00:00,1,0.5973499999999999,0.5973499999999999,loss,99340982.37981051,1h
2025-08-13 22:00:00+00:00,2025-08-14 00:08:00+00:00,1,0.5975199999999999,0.5984410714285715,win,102791242.92817272,1h
2025-08-13 23:00:00+00:00,2025-08-14 01:30:00+00:00,1,0.59763,0.5988067857142858,win,106367283.14445661,1h
2025-08-14 06:00:00+00:00,2025-08-14 12:30:00+00:00,-1,0.59679,0.593640982142857,win,110081720.30507632,1h
2025-08-14 12:00:00+00:00,2025-08-14 12:30:00+00:00,-1,0.5949300000000001,0.5930916071428572,win,113919691.6732821,1h
2025-08-14 13:00:00+00:00,2025-08-20 02:00:00+00:00,-1,0.59309,0.5872041071428569,win,117902050.41365354,1h
2025-08-14 16:00:00+00:00,2025-08-15 12:41:00+00:00,-1,0.5914900000000001,0.5933543214285715,loss,115531292.94224776,1h
2025-08-14 23:00:00+00:00,2025-08-15 03:06:00+00:00,-1,0.5919500000000001,0.5919500000000001,loss,116686605.87167025,1h
2025-08-15 19:00:00+00:00,2025-08-17 22:57:00+00:00,-1,0.59235,0.5928316428571428,loss,114303392.83701146,1h
2025-08-18 02:00:00+00:00,2025-08-18 13:58:00+00:00,1,0.5936899999999999,0.5927195000000001,loss,111993524.1696858,1h
2025-08-18 04:00:00+00:00,2025-08-18 06:43:00+00:00,1,0.59337,0.59337,loss,113113459.41138266,1h
2025-08-18 10:00:00+00:00,2025-08-18 14:21:00+00:00,-1,0.5937300000000001,0.5921737500000002,win,117054375.66884786,1h
2025-08-18 11:00:00+00:00,2025-08-18 14:17:00+00:00,-1,0.59367,0.592282857142857,win,121130333.50463794,1h
2025-08-18 12:00:00+00:00,2025-08-18 14:47:00+00:00,-1,0.59341,0.5914174999999998,win,125354772.78859814,1h
2025-08-19 06:00:00+00:00,2025-08-19 07:06:00+00:00,-1,0.5917300000000001,0.5928989642857143,loss,122826045.12649623,1h
2025-08-19 13:00:00+00:00,2025-08-19 16:29:00+00:00,-1,0.5921700000000001,0.5899545535714286,win,127111158.79513714,1h
2025-08-19 15:00:00+00:00,2025-08-20 02:00:00+00:00,-1,0.59099,0.5875133035714284,win,131550935.34193975,1h
2025-08-20 01:00:00+00:00,2025-08-20 01:41:00+00:00,-1,0.58926,0.58926,loss,132866444.69535914,1h
2025-08-20 02:00:00+00:00,2025-08-20 02:01:00+00:00,-1,0.5888300000000001,0.5859520535714287,win,137505268.4496752,1h
2025-08-21 01:00:00+00:00,2025-08-21 01:38:00+00:00,-1,0.58213,0.583015142857143,loss,134723738.4355905,1h
2025-08-21 03:00:00+00:00,2025-08-22 14:00:00+00:00,-1,0.5819000000000001,0.5819000000000001,loss,136070975.8199464,1h
2025-08-21 12:00:00+00:00,2025-08-22 14:00:00+00:00,-1,0.5820700000000001,0.5820700000000001,loss,137431685.57814586,1h
2025-08-21 13:00:00+00:00,2025-08-22 14:00:00+00:00,-1,0.5820200000000001,0.5820200000000001,loss,138806002.43392733,1h
2025-08-21 15:00:00+00:00,2025-08-22 14:00:00+00:00,-1,0.5819700000000001,0.5819700000000001,loss,140194062.4582666,1h
2025-08-22 01:00:00+00:00,2025-08-22 13:06:00+00:00,-1,0.58147,0.58147,loss,141596003.08284926,1h
2025-08-22 04:00:00+00:00,2025-08-22 07:55:00+00:00,-1,0.58128,0.58128,loss,143011963.11367777,1h
2025-08-22 10:00:00+00:00,2025-08-22 13:16:00+00:00,-1,0.5804600000000001,0.5815347500000001,loss,140124860.83884484,1h
2025-08-22 14:00:00+00:00,2025-08-22 14:01:00+00:00,1,0.5810299999999999,0.5820719642857143,win,144995930.2034491,1h
2025-08-25 06:00:00+00:00,2025-08-25 06:20:00+00:00,1,0.5867,0.5879820535714286,win,150042732.43581203,1h
2025-08-26 10:00:00+00:00,2025-08-27 03:50:00+00:00,1,0.5848099999999999,0.5848099999999999,loss,151543159.76017013,1h
2025-08-26 14:00:00+00:00,2025-08-26 21:05:00+00:00,1,0.58561,0.58561,loss,153058591.35777184,1h
2025-08-27 01:00:00+00:00,2025-08-27 07:29:00+00:00,-1,0.5854400000000001,0.5833199999999998,win,158397677.43189514,1h
2025-08-27 14:00:00+00:00,2025-08-27 16:32:00+00:00,1,0.58297,0.585170982142857,win,163923685.8122126,1h
2025-08-27 15:00:00+00:00,2025-08-28 14:21:00+00:00,1,0.58383,0.5878304464285715,win,169650796.27209818,1h
2025-08-28 00:00:00+00:00,2025-08-28 04:13:00+00:00,1,0.58609,0.58609,loss,171347304.23481917,1h
2025-08-28 03:00:00+00:00,2025-08-28 05:42:00+00:00,1,0.5864499999999999,0.5854080357142858,loss,167887150.15899247,1h
2025-08-28 08:00:00+00:00,2025-08-28 14:27:00+00:00,1,0.58621,0.5880964285714287,win,173741068.3985287,1h
2025-08-28 09:00:00+00:00,2025-08-29 14:16:00+00:00,1,0.5866699999999999,0.5898080357142854,win,179808208.21486324,1h
2025-08-28 11:00:00+00:00,2025-08-29 14:30:00+00:00,1,0.58741,0.5903058035714288,win,186086025.75332823,1h
2025-08-28 13:00:00+00:00,2025-08-28 13:41:00+00:00,1,0.58736,0.5866617142857142,loss,182310232.91861588,1h
2025-08-28 15:00:00+00:00,2025-09-01 08:58:00+00:00,1,0.58787,0.5914383928571432,win,188678354.191378,1h
2025-08-29 00:00:00+00:00,2025-08-29 01:21:00+00:00,1,0.5883299999999999,0.5883299999999999,loss,190565137.73329177,1h
2025-08-29 01:00:00+00:00,2025-08-29 09:36:00+00:00,1,0.5888,0.5888,loss,192470789.1106247,1h
2025-08-29 02:00:00+00:00,2025-08-31 21:06:00+00:00,1,0.58912,0.58912,loss,194395497.00173095,1h
2025-08-29 08:00:00+00:00,2025-08-29 11:13:00+00:00,1,0.5896699999999999,0.5884492499999999,loss,190475475.47846267,1h
2025-08-29 14:00:00+00:00,2025-08-31 21:04:00+00:00,1,0.58919,0.58919,loss,192380230.23324728,1h
2025-09-01 00:00:00+00:00,2025-09-01 01:36:00+00:00,1,0.58963,0.58963,loss,194304032.53557974,1h
2025-09-01 15:00:00+00:00,2025-09-02 01:31:00+00:00,1,0.5904299999999999,0.5895695357142857,loss,190372258.247687,1h
2025-09-01 20:00:00+00:00,2025-09-02 01:04:00+00:00,1,0.5904499999999999,0.5898274285714286,loss,186502657.96110418,1h
2025-09-02 00:00:00+00:00,2025-09-02 01:01:00+00:00,1,0.59049,0.5900504642857143,loss,182685765.6163348,1h
2025-09-02 01:00:00+00:00,2025-09-02 02:04:00+00:00,-1,0.59033,0.5890046428571427,win,189045565.7450992,1h
2025-09-02 04:00:00+00:00,2025-09-02 07:29:00+00:00,-1,0.5887300000000001,0.5866479464285714,win,195639569.63737804,1h
2025-09-02 06:00:00+00:00,2025-09-02 06:39:00+00:00,-1,0.5883,0.5888775714285714,loss,191657839.05573264,1h
2025-09-02 11:00:00+00:00,2025-09-02 12:01:00+00:00,-1,0.5855800000000001,0.5855800000000001,loss,193574417.44628996,1h
2025-09-02 12:00:00+00:00,2025-09-02 12:39:00+00:00,-1,0.58548,0.5840396428571426,win,200316155.3757451,1h
2025-09-02 22:00:00+00:00,2025-09-03 02:20:00+00:00,-1,0.5863,0.5863,loss,202319316.92950255,1h
2025-09-02 23:00:00+00:00,2025-09-03 02:20:00+00:00,-1,0.5863200000000001,0.5863200000000001,loss,204342510.09879756,1h
2025-09-03 00:00:00+00:00,2025-09-03 07:20:00+00:00,-1,0.58608,0.5842401785714286,win,211466881.4338523,1h
2025-09-03 13:00:00+00:00,2025-09-04 05:01:00+00:00,1,0.5867899999999999,0.5867899999999999,loss,213581550.24819082,1h
2025-09-03 15:00:00+00:00,2025-09-04 09:37:00+00:00,1,0.58753,0.5860268571428571,loss,209281310.92229837,1h
2025-09-03 22:00:00+00:00,2025-09-04 02:10:00+00:00,1,0.5878599999999999,0.5878599999999999,loss,211374124.03152135,1h
2025-09-04 00:00:00+00:00,2025-09-04 01:47:00+00:00,1,0.5881099999999999,0.5881099999999999,loss,213487865.27183655,1h
2025-09-05 06:00:00+00:00,2025-09-05 12:30:00+00:00,1,0.5865699999999999,0.5884702678571427,win,220932001.03670785,1h
2025-09-08 01:00:00+00:00,2025-09-08 07:02:00+00:00,1,0.5891099999999999,0.5917372321428569,win,228643677.5241251,1h
2025-09-08 04:00:00+00:00,2025-09-08 06:56:00+00:00,1,0.5899399999999999,0.5913277678571427,win,236605311.80776215,1h
2025-09-08 05:00:00+00:00,2025-09-08 07:03:00+00:00,1,0.59014,0.591899910714286,win,244853077.20582128,1h
2025-09-08 11:00:00+00:00,2025-09-08 16:41:00+00:00,1,0.5930599999999999,0.5930599999999999,loss,247301607.9778795,1h
2025-09-09 00:00:00+00:00,2025-09-09 01:26:00+00:00,1,0.59449,0.5937960357142857,loss,242283261.63082936,1h
2025-09-10 01:00:00+00:00,2025-09-10 01:30:00+00:00,1,0.59273,0.5921201071428571,loss,237356820.8868044,1h
2025-09-10 12:00:00+00:00,2025-09-10 12:52:00+00:00,1,0.59417,0.59417,loss,239730389.09567246,1h
2025-09-10 13:00:00+00:00,2025-09-10 19:14:00+00:00,1,0.5944299999999999,0.5944299999999999,loss,242127692.9866292,1h
2025-09-10 14:00:00+00:00,2025-09-11 01:00:00+00:00,1,0.59561,0.5935990714285714,loss,237260937.59402403,1h
2025-09-11 02:00:00+00:00,2025-09-11 05:55:00+00:00,1,0.59439,0.5932634642857143,loss,232473219.36191067,1h
2025-09-11 04:00:00+00:00,2025-09-11 05:14:00+00:00,1,0.59393,0.5933499642857143,loss,227742190.5345734,1h
2025-09-11 05:00:00+00:00,2025-09-11 07:32:00+00:00,-1,0.5937300000000001,0.5928732142857145,win,235647481.36341012,1h
2025-09-11 06:00:00+00:00,2025-09-11 11:27:00+00:00,-1,0.5932200000000001,0.5932200000000001,loss,238003956.1770442,1h
2025-09-11 08:00:00+00:00,2025-09-11 11:15:00+00:00,-1,0.5931700000000001,0.5931700000000001,loss,240383995.73881465,1h
2025-09-11 20:00:00+00:00,2025-09-11 21:10:00+00:00,1,0.59763,0.596982,loss,235500960.3394811,1h
2025-09-12 00:00:00+00:00,2025-09-12 00:18:00+00:00,1,0.59771,0.597225,loss,230691782.8336016,1h
2025-09-12 17:00:00+00:00,2025-09-15 06:23:00+00:00,1,0.5952599999999999,0.5952599999999999,loss,232998700.66193762,1h
2025-09-15 00:00:00+00:00,2025-09-15 00:28:00+00:00,1,0.5953999999999999,0.5950308214285714,loss,228208986.89293662,1h
2025-09-15 01:00:00+00:00,2025-09-15 06:19:00+00:00,1,0.5954699999999999,0.5954699999999999,loss,230491076.76186597,1h
2025-09-15 04:00:00+00:00,2025-09-15 06:17:00+00:00,1,0.59629,0.5955815357142857,loss,225815255.83869284,1h
2025-09-15 11:00:00+00:00,2025-09-15 12:18:00+00:00,1,0.59576,0.5967571428571429,win,233662736.36074695,1h
2025-09-15 18:00:00+00:00,2025-09-16 00:34:00+00:00,1,0.5974299999999999,0.5962742857142856,loss,228948692.62718493,1h
2025-09-16 06:00:00+00:00,2025-09-16 08:01:00+00:00,1,0.5969899999999999,0.5969899999999999,loss,231238179.55345678,1h
2025-09-16 10:00:00+00:00,2025-09-16 14:38:00+00:00,1,0.59729,0.59729,loss,233550561.34899136,1h
2025-09-16 12:00:00+00:00,2025-09-16 12:30:00+00:00,1,0.5977199999999999,0.596698,loss,228833393.88459098,1h
2025-09-16 15:00:00+00:00,2025-09-17 06:42:00+00:00,1,0.5980599999999999,0.5969442857142857,loss,224215334.95374194,1h
2025-09-17 09:00:00+00:00,2025-09-17 14:57:00+00:00,1,0.5973299999999999,0.5973299999999999,loss,226457488.30327937,1h
2025-09-17 23:00:00+00:00,2025-09-18 13:00:00+00:00,-1,0.59492,0.589159107142857,win,234373690.06237757,1h
2025-09-18 04:00:00+00:00,2025-09-18 06:11:00+00:00,-1,0.5925900000000001,0.5899304464285717,win,242554820.44262287,1h
2025-09-18 11:00:00+00:00,2025-09-18 13:34:00+00:00,-1,0.5905100000000001,0.5884983928571431,win,251014243.86188483,1h
2025-09-19 01:00:00+00:00,2025-09-19 03:21:00+00:00,-1,0.5884900000000001,0.5884900000000001,loss,253524386.30050367,1h
2025-09-19 04:00:00+00:00,2025-09-19 06:10:00+00:00,-1,0.5880200000000001,0.5861679464285716,win,262363701.5433117,1h
2025-09-19 10:00:00+00:00,2025-09-19 11:58:00+00:00,-1,0.58755,0.5860804464285715,win,271502099.53228515,1h
2025-09-19 11:00:00+00:00,2025-09-19 12:32:00+00:00,-1,0.58747,0.5857112499999998,win,280966298.16085774,1h
2025-09-19 18:00:00+00:00,2025-09-19 20:57:00+00:00,-1,0.58577,0.58577,loss,283775961.1424663,1h
2025-09-19 19:00:00+00:00,2025-09-21 21:04:00+00:00,-1,0.58575,0.5861347142857143,loss,277948979.34028125,1h
2025-09-23 00:00:00+00:00,2025-09-23 00:10:00+00:00,-1,0.58686,0.5864208035714285,win,287522501.2812433,1h
2025-09-23 01:00:00+00:00,2025-09-23 01:45:00+00:00,-1,0.58643,0.58643,loss,290397726.29405576,1h
2025-09-23 13:00:00+00:00,2025-09-24 02:06:00+00:00,-1,0.5862900000000001,0.5862900000000001,loss,293301703.55699635,1h
2025-09-23 14:00:00+00:00,2025-09-24 13:15:00+00:00,-1,0.5856600000000001,0.5822914285714287,win,303545560.0956043,1h
2025-09-23 16:00:00+00:00,2025-09-23 16:51:00+00:00,-1,0.5856300000000001,0.5861455357142857,loss,297354560.22279656,1h
2025-09-24 06:00:00+00:00,2025-09-24 07:43:00+00:00,-1,0.58569,0.58569,loss,300328105.82502455,1h
2025-09-24 07:00:00+00:00,2025-09-24 13:45:00+00:00,-1,0.5849700000000001,0.5816463392857145,win,310817067.1329845,1h
2025-09-24 16:00:00+00:00,2025-09-25 02:42:00+00:00,-1,0.5813,0.5820691785714285,loss,304518843.3245048,1h
2025-09-25 16:00:00+00:00,2025-09-25 17:27:00+00:00,-1,0.57755,0.5763992857142857,win,315111414.1669163,1h
2025-09-26 06:00:00+00:00,2025-09-26 07:47:00+00:00,-1,0.57681,0.5758904464285715,win,326055565.61169136,1h
2025-09-26 08:00:00+00:00,2025-09-26 13:04:00+00:00,-1,0.57613,0.5771973928571428,loss,319472782.69587,1h
2025-09-29 09:00:00+00:00,2025-09-29 21:31:00+00:00,-1,0.57911,0.5775872321428572,win,330602222.91998315,1h
2025-09-29 14:00:00+00:00,2025-09-30 03:02:00+00:00,-1,0.57815,0.57919075,loss,323926030.5648251,1h
2025-09-29 16:00:00+00:00,2025-09-30 01:02:00+00:00,-1,0.5785,0.5785,loss,327165290.8704734,1h
2025-09-29 20:00:00+00:00,2025-09-29 21:14:00+00:00,-1,0.57787,0.5784430714285714,loss,320505777.668257,1h
2025-09-30 05:00:00+00:00,2025-09-30 07:41:00+00:00,1,0.5791499999999999,0.5791499999999999,loss,323710835.44493955,1h
2025-09-30 07:00:00+00:00,2025-10-01 13:34:00+00:00,1,0.57965,0.5829041964285715,win,335015922.1490851,1h
2025-09-30 08:00:00+00:00,2025-10-02 06:24:00+00:00,1,0.5800099999999999,0.5837733035714285,win,346719282.9646356,1h
2025-10-01 00:00:00+00:00,2025-10-01 04:30:00+00:00,-1,0.57952,0.57952,loss,350186475.79428196,1h
2025-10-01 07:00:00+00:00,2025-10-01 10:09:00+00:00,1,0.5808399999999999,0.5808399999999999,loss,353688340.55222476,1h
2025-10-01 17:00:00+00:00,2025-10-01 21:05:00+00:00,1,0.58141,0.5806588571428571,loss,346519129.70171016,1h
2025-10-01 19:00:00+00:00,2025-10-01 21:05:00+00:00,1,0.5818,0.5810275357142858,loss,339497852.5867934,1h
2025-10-02 02:00:00+00:00,2025-10-02 13:43:00+00:00,1,0.58343,0.5810561785714285,loss,332679171.042718,1h
2025-10-02 05:00:00+00:00,2025-10-02 11:04:00+00:00,1,0.5829799999999999,0.5829799999999999,loss,336005962.75314516,1h
2025-10-03 00:00:00+00:00,2025-10-03 02:47:00+00:00,1,0.5819399999999999,0.5819399999999999,loss,339366022.3806766,1h
2025-10-03 06:00:00+00:00,2025-10-03 07:42:00+00:00,1,0.58183,0.5831463392857144,win,351179866.4953593,1h
2025-10-03 08:00:00+00:00,2025-10-05 21:04:00+00:00,1,0.58307,0.5817092857142858,loss,344104270.0313335,1h
2025-10-03 12:00:00+00:00,2025-10-03 13:32:00+00:00,1,0.58341,0.5828548928571429,loss,337095932.6545444,1h
2025-10-06 00:00:00+00:00,2025-10-06 08:11:00+00:00,1,0.58241,0.58241,loss,340466891.98108983,1h
2025-10-06 17:00:00+00:00,2025-10-06 21:12:00+00:00,1,0.5839599999999999,0.5833144285714286,loss,333550416.8861811,1h
2025-10-06 19:00:00+00:00,2025-10-06 19:58:00+00:00,1,0.58414,0.58414,loss,336885921.0550429,1h
2025-10-06 20:00:00+00:00,2025-10-06 21:05:00+00:00,1,0.5841999999999999,0.5838628928571429,loss,329942223.6888717,1h
2025-10-07 16:00:00+00:00,2025-10-08 01:00:00+00:00,-1,0.5804900000000001,0.5784749107142857,win,341449469.7060548,1h
2025-10-08 00:00:00+00:00,2025-10-08 01:00:00+00:00,-1,0.57972,0.5783501785714285,win,353338336.3524981,1h
2025-10-08 01:00:00+00:00,2025-10-08 01:01:00+00:00,-1,0.57954,0.5776636607142857,win,365658349.5480484,1h
2025-10-08 16:00:00+00:00,2025-10-08 19:04:00+00:00,-1,0.5777,0.5785256785714287,loss,358255525.09583867,1h
2025-10-09 01:00:00+00:00,2025-10-09 06:11:00+00:00,1,0.5791299999999999,0.5791299999999999,loss,361838080.34679705,1h
2025-10-09 03:00:00+00:00,2025-10-09 06:18:00+00:00,1,0.5804499999999999,0.5788077142857143,loss,354556983.5996123,1h
2025-10-09 06:00:00+00:00,2025-10-09 08:32:00+00:00,-1,0.5794900000000001,0.576291607142857,win,366938850.72126096,1h
2025-10-09 14:00:00+00:00,2025-10-14 03:34:00+00:00,-1,0.5766300000000001,0.5709305357142859,win,379765643.3651441,1h
2025-10-10 10:00:00+00:00,2025-10-10 15:32:00+00:00,-1,0.57498,0.572580267857143,win,393018041.72766,1h
2025-10-10 15:00:00+00:00,2025-10-12 21:04:00+00:00,-1,0.57393,0.57393,loss,396948222.1449366,1h
2025-10-13 06:00:00+00:00,2025-10-13 07:25:00+00:00,-1,0.57367,0.57367,loss,400917704.366386,1h
2025-10-13 07:00:00+00:00,2025-10-13 15:24:00+00:00,-1,0.5733400000000001,0.5733400000000001,loss,404926881.41004986,1h
2025-10-13 09:00:00+00:00,2025-10-13 13:57:00+00:00,-1,0.57313,0.57313,loss,408976150.22415036,1h
2025-10-13 11:00:00+00:00,2025-10-13 13:52:00+00:00,-1,0.57304,0.57304,loss,413065911.72639185,1h
2025-10-13 12:00:00+00:00,2025-10-13 16:49:00+00:00,-1,0.5720700000000001,0.5735792857142856,loss,404749491.7980656,1h
2025-10-13 19:00:00+00:00,2025-10-14 03:22:00+00:00,-1,0.57294,0.5711452678571425,win,418859656.20428824,1h
2025-10-13 22:00:00+00:00,2025-10-14 00:07:00+00:00,-1,0.57255,0.5714916071428571,win,433421732.55207014,1h
2025-10-14 00:00:00+00:00,2025-10-14 10:05:00+00:00,-1,0.57167,0.5684595535714285,win,448557847.10053486,1h
2025-10-14 02:00:00+00:00,2025-10-14 03:34:00+00:00,-1,0.57223,0.5709396428571428,win,464171134.31621397,1h
2025-10-14 03:00:00+00:00,2025-10-14 06:36:00+00:00,-1,0.5717300000000001,0.5691853571428573,win,480371699.7485802,1h
2025-10-14 19:00:00+00:00,2025-10-14 21:05:00+00:00,-1,0.57167,0.57167,loss,485175416.74606603,1h
2025-10-14 20:00:00+00:00,2025-10-15 01:15:00+00:00,-1,0.57118,0.5720645,loss,475360947.7669494,1h
2025-10-14 23:00:00+00:00,2025-10-15 01:14:00+00:00,-1,0.5714400000000001,0.5714400000000001,loss,480114557.2446189,1h
2025-10-15 00:00:00+00:00,2025-10-15 01:15:00+00:00,-1,0.5711900000000001,0.5718930357142856,loss,470373712.04043466,1h
2025-10-15 11:00:00+00:00,2025-10-15 11:57:00+00:00,-1,0.57286,0.5723166964285713,win,486624262.287217,1h
2025-10-15 12:00:00+00:00,2025-10-15 14:57:00+00:00,-1,0.5723600000000001,0.5723600000000001,loss,491490504.9100892,1h
2025-10-16 01:00:00+00:00,2025-10-16 13:31:00+00:00,1,0.57297,0.57297,loss,496405409.9591901,1h
2025-10-16 12:00:00+00:00,2025-10-16 13:27:00+00:00,1,0.57397,0.5732926785714285,loss,486328526.25581795,1h
2025-10-16 20:00:00+00:00,2025-10-17 00:46:00+00:00,-1,0.57245,0.5730555357142857,loss,476438631.0082416,1h
2025-10-17 07:00:00+00:00,2025-10-17 07:14:00+00:00,-1,0.5732900000000001,0.5719309821428571,win,493026979.36517835,1h
2025-10-20 06:00:00+00:00,2025-10-20 06:21:00+00:00,1,0.57399,0.5732235,loss,483036095.56654286,1h
2025-10-20 13:00:00+00:00,2025-10-21 02:43:00+00:00,1,0.57331,0.57331,loss,487866456.5222083,1h
2025-10-21 02:00:00+00:00,2025-10-21 08:04:00+00:00,-1,0.5741200000000001,0.5711433035714287,win,504900945.87143844,1h
2025-10-21 06:00:00+00:00,2025-10-21 14:14:00+00:00,-1,0.57193,0.5731809285714287,loss,494721552.2548539,1h
2025-10-21 08:00:00+00:00,2025-10-21 12:55:00+00:00,-1,0.57167,0.5726515357142857,loss,484725278.0052347,1h
2025-10-22 00:00:00+00:00,2025-10-22 00:56:00+00:00,1,0.57421,0.57421,loss,489572530.7852871,1h
2025-10-22 13:00:00+00:00,2025-10-22 14:31:00+00:00,1,0.57422,0.57422,loss,494468256.09313995,1h
2025-10-22 14:00:00+00:00,2025-10-22 16:30:00+00:00,1,0.57438,0.57438,loss,499412938.65407133,1h
2025-10-22 22:00:00+00:00,2025-10-22 23:12:00+00:00,1,0.5740299999999999,0.5737195,loss,489092291.90185386,1h
2025-10-23 02:00:00+00:00,2025-10-23 07:04:00+00:00,-1,0.5734100000000001,0.5743811428571429,loss,479208672.99475324,1h
2025-10-23 04:00:00+00:00,2025-10-23 06:01:00+00:00,-1,0.5725100000000001,0.5736015714285715,loss,469535886.1228664,1h
2025-10-23 05:00:00+00:00,2025-10-23 08:00:00+00:00,1,0.5730599999999999,0.5747700892857142,win,485901399.18460345,1h
2025-10-23 13:00:00+00:00,2025-10-23 17:23:00+00:00,1,0.57444,0.57444,loss,490760413.1764495,1h
2025-10-23 15:00:00+00:00,2025-10-24 08:25:00+00:00,1,0.5751299999999999,0.5742935,loss,480826448.6120919,1h
2025-10-24 00:00:00+00:00,2025-10-24 01:09:00+00:00,1,0.5754999999999999,0.5754999999999999,loss,485634713.09821284,1h
2025-10-24 11:00:00+00:00,2025-10-24 11:02:00+00:00,1,0.57421,0.5739008928571429,loss,475597295.9236113,1h
2025-10-24 12:00:00+00:00,2025-10-24 12:30:00+00:00,1,0.5742799999999999,0.5756306249999997,win,492155815.46634483,1h
2025-10-24 20:00:00+00:00,2025-10-26 21:04:00+00:00,1,0.5748599999999999,0.575739107142857,win,509242884.16298854,1h
2025-10-27 09:00:00+00:00,2025-10-27 13:41:00+00:00,1,0.5759099999999999,0.5759099999999999,loss,514335313.0046184,1h
2025-10-27 12:00:00+00:00,2025-10-27 13:41:00+00:00,1,0.57665,0.57587675,loss,503913831.68707377,1h
2025-10-27 19:00:00+00:00,2025-10-28 06:55:00+00:00,1,0.5770599999999999,0.5770599999999999,loss,508952970.0039445,1h
2025-10-27 22:00:00+00:00,2025-10-27 23:09:00+00:00,1,0.5770099999999999,0.5776485714285711,win,526570141.64185613,1h
2025-10-27 23:00:00+00:00,2025-10-28 06:25:00+00:00,1,0.5774699999999999,0.5774699999999999,loss,531835843.0582747,1h
2025-10-28 01:00:00+00:00,2025-10-28 05:40:00+00:00,1,0.57766,0.57766,loss,537154201.4888574,1h
2025-10-28 10:00:00+00:00,2025-10-28 13:18:00+00:00,1,0.5772499999999999,0.5761164999999999,loss,526315495.8833817,1h
2025-10-29 10:00:00+00:00,2025-10-29 18:13:00+00:00,1,0.5783299999999999,0.5783299999999999,loss,531578650.84221554,1h
2025-10-30 00:00:00+00:00,2025-10-30 01:08:00+00:00,1,0.5763499999999999,0.5776371428571428,win,550081451.7892075,1h
2025-10-30 01:00:00+00:00,2025-10-30 11:37:00+00:00,1,0.57749,0.5758510357142856,loss,539012285.182881,1h
2025-10-30 03:00:00+00:00,2025-10-30 10:22:00+00:00,1,0.57777,0.5766130714285714,loss,528138047.17689383,1h
2025-10-30 09:00:00+00:00,2025-10-30 11:31:00+00:00,-1,0.57728,0.5759242857142857,win,546526200.838278,1h
2025-10-30 10:00:00+00:00,2025-10-30 12:35:00+00:00,-1,0.5767,0.574127857142857,win,565601703.8509396,1h
2025-10-30 17:00:00+00:00,2025-10-30 23:53:00+00:00,-1,0.5745,0.5745,loss,571257720.889449,1h
2025-10-30 19:00:00+00:00,2025-10-31 05:20:00+00:00,-1,0.5741700000000001,0.572549642857143,win,591164144.0987575,1h
2025-10-30 20:00:00+00:00,2025-11-03 13:08:00+00:00,-1,0.57371,0.5712522321428573,win,611795000.5932988,1h
2025-10-30 23:00:00+00:00,2025-10-30 23:50:00+00:00,-1,0.57406,0.5744148928571429,loss,599204326.6347302,1h
2025-10-31 01:00:00+00:00,2025-10-31 03:25:00+00:00,-1,0.5741,0.5728135714285714,win,620060929.023242,1h
2025-10-31 02:00:00+00:00,2025-11-03 14:24:00+00:00,-1,0.57345,0.5705733928571426,win,641709360.0048378,1h
2025-10-31 06:00:00+00:00,2025-11-03 15:28:00+00:00,-1,0.57238,0.569432232142857,win,664114948.2773286,1h
2025-10-31 12:00:00+00:00,2025-10-31 13:58:00+00:00,-1,0.5724,0.5724,loss,670756097.7601019,1h
2025-11-03 01:00:00+00:00,2025-11-03 04:13:00+00:00,-1,0.57184,0.5726417142857143,loss,657171531.824954,1h
2025-11-03 07:00:00+00:00,2025-11-03 10:00:00+00:00,-1,0.57265,0.5715242857142856,win,680027875.0387409,1h
2025-11-03 10:00:00+00:00,2025-11-03 15:28:00+00:00,-1,0.5716300000000001,0.5694823214285714,win,703750059.0549798,1h
2025-11-03 13:00:00+00:00,2025-11-03 14:23:00+00:00,-1,0.57169,0.5706333928571428,win,728216360.49698,1h
2025-11-03 20:00:00+00:00,2025-11-03 22:05:00+00:00,-1,0.5709200000000001,0.5703427678571429,win,753393912.4652376,1h
2025-11-03 21:00:00+00:00,2025-11-03 22:06:00+00:00,-1,0.57077,0.57077,loss,760927851.58989,1h
2025-11-04 00:00:00+00:00,2025-11-04 01:03:00+00:00,-1,0.5706,0.5692203571428569,win,787423433.6954308,1h
2025-11-04 09:00:00+00:00,2025-11-04 21:54:00+00:00,-1,0.56757,0.5638234821428569,win,814930850.0620089,1h
2025-11-04 12:00:00+00:00,2025-11-05 01:21:00+00:00,-1,0.56613,0.5634341071428572,win,843378137.5822725,1h
2025-11-04 17:00:00+00:00,2025-11-04 19:32:00+00:00,-1,0.5664100000000001,0.5652199107142859,win,872720681.6912141,1h
2025-11-04 20:00:00+00:00,2025-11-04 22:04:00+00:00,-1,0.5649500000000001,0.5649500000000001,loss,881447888.5081263,1h
2025-11-05 01:00:00+00:00,2025-11-05 02:10:00+00:00,-1,0.5640400000000001,0.5640400000000001,loss,890262367.3932076,1h
2025-11-05 06:00:00+00:00,2025-11-05 14:54:00+00:00,-1,0.56527,0.56527,loss,899164991.0671396,1h
2025-11-05 10:00:00+00:00,2025-11-05 16:49:00+00:00,-1,0.5647500000000001,0.5660285357142857,loss,881039927.0083477,1h
2025-11-06 03:00:00+00:00,2025-11-06 04:17:00+00:00,-1,0.5664300000000001,0.5668755000000001,loss,863014517.7095107,1h
2025-11-06 23:00:00+00:00,2025-11-06 23:19:00+00:00,-1,0.56352,0.5638476071428571,loss,845210779.5537741,1h
2025-11-07 01:00:00+00:00,2025-11-07 07:37:00+00:00,-1,0.5632100000000001,0.5607838392857145,win,874706420.8959626,1h
2025-11-07 03:00:00+00:00,2025-11-07 12:13:00+00:00,-1,0.56237,0.56237,loss,883453485.1049222,1h
2025-11-10 08:00:00+00:00,2025-11-10 14:30:00+00:00,1,0.5634899999999999,0.5634899999999999,loss,892288019.9559714,1h
2025-11-10 11:00:00+00:00,2025-11-10 17:50:00+00:00,-1,0.5643600000000001,0.5643600000000001,loss,901210900.155531,1h
2025-11-11 02:00:00+00:00,2025-11-11 12:02:00+00:00,-1,0.5639500000000001,0.5648302857142856,loss,882979575.248249,1h
2025-11-11 08:00:00+00:00,2025-11-11 13:24:00+00:00,1,0.56382,0.5657043750000004,win,913767333.8791019,1h
2025-11-11 11:00:00+00:00,2025-11-11 13:24:00+00:00,1,0.5645199999999999,0.5657398214285714,win,945563438.5295259,1h
2025-11-12 06:00:00+00:00,2025-11-13 00:43:00+00:00,1,0.56533,0.56533,loss,955019072.9148211,1h
2025-11-12 11:00:00+00:00,2025-11-12 12:51:00+00:00,1,0.56565,0.566485267857143,win,988162279.982616,1h
2025-11-12 12:00:00+00:00,2025-11-12 14:14:00+00:00,1,0.5657599999999999,0.5657599999999999,loss,998043902.7824421,1h
2025-11-12 16:00:00+00:00,2025-11-12 23:51:00+00:00,1,0.56609,0.56609,loss,1008024341.8102665,1h
2025-11-13 04:00:00+00:00,2025-11-13 06:33:00+00:00,-1,0.5656,0.5640257142857141,win,1043146127.7142777,1h
2025-11-13 15:00:00+00:00,2025-11-13 18:35:00+00:00,1,0.56687,0.5657315357142857,loss,1022098326.269111,1h
2025-11-14 12:00:00+00:00,2025-11-14 18:04:00+00:00,1,0.5678099999999999,0.5678099999999999,loss,1032319309.5318022,1h
2025-11-14 15:00:00+00:00,2025-11-17 00:00:00+00:00,1,0.56858,0.5675079642857144,loss,1011478519.46272,1h
2025-11-17 00:00:00+00:00,2025-11-17 07:01:00+00:00,-1,0.5675300000000001,0.5675300000000001,loss,1021593304.6573472,1h
2025-11-17 11:00:00+00:00,2025-11-18 08:04:00+00:00,-1,0.5662600000000001,0.5662600000000001,loss,1031809237.7039207,1h
2025-11-17 15:00:00+00:00,2025-11-17 18:08:00+00:00,1,0.5666399999999999,0.5666399999999999,loss,1042127330.0809599,1h
2025-11-17 16:00:00+00:00,2025-11-17 19:22:00+00:00,1,0.5671499999999999,0.5657663928571428,loss,1021133047.6157795,1h
2025-11-18 00:00:00+00:00,2025-11-18 05:39:00+00:00,-1,0.5653900000000001,0.5653900000000001,loss,1031344378.0919373,1h
2025-11-18 08:00:00+00:00,2025-11-18 14:55:00+00:00,1,0.56587,0.56587,loss,1041657821.8728566,1h
2025-11-18 13:00:00+00:00,2025-11-18 14:16:00+00:00,1,0.5666199999999999,0.5666199999999999,loss,1052074400.0915852,1h
2025-11-18 21:00:00+00:00,2025-11-19 01:42:00+00:00,-1,0.5661,0.5640809821428572,win,1088767375.5658479,1h
2025-11-18 23:00:00+00:00,2025-11-19 00:17:00+00:00,-1,0.56589,0.5650953571428571,win,1126535957.118157,1h
2025-11-19 00:00:00+00:00,2025-11-19 00:52:00+00:00,-1,0.5658500000000001,0.5647325892857145,win,1165714909.592115,1h
2025-11-19 01:00:00+00:00,2025-11-19 16:19:00+00:00,-1,0.5645300000000001,0.5601013392857146,win,1206449274.522264,1h
2025-11-19 11:00:00+00:00,2025-11-19 16:06:00+00:00,-1,0.5626500000000001,0.5603374107142858,win,1248545138.7542448,1h
2025-11-19 13:00:00+00:00,2025-11-19 15:29:00+00:00,-1,0.56283,0.5611215178571429,win,1292062583.7382748,1h
2025-11-19 16:00:00+00:00,2025-11-20 13:31:00+00:00,-1,0.5606500000000001,0.5625738214285715,loss,1266086307.7018375,1h
2025-11-20 19:00:00+00:00,2025-11-21 06:24:00+00:00,-1,0.5591200000000001,0.5603911428571429,loss,1240563797.584188,1h
2025-11-20 21:00:00+00:00,2025-11-21 06:18:00+00:00,-1,0.5589900000000001,0.5602638214285713,loss,1215556202.157374,1h
2025-11-21 08:00:00+00:00,2025-11-21 08:47:00+00:00,-1,0.5597000000000001,0.5607044285714285,loss,1191000604.808234,1h
2025-11-23 23:00:00+00:00,2025-11-24 11:03:00+00:00,-1,0.56081,0.56081,loss,1202910610.8563163,1h
2025-11-24 01:00:00+00:00,2025-11-24 10:48:00+00:00,-1,0.56066,0.56066,loss,1214939716.9648795,1h
2025-11-24 05:00:00+00:00,2025-11-24 08:37:00+00:00,-1,0.56054,0.5612760357142857,loss,1190306244.9525547,1h
2025-11-24 06:00:00+00:00,2025-11-24 08:13:00+00:00,-1,0.56052,0.56118425,loss,1166136251.1211545,1h
2025-11-24 07:00:00+00:00,2025-11-24 08:12:00+00:00,-1,0.5600900000000001,0.5610648928571429,loss,1142571812.9919376,1h
2025-11-24 23:00:00+00:00,2025-11-25 00:04:00+00:00,1,0.5611299999999999,0.5607773571428571,loss,1119053459.684702,1h
2025-11-25 00:00:00+00:00,2025-11-25 00:04:00+00:00,1,0.5611999999999999,0.5607791785714287,loss,1096127602.2293189,1h
2025-11-25 04:00:00+00:00,2025-11-25 13:30:00+00:00,-1,0.56035,0.5615844642857143,loss,1074026012.279746,1h
2025-11-25 23:00:00+00:00,2025-11-26 01:00:00+00:00,1,0.56221,0.5641365178571431,win,1111478268.4223692,1h
2025-11-26 01:00:00+00:00,2025-11-26 01:01:00+00:00,1,0.56273,0.564674642857143,win,1150237849.0764453,1h
2025-11-26 15:00:00+00:00,2025-11-27 01:03:00+00:00,1,0.5677099999999999,0.5714658035714286,win,1190419813.0767303,1h
2025-11-26 19:00:00+00:00,2025-11-27 01:07:00+00:00,1,0.56961,0.5715814285714285,win,1231934309.3698258,1h
2025-11-27 12:00:00+00:00,2025-11-28 06:40:00+00:00,1,0.57155,0.57155,loss,1244253652.463524,1h
2025-11-27 14:00:00+00:00,2025-11-28 04:33:00+00:00,1,0.57187,0.57187,loss,1256696188.9881594,1h
2025-11-28 13:00:00+00:00,2025-11-28 15:01:00+00:00,1,0.5709299999999999,0.5725188392857141,win,1300484054.272028,1h
2025-12-01 00:00:00+00:00,2025-12-01 14:40:00+00:00,1,0.57363,0.57363,loss,1313488894.8147483,1h
2025-12-01 07:00:00+00:00,2025-12-01 10:42:00+00:00,1,0.5730599999999999,0.5730599999999999,loss,1326623783.7628958,1h
2025-12-01 08:00:00+00:00,2025-12-01 14:40:00+00:00,1,0.57365,0.57365,loss,1339890021.6005247,1h
2025-12-01 23:00:00+00:00,2025-12-02 00:31:00+00:00,1,0.57263,0.5722536428571429,loss,1312360754.5940428,1h
2025-12-02 07:00:00+00:00,2025-12-02 07:30:00+00:00,-1,0.57277,0.5729996071428571,loss,1284918350.003757,1h
2025-12-02 09:00:00+00:00,2025-12-02 13:01:00+00:00,-1,0.5724800000000001,0.5724800000000001,loss,1297767533.5037947,1h
2025-12-02 12:00:00+00:00,2025-12-02 13:56:00+00:00,1,0.5715699999999999,0.5729308928571426,win,1342952732.5226698,1h
2025-12-02 13:00:00+00:00,2025-12-02 17:11:00+00:00,1,0.57234,0.57234,loss,1356382259.8478966,1h
2025-12-02 20:00:00+00:00,2025-12-03 14:10:00+00:00,1,0.57346,0.57346,loss,1369946082.4463756,1h
2025-12-02 23:00:00+00:00,2025-12-03 00:30:00+00:00,1,0.57363,0.57363,loss,1383645543.2708395,1h
2025-12-03 00:00:00+00:00,2025-12-03 08:34:00+00:00,1,0.57411,0.57411,loss,1397481998.703548,1h
2025-12-03 02:00:00+00:00,2025-12-04 08:07:00+00:00,1,0.57463,0.5777454464285716,win,1446282086.0672185,1h
2025-12-03 05:00:00+00:00,2025-12-03 07:30:00+00:00,1,0.5752999999999999,0.5746952142857142,loss,1416870123.9614656,1h
2025-12-03 20:00:00+00:00,2025-12-04 00:14:00+00:00,1,0.5776699999999999,0.5769969285714286,loss,1388105355.7225602,1h
2025-12-04 03:00:00+00:00,2025-12-04 03:15:00+00:00,1,0.57688,0.5764872857142858,loss,1359617848.2729082,1h
2025-12-04 08:00:00+00:00,2025-12-04 12:49:00+00:00,1,0.57733,0.5764581428571429,loss,1332109982.4416165,1h
2025-12-04 16:00:00+00:00,2025-12-04 22:16:00+00:00,1,0.57751,0.5761190357142857,loss,1305274858.182609,1h
2025-12-05 01:00:00+00:00,2025-12-05 07:27:00+00:00,1,0.57641,0.5780984821428573,win,1350767354.4949353,1h
2025-12-05 05:00:00+00:00,2025-12-05 11:35:00+00:00,1,0.57685,0.57685,loss,1364275028.0398846,1h
2025-12-05 10:00:00+00:00,2025-12-05 11:35:00+00:00,1,0.5774999999999999,0.5769105357142856,loss,1336518652.89314,1h
2025-12-05 11:00:00+00:00,2025-12-05 11:35:00+00:00,1,0.57765,0.5769066785714285,loss,1309423768.83074,1h
2025-12-05 20:00:00+00:00,2025-12-05 21:40:00+00:00,1,0.57768,0.5771525714285713,loss,1282729166.1000793,1h
2025-12-09 20:00:00+00:00,2025-12-09 22:15:00+00:00,1,0.5780099999999999,0.5774107857142857,loss,1256639179.4970663,1h
2025-12-09 21:00:00+00:00,2025-12-09 22:08:00+00:00,1,0.57809,0.5776163571428572,loss,1230964323.8531153,1h
2025-12-10 01:00:00+00:00,2025-12-10 05:35:00+00:00,-1,0.5775300000000001,0.5775300000000001,loss,1243273967.0916464,1h
2025-12-10 09:00:00+00:00,2025-12-10 13:13:00+00:00,1,0.5786899999999999,0.5778451785714286,loss,1218110633.879624,1h
2025-12-10 17:00:00+00:00,2025-12-10 19:40:00+00:00,1,0.57865,0.57865,loss,1230291740.21842,1h
2025-12-11 00:00:00+00:00,2025-12-11 02:33:00+00:00,1,0.58166,0.5809861428571429,loss,1205315255.8689046,1h
2025-12-11 10:00:00+00:00,2025-12-11 14:06:00+00:00,1,0.5805499999999999,0.5826921428571428,win,1247361276.4358165,1h
2025-12-12 00:00:00+00:00,2025-12-12 04:04:00+00:00,1,0.58095,0.58095,loss,1259834889.2001748,1h
2025-12-12 03:00:00+00:00,2025-12-12 04:46:00+00:00,1,0.5812799999999999,0.5808473928571429,loss,1234041971.0680356,1h
2025-12-12 06:00:00+00:00,2025-12-12 11:28:00+00:00,1,0.58141,0.5806906428571428,loss,1209013199.1606238,1h
2025-12-15 14:00:00+00:00,2025-12-15 14:41:00+00:00,-1,0.57913,0.5800584642857143,loss,1184569666.7590394,1h
2025-12-15 17:00:00+00:00,2025-12-16 01:19:00+00:00,-1,0.5793400000000001,0.5766476785714285,win,1225920016.9416735,1h
2025-12-15 21:00:00+00:00,2025-12-15 23:01:00+00:00,-1,0.5784400000000001,0.5784400000000001,loss,1238179217.1110902,1h
2025-12-16 01:00:00+00:00,2025-12-16 08:13:00+00:00,-1,0.57721,0.5790710357142858,loss,1213281850.4536436,1h
2025-12-16 12:00:00+00:00,2025-12-16 12:47:00+00:00,1,0.57855,0.5779496785714285,loss,1188605155.4034002,1h
2025-12-16 16:00:00+00:00,2025-12-16 20:10:00+00:00,-1,0.57921,0.57921,loss,1200491206.9574342,1h
2025-12-17 03:00:00+00:00,2025-12-17 14:02:00+00:00,-1,0.5781900000000001,0.5781900000000001,loss,1212496119.0270085,1h
2025-12-17 05:00:00+00:00,2025-12-17 15:23:00+00:00,-1,0.5775100000000001,0.5789785357142857,loss,1188079934.5375402,1h
2025-12-17 07:00:00+00:00,2025-12-17 09:06:00+00:00,-1,0.57709,0.5778455357142857,loss,1163999617.3972862,1h
2025-12-17 14:00:00+00:00,2025-12-17 14:02:00+00:00,-1,0.57791,0.5781915357142857,loss,1139862279.5465922,1h
2025-12-17 19:00:00+00:00,2025-12-17 21:45:00+00:00,-1,0.57733,0.5783498214285714,loss,1116839278.7384923,1h
2025-12-18 01:00:00+00:00,2025-12-18 07:05:00+00:00,-1,0.5766600000000001,0.5766600000000001,loss,1128007671.5258772,1h
2025-12-18 07:00:00+00:00,2025-12-18 07:49:00+00:00,-1,0.5761700000000001,0.5767163571428572,loss,1105026899.973072,1h
2025-12-18 15:00:00+00:00,2025-12-19 00:00:00+00:00,-1,0.5778500000000001,0.5778500000000001,loss,1116077168.9728029,1h
2025-12-19 02:00:00+00:00,2025-12-19 13:00:00+00:00,-1,0.57721,0.5740557142857141,win,1155051692.2324183,1h
2025-12-19 08:00:00+00:00,2025-12-19 18:16:00+00:00,-1,0.5747000000000001,0.5764813214285714,loss,1131820241.4376223,1h
2025-12-19 21:00:00+00:00,2025-12-22 00:00:00+00:00,-1,0.57581,0.57581,loss,1143138443.8519986,1h
2025-12-22 05:00:00+00:00,2025-12-22 10:03:00+00:00,1,0.57704,0.5785183035714286,win,1182956269.0111048,1h
2025-12-22 07:00:00+00:00,2025-12-22 07:34:00+00:00,1,0.57692,0.5777600892857144,win,1224011846.6553335,1h
2025-12-22 08:00:00+00:00,2025-12-23 02:03:00+00:00,1,0.5778399999999999,0.5809830357142856,win,1266755211.0200872,1h
2025-12-22 12:00:00+00:00,2025-12-22 22:16:00+00:00,1,0.57887,0.57887,loss,1279422763.1302881,1h
2025-12-22 17:00:00+00:00,2025-12-22 18:07:00+00:00,1,0.57965,0.57965,loss,1292216990.761591,1h
2025-12-23 01:00:00+00:00,2025-12-23 08:25:00+00:00,1,0.58029,0.5828694642857144,win,1337319828.263772,1h
2025-12-23 08:00:00+00:00,2025-12-23 14:19:00+00:00,1,0.58204,0.58204,loss,1350693026.5464098,1h
2025-12-23 16:00:00+00:00,2025-12-26 05:14:00+00:00,1,0.58299,0.58299,loss,1364199956.811874,1h
2025-12-23 19:00:00+00:00,2025-12-24 12:55:00+00:00,1,0.5835499999999999,0.5835499999999999,loss,1377841956.3799927,1h
2025-12-23 23:00:00+00:00,2025-12-24 00:25:00+00:00,1,0.58397,0.58397,loss,1391620375.9437926,1h
2025-12-24 06:00:00+00:00,2025-12-24 12:42:00+00:00,1,0.5844499999999999,0.5838335357142858,loss,1363329039.3803816,1h
2025-12-24 19:00:00+00:00,2025-12-26 05:19:00+00:00,1,0.58363,0.5829767857142857,loss,1335638547.2868054,1h
2025-12-26 07:00:00+00:00,2025-12-26 13:30:00+00:00,-1,0.5828500000000001,0.5828500000000001,loss,1348994932.7596734,1h
2025-12-26 11:00:00+00:00,2025-12-26 11:52:00+00:00,1,0.58195,0.58195,loss,1362484882.08727,1h
2025-12-26 12:00:00+00:00,2025-12-26 13:34:00+00:00,1,0.58209,0.5830151785714288,win,1409807621.7525907,1h
2025-12-26 13:00:00+00:00,2025-12-26 13:45:00+00:00,1,0.5821799999999999,0.5832922321428569,win,1458836825.2359529,1h
2025-12-26 18:00:00+00:00,2025-12-29 05:02:00+00:00,1,0.5830099999999999,0.5823268214285714,loss,1429226671.2437658,1h
2025-12-28 23:00:00+00:00,2025-12-29 00:57:00+00:00,1,0.5827399999999999,0.5827399999999999,loss,1443518937.9562035,1h
2025-12-29 01:00:00+00:00,2025-12-29 01:31:00+00:00,1,0.58273,0.58273,loss,1457954127.3357656,1h
2025-12-29 04:00:00+00:00,2025-12-29 06:12:00+00:00,-1,0.58299,0.5818610714285714,win,1508662494.2324264,1h
2025-12-29 05:00:00+00:00,2025-12-29 09:07:00+00:00,-1,0.5825100000000001,0.580343125,win,1561292421.4106388,1h
2025-12-30 02:00:00+00:00,2025-12-30 08:45:00+00:00,1,0.5809399999999999,0.5809399999999999,loss,1576905345.6247451,1h
2025-12-30 08:00:00+00:00,2025-12-30 12:07:00+00:00,-1,0.58138,0.5797199107142856,win,1631860981.6674678,1h
2025-12-30 10:00:00+00:00,2025-12-31 01:59:00+00:00,-1,0.58069,0.5782562500000001,win,1688809173.7259142,1h
2025-12-30 19:00:00+00:00,2025-12-31 05:23:00+00:00,-1,0.5796300000000001,0.5772186607142858,win,1747743127.5477052,1h
2025-12-30 23:00:00+00:00,2025-12-31 01:14:00+00:00,-1,0.57899,0.57899,loss,1765220558.8231823,1h
2025-12-31 01:00:00+00:00,2025-12-31 05:16:00+00:00,-1,0.57879,0.5775000892857145,win,1826663789.5733728,1h
2025-12-31 02:00:00+00:00,2025-12-31 15:16:00+00:00,-1,0.5780700000000001,0.5749715178571431,win,1890450112.582969,1h
2025-12-31 04:00:00+00:00,2025-12-31 06:43:00+00:00,-1,0.5780000000000001,0.5767619642857145,win,1956237181.4242756,1h
2025-12-31 06:00:00+00:00,2025-12-31 12:04:00+00:00,-1,0.57725,0.57725,loss,1975799553.2385185,1h
2025-12-31 09:00:00+00:00,2025-12-31 15:47:00+00:00,-1,0.57655,0.5741250892857143,win,2044749675.9998336,1h
2026-01-02 03:00:00+00:00,2026-01-02 08:10:00+00:00,-1,0.5767,0.5767,loss,2065197172.759832,1h
2026-01-02 05:00:00+00:00,2026-01-02 08:13:00+00:00,-1,0.5760200000000001,0.5770381428571428,loss,2023483526.0253592,1h
2026-01-02 12:00:00+00:00,2026-01-02 15:02:00+00:00,-1,0.57693,0.5775069285714286,loss,1982300014.7749987,1h
2026-01-02 13:00:00+00:00,2026-01-02 14:50:00+00:00,-1,0.57689,0.5774059642857143,loss,1941870441.3812642,1h
2026-01-05 08:00:00+00:00,2026-01-05 10:20:00+00:00,-1,0.57491,0.5760586785714286,loss,1902691958.1731954,1h
2026-01-05 19:00:00+00:00,2026-01-06 00:07:00+00:00,1,0.57887,0.578393,loss,1863823261.6400678,1h
2026-01-05 20:00:00+00:00,2026-01-06 00:06:00+00:00,1,0.57909,0.5784487857142858,loss,1825956244.7344625,1h
2026-01-05 23:00:00+00:00,2026-01-05 23:54:00+00:00,1,0.57883,0.5785233214285714,loss,1788206187.4971144,1h
2026-01-06 01:00:00+00:00,2026-01-06 01:09:00+00:00,1,0.5787899999999999,0.5781597857142857,loss,1751865422.3415554,1h
2026-01-06 05:00:00+00:00,2026-01-06 05:48:00+00:00,1,0.57993,0.57993,loss,1769384076.564971,1h
2026-01-06 20:00:00+00:00,2026-01-06 22:30:00+00:00,1,0.5782299999999999,0.5795558928571427,win,1830981395.3699718,1h
2026-01-07 03:00:00+00:00,2026-01-07 08:53:00+00:00,-1,0.5786,0.5786,loss,1849291209.3236716,1h
2026-01-07 05:00:00+00:00,2026-01-08 08:01:00+00:00,-1,0.57811,0.5750979464285713,win,1913863418.6563497,1h
2026-01-07 07:00:00+00:00,2026-01-07 07:24:00+00:00,1,0.57832,0.5777728928571428,loss,1874873494.179464,1h
2026-01-07 12:00:00+00:00,2026-01-07 12:18:00+00:00,1,0.5791099999999999,0.5786064285714286,loss,1836616307.105762,1h
2026-01-07 15:00:00+00:00,2026-01-07 15:01:00+00:00,-1,0.5791700000000001,0.5785377678571431,win,1900182943.1040254,1h
2026-01-07 16:00:00+00:00,2026-01-08 08:51:00+00:00,-1,0.5780500000000001,0.5746180357142858,win,1966551330.230937,1h
2026-01-08 01:00:00+00:00,2026-01-08 08:48:00+00:00,-1,0.57677,0.574772857142857,win,2035135682.6731544,1h
2026-01-08 03:00:00+00:00,2026-01-08 08:48:00+00:00,-1,0.5765300000000001,0.5747435714285717,win,2106082211.8892066,1h
2026-01-08 05:00:00+00:00,2026-01-08 08:43:00+00:00,-1,0.57647,0.5750245535714285,win,2179433330.5056686,1h
2026-01-09 00:00:00+00:00,2026-01-09 07:01:00+00:00,-1,0.5749500000000001,0.5736813392857141,win,2255287380.6481624,1h
2026-01-09 04:00:00+00:00,2026-01-09 04:42:00+00:00,-1,0.5742700000000001,0.5746161071428572,loss,2208839628.0058107,1h
2026-01-09 06:00:00+00:00,2026-01-09 12:20:00+00:00,-1,0.5741,0.5724919642857141,win,2285807730.8585234,1h
2026-01-12 08:00:00+00:00,2026-01-12 21:08:00+00:00,1,0.57531,0.5772082142857144,win,2365511531.962325,1h
2026-01-12 10:00:00+00:00,2026-01-12 13:08:00+00:00,1,0.57551,0.5767809821428572,win,2447842775.8410287,1h
2026-01-12 11:00:00+00:00,2026-01-12 14:21:00+00:00,1,0.5758899999999999,0.5758899999999999,loss,2472321203.599439,1h
2026-01-12 13:00:00+00:00,2026-01-12 14:17:00+00:00,1,0.5760599999999999,0.5760599999999999,loss,2497044415.6354337,1h
2026-01-12 20:01:00+00:00,2026-01-13 00:55:00+00:00,1,0.57665,0.5775333928571431,win,2583742216.99821,1h
2026-01-13 00:00:00+00:00,2026-01-13 01:38:00+00:00,1,0.5772999999999999,0.5772999999999999,loss,2609579639.168192,1h
2026-01-13 01:00:00+00:00,2026-01-13 07:14:00+00:00,1,0.5775699999999999,0.5770664642857143,loss,2556330542.5148463,1h
2026-01-13 04:00:00+00:00,2026-01-13 05:41:00+00:00,1,0.57771,0.57771,loss,2581893847.939995,1h
2026-01-13 05:00:00+00:00,2026-01-13 06:23:00+00:00,1,0.5778899999999999,0.5773853214285714,loss,2529212103.7117996,1h
2026-01-13 20:00:00+00:00,2026-01-14 02:30:00+00:00,-1,0.57398,0.57398,loss,2554504224.7489176,1h
2026-01-13 21:00:00+00:00,2026-01-13 22:05:00+00:00,-1,0.5739500000000001,0.5739500000000001,loss,2580049266.9964066,1h
2026-01-14 00:00:00+00:00,2026-01-14 02:24:00+00:00,-1,0.57381,0.57381,loss,2605849759.6663704,1h
2026-01-14 14:00:00+00:00,2026-01-14 14:05:00+00:00,-1,0.57421,0.5746821071428572,loss,2552604952.5359488,1h
2026-01-14 17:00:00+00:00,2026-01-14 20:11:00+00:00,-1,0.5749000000000001,0.5749000000000001,loss,2578131002.0613084,1h
2026-01-14 23:00:00+00:00,2026-01-15 09:01:00+00:00,-1,0.57457,0.57457,loss,2603912312.0819216,1h
2026-01-15 00:00:00+00:00,2026-01-15 08:34:00+00:00,-1,0.5742700000000001,0.5742700000000001,loss,2629951435.2027407,1h
2026-01-15 02:00:00+00:00,2026-01-15 09:04:00+00:00,-1,0.57387,0.5746503571428572,loss,2576669618.9216313,1h
2026-01-15 05:00:00+00:00,2026-01-15 06:03:00+00:00,-1,0.57325,0.5737577142857142,loss,2524100825.4334183,1h
2026-01-15 06:00:00+00:00,2026-01-15 08:34:00+00:00,1,0.57343,0.5742554464285715,win,2611689039.338958,1h
2026-01-15 09:00:00+00:00,2026-01-15 13:31:00+00:00,1,0.5743999999999999,0.5734917500000001,loss,2558873752.503901,1h
2026-01-15 12:00:00+00:00,2026-01-15 16:15:00+00:00,-1,0.5745100000000001,0.5745100000000001,loss,2584462490.02894,1h
2026-01-15 20:00:00+00:00,2026-01-16 01:16:00+00:00,-1,0.57423,0.5748531428571428,loss,2531930218.912885,1h
2026-01-16 00:00:00+00:00,2026-01-16 03:35:00+00:00,1,0.5743499999999999,0.5755863392857142,win,2620039903.187565,1h
2026-01-16 01:00:00+00:00,2026-01-16 03:30:00+00:00,1,0.57443,0.5754916071428571,win,2711130059.0285134,1h
2026-01-16 02:00:00+00:00,2026-01-16 07:45:00+00:00,1,0.5747099999999999,0.575995267857143,win,2805496335.1473684,1h
2026-01-16 03:00:00+00:00,2026-01-16 11:24:00+00:00,1,0.57497,0.5766633928571431,win,2903276955.6594543,1h
2026-01-16 19:00:00+00:00,2026-01-18 22:04:00+00:00,1,0.5750299999999999,0.5750299999999999,loss,2932309725.2160487,1h
2026-01-16 20:00:00+00:00,2026-01-18 22:04:00+00:00,1,0.5753199999999999,0.5746643571428571,loss,2872755192.7063546,1h
2026-01-19 00:00:00+00:00,2026-01-20 03:23:00+00:00,1,0.5763699999999999,0.5822580357142857,win,2973179856.99612,1h
2026-01-19 09:00:00+00:00,2026-01-19 15:13:00+00:00,1,0.5775199999999999,0.5793233928571426,win,3076831260.13478,1h
2026-01-19 10:00:00+00:00,2026-01-19 21:30:00+00:00,1,0.57763,0.5797266071428572,win,3184155213.6305146,1h
2026-01-19 14:00:00+00:00,2026-01-19 14:15:00+00:00,1,0.57851,0.5780930714285715,loss,3118907139.2687125,1h
2026-01-20 08:00:00+00:00,2026-01-20 18:36:00+00:00,1,0.5837,0.5837,loss,3150096210.6614,1h
2026-01-20 15:00:00+00:00,2026-01-20 18:37:00+00:00,1,0.58363,0.58363,loss,3181597172.768014,1h
2026-01-21 02:00:00+00:00,2026-01-22 10:56:00+00:00,1,0.5834699999999999,0.5871849107142859,win,3292739538.68501,1h
2026-01-21 05:00:00+00:00,2026-01-21 07:24:00+00:00,1,0.5833999999999999,0.5851799107142857,win,3407525519.775064,1h
2026-01-21 12:00:00+00:00,2026-01-21 15:21:00+00:00,1,0.58493,0.58493,loss,3441600774.9728146,1h
2026-01-22 01:00:00+00:00,2026-01-22 12:20:00+00:00,1,0.58466,0.5878398214285714,win,3561787069.0685396,1h
2026-01-22 06:00:00+00:00,2026-01-22 06:07:00+00:00,1,0.5858399999999999,0.5854453571428571,loss,3488699330.696761,1h
2026-01-22 09:00:00+00:00,2026-01-22 13:14:00+00:00,1,0.5862299999999999,0.5882004464285713,win,3610363414.226382,1h
2026-01-22 11:00:00+00:00,2026-01-22 16:03:00+00:00,1,0.5871299999999999,0.5897237499999998,win,3736379483.3724847,1h
2026-01-22 21:00:00+00:00,2026-01-22 21:45:00+00:00,1,0.59087,0.5923058035714288,win,3866506692.138333,1h
2026-01-23 15:00:00+00:00,2026-01-23 20:14:00+00:00,1,0.5912299999999999,0.5943104464285713,win,4001521647.385971,1h
2026-01-25 23:00:00+00:00,2026-01-27 00:41:00+00:00,1,0.59651,0.59651,loss,4041536863.859831,1h
2026-01-26 06:00:00+00:00,2026-01-26 07:00:00+00:00,1,0.5960799999999999,0.59543725,loss,3959428675.1835537,1h
2026-01-27 15:00:00+00:00,2026-01-27 20:48:00+00:00,1,0.6001099999999999,0.6039985714285714,win,4097754776.279928,1h
2026-01-27 20:00:00+00:00,2026-01-27 20:48:00+00:00,1,0.60193,0.6041164285714284,win,4240709782.336978,1h
2026-01-27 21:00:00+00:00,2026-01-28 01:55:00+00:00,1,0.6042599999999999,0.6012268214285714,loss,4155615040.2599087,1h
2026-01-28 03:00:00+00:00,2026-01-28 07:12:00+00:00,1,0.6014299999999999,0.6034882142857142,win,4300559247.46193,1h
2026-01-28 05:00:00+00:00,2026-01-28 07:13:00+00:00,1,0.6019199999999999,0.6038398214285714,win,4450521702.316171,1h
2026-01-28 06:00:00+00:00,2026-01-28 08:45:00+00:00,1,0.60266,0.60266,loss,4495026919.339333,1h
2026-01-28 08:00:00+00:00,2026-01-28 08:45:00+00:00,1,0.6029,0.6029,loss,4539977188.532726,1h
2026-01-29 03:00:00+00:00,2026-01-29 08:52:00+00:00,1,0.60641,0.60641,loss,4585376960.418054,1h
2026-01-29 21:00:00+00:00,2026-01-30 00:44:00+00:00,1,0.6076499999999999,0.6059168928571429,loss,4493137199.28961,1h
2026-01-30 11:00:00+00:00,2026-01-30 13:53:00+00:00,1,0.60498,0.60498,loss,4538068571.282506,1h
2026-02-02 02:00:00+00:00,2026-02-02 05:28:00+00:00,-1,0.6028,0.6006874999999997,win,4696366452.011049,1h
2026-02-02 03:00:00+00:00,2026-02-02 08:10:00+00:00,-1,0.6016100000000001,0.6016100000000001,loss,4743330116.531159,1h
2026-02-02 11:00:00+00:00,2026-02-03 00:16:00+00:00,-1,0.6016900000000001,0.6016900000000001,loss,4790763417.696471,1h
2026-02-02 13:00:00+00:00,2026-02-03 00:16:00+00:00,-1,0.60165,0.60165,loss,4838671051.873436,1h
2026-02-03 07:00:00+00:00,2026-02-03 09:15:00+00:00,1,0.60417,0.60417,loss,4887057762.39217,1h
2026-02-03 13:00:00+00:00,2026-02-03 15:01:00+00:00,1,0.60391,0.6024855357142858,loss,4788625595.315788,1h
2026-02-04 08:00:00+00:00,2026-02-04 10:13:00+00:00,-1,0.6040300000000001,0.6019448214285715,win,4955656104.819836,1h
2026-02-06 12:00:00+00:00,2026-02-06 17:48:00+00:00,1,0.59934,0.6024853571428572,win,5128711430.200657,1h
2026-02-06 14:00:00+00:00,2026-02-09 10:31:00+00:00,1,0.60027,0.60027,loss,5179998544.502664,1h
2026-02-09 03:00:00+00:00,2026-02-09 06:20:00+00:00,1,0.6016999999999999,0.6016999999999999,loss,5231798529.94769,1h
2026-02-09 05:00:00+00:00,2026-02-09 06:00:00+00:00,1,0.60146,0.6022020535714288,win,5413172307.667923,1h
2026-02-09 19:00:00+00:00,2026-02-10 03:29:00+00:00,1,0.60551,0.6041620357142857,loss,5304099696.073388,1h
2026-02-10 06:00:00+00:00,2026-02-10 06:15:00+00:00,1,0.6038899999999999,0.6034871785714286,loss,5195317187.714437,1h
2026-02-10 08:00:00+00:00,2026-02-10 10:22:00+00:00,1,0.60408,0.60408,loss,5247270359.591581,1h
2026-02-10 20:00:00+00:00,2026-02-10 22:55:00+00:00,1,0.6050899999999999,0.6037808214285715,loss,5141517169.624546,1h
2026-02-11 01:00:00+00:00,2026-02-11 02:37:00+00:00,1,0.6045299999999999,0.6063599107142854,win,5320771660.959087,1h
2026-02-11 06:00:00+00:00,2026-02-11 06:42:00+00:00,1,0.6061599999999999,0.6055609642857143,loss,5212549623.647185,1h
2026-02-11 08:00:00+00:00,2026-02-11 10:55:00+00:00,1,0.6058899999999999,0.6073396428571428,win,5394096082.217793,1h
2026-02-11 09:00:00+00:00,2026-02-11 13:30:00+00:00,1,0.6063099999999999,0.6051791428571428,loss,5285251665.733383,1h
2026-02-11 23:00:00+00:00,2026-02-12 04:44:00+00:00,1,0.6047399999999999,0.6047399999999999,loss,5338104182.390717,1h
2026-02-12 00:00:00+00:00,2026-02-12 04:44:00+00:00,1,0.60481,0.60481,loss,5391485224.214623,1h
2026-02-12 01:00:00+00:00,2026-02-12 06:18:00+00:00,1,0.6052599999999999,0.6042572857142857,loss,5282569308.863462,1h
2026-02-12 15:00:00+00:00,2026-02-13 06:04:00+00:00,-1,0.60616,0.6022647321428569,win,5467121065.212455,1h
2026-02-12 17:00:00+00:00,2026-02-13 17:49:00+00:00,-1,0.6046,0.6046,loss,5521792275.864579,1h
2026-02-13 04:00:00+00:00,2026-02-13 08:07:00+00:00,-1,0.60319,0.60319,loss,5577010198.623225,1h
2026-02-13 20:00:00+00:00,2026-02-15 23:00:00+00:00,-1,0.6039100000000001,0.6039100000000001,loss,5632780300.609457,1h
2026-02-16 03:00:00+00:00,2026-02-16 06:46:00+00:00,-1,0.6033700000000001,0.6042194285714286,loss,5518782643.470512,1h
2026-02-16 10:00:00+00:00,2026-02-17 09:33:00+00:00,-1,0.6040000000000001,0.6040000000000001,loss,5573970469.905217,1h
2026-02-17 01:00:00+00:00,2026-02-17 04:14:00+00:00,-1,0.60285,0.60285,loss,5629710174.604269,1h
2026-02-17 12:00:00+00:00,2026-02-17 15:25:00+00:00,-1,0.6038800000000001,0.6007450000000001,win,5826302517.98294,1h
2026-02-17 23:00:00+00:00,2026-02-17 23:09:00+00:00,-1,0.60479,0.6052287857142857,loss,5707058885.239427,1h
2026-02-18 01:00:00+00:00,2026-02-18 01:21:00+00:00,-1,0.60423,0.6010897321428573,win,5906353043.553572,1h
2026-02-18 05:00:00+00:00,2026-02-18 08:00:00+00:00,-1,0.5998300000000001,0.5998300000000001,loss,5965416573.989107,1h
2026-02-18 11:00:00+00:00,2026-02-18 14:21:00+00:00,-1,0.60053,0.5980058928571428,win,6173617641.415517,1h
2026-02-18 13:00:00+00:00,2026-02-18 18:28:00+00:00,-1,0.60018,0.5976283928571429,win,6389091744.769696,1h
2026-02-19 04:00:00+00:00,2026-02-19 06:30:00+00:00,-1,0.5974200000000001,0.5974200000000001,loss,6452982662.217393,1h
2026-02-20 00:00:00+00:00,2026-02-20 01:46:00+00:00,-1,0.59701,0.5952766071428572,win,6677911707.066915,1h
2026-02-20 01:00:00+00:00,2026-02-20 15:01:00+00:00,-1,0.59652,0.59652,loss,6744690824.137584,1h
2026-02-20 12:00:00+00:00,2026-02-20 13:56:00+00:00,-1,0.59547,0.59547,loss,6812137732.37896,1h
2026-02-20 13:00:00+00:00,2026-02-20 15:00:00+00:00,-1,0.59514,0.5960828571428571,loss,6674434488.784169,1h
2026-02-23 00:00:00+00:00,2026-02-23 11:14:00+00:00,1,0.6003499999999999,0.5972731428571428,loss,6540510536.837615,1h
2026-02-23 08:00:00+00:00,2026-02-23 12:22:00+00:00,-1,0.59824,0.5958905357142855,win,6768735397.623334,1h
2026-02-23 16:00:00+00:00,2026-02-24 15:32:00+00:00,-1,0.59645,0.59645,loss,6836422751.599567,1h
2026-02-23 19:00:00+00:00,2026-02-23 23:47:00+00:00,-1,0.5960700000000001,0.5960700000000001,loss,6904786979.115563,1h
2026-02-23 20:00:00+00:00,2026-02-24 02:58:00+00:00,-1,0.5955900000000001,0.59676625,loss,6765507138.872316,1h
2026-02-24 11:00:00+00:00,2026-02-24 15:32:00+00:00,-1,0.59628,0.59628,loss,6833162210.26104,1h
2026-02-25 03:00:00+00:00,2026-02-25 08:26:00+00:00,1,0.5979,0.5979,loss,6901493832.36365,1h
2026-02-25 05:00:00+00:00,2026-02-25 08:25:00+00:00,1,0.59805,0.59805,loss,6970508770.687286,1h
2026-02-25 15:00:00+00:00,2026-02-25 17:40:00+00:00,1,0.59756,0.5999148214285716,win,7213739681.770764,1h
2026-02-25 21:00:00+00:00,2026-02-25 22:04:00+00:00,1,0.5998199999999999,0.5998199999999999,loss,7285877078.588472,1h
2026-02-26 01:00:00+00:00,2026-02-26 02:40:00+00:00,1,0.6002099999999999,0.6002099999999999,loss,7358735849.374357,1h
2026-02-27 02:00:00+00:00,2026-02-27 03:05:00+00:00,1,0.59783,0.599117857142857,win,7614874126.090746,1h
2026-02-27 03:00:00+00:00,2026-02-27 13:37:00+00:00,1,0.59895,0.5974472857142857,loss,7461556371.411167,1h
2026-02-27 05:00:00+00:00,2026-02-27 06:25:00+00:00,1,0.5992099999999999,0.59857375,loss,7309942311.808452,1h
2026-02-27 11:00:00+00:00,2026-02-27 13:29:00+00:00,-1,0.5984900000000001,0.5984900000000001,loss,7383041734.926537,1h
2026-02-27 12:00:00+00:00,2026-02-27 14:12:00+00:00,-1,0.59833,0.59833,loss,7456872152.275802,1h
2026-02-27 13:00:00+00:00,2026-02-27 14:11:00+00:00,-1,0.5981500000000001,0.5981500000000001,loss,7531440873.79856,1h
