entry_time,direction,entry_price,sl,status,exit_time,exit_price,pnl
2026-01-02 08:17:00,LONG,1.57957,1.5493999999999999,CLOSED,2026-01-02 12:17:00,1.56917,-103.99999999999964
2026-01-02 09:21:00,LONG,1.57791,1.5476699999999999,CLOSED,2026-01-02 13:21:00,1.56883,-90.79999999999977
2026-01-02 10:03:00,LONG,1.57907,1.54891,CLOSED,2026-01-02 14:03:00,1.56897,-100.99999999999997
2026-01-02 10:18:00,LONG,1.57888,1.54802,CLOSED,2026-01-02 14:18:00,1.569,-98.8000000000011
2026-01-02 10:34:00,LONG,1.5785500000000001,1.54824,CLOSED,2026-01-02 14:34:00,1.56868,-98.70000000000046
2026-01-02 10:53:00,LONG,1.57852,1.54814,CLOSED,2026-01-02 14:53:00,1.5686,-99.19999999999929
2026-01-04 22:17:00,LONG,1.57768,1.54737,CLOSED,2026-01-05 02:17:00,1.56987,-78.09999999999873
2026-01-04 23:47:00,LONG,1.57954,1.54914,CLOSED,2026-01-05 03:47:00,1.57202,-75.1999999999997
2026-01-05 00:22:00,LONG,1.5812,1.55066,CLOSED,2026-01-05 04:22:00,1.57269,-85.10000000000018
2026-01-05 01:16:00,LONG,1.58063,1.55026,CLOSED,2026-01-05 05:16:00,1.57227,-83.59999999999923
2026-01-05 01:47:00,LONG,1.57976,1.54939,CLOSED,2026-01-05 05:47:00,1.57145,-83.10000000000039
2026-01-05 02:51:00,LONG,1.58144,1.5511599999999999,CLOSED,2026-01-05 06:51:00,1.57062,-108.20000000000051
2026-01-05 04:19:00,LONG,1.58251,1.5524499999999999,CLOSED,2026-01-05 08:19:00,1.56821,-142.9999999999998
2026-01-05 04:39:00,LONG,1.58242,1.55222,CLOSED,2026-01-05 08:39:00,1.56839,-140.29999999999987
2026-01-05 06:02:00,LONG,1.58171,1.55143,CLOSED,2026-01-05 10:02:00,1.5692,-125.10000000000021
2026-01-05 07:41:00,LONG,1.58005,1.54977,CLOSED,2026-01-05 11:41:00,1.56617,-138.79999999999893
2026-01-05 13:40:00,SHORT,1.55955,1.5897700000000001,CLOSED,2026-01-05 17:40:00,1.56311,-35.60000000000008
2026-01-05 14:31:00,SHORT,1.55772,1.5885,CLOSED,2026-01-05 18:31:00,1.5632,-54.799999999999294
2026-01-05 14:46:00,SHORT,1.55773,1.58812,CLOSED,2026-01-05 18:46:00,1.56211,-43.80000000000051
2026-01-05 15:49:00,SHORT,1.55579,1.58675,CLOSED,2026-01-05 19:49:00,1.56161,-58.19999999999936
2026-01-05 16:55:00,SHORT,1.55347,1.58376,CLOSED,2026-01-05 20:55:00,1.56323,-97.59999999999991
2026-01-05 18:52:00,SHORT,1.55236,1.58261,CLOSED,2026-01-05 22:52:00,1.56464,-122.8000000000007
2026-01-05 19:17:00,SHORT,1.55165,1.58179,CLOSED,2026-01-05 23:17:00,1.56517,-135.19999999999976
2026-01-05 21:27:00,SHORT,1.55397,1.5841,CLOSED,2026-01-06 01:27:00,1.56587,-119.00000000000021
2026-01-05 21:42:00,SHORT,1.55394,1.58417,CLOSED,2026-01-06 01:42:00,1.56557,-116.29999999999808
2026-01-05 23:04:00,SHORT,1.55548,1.58573,CLOSED,2026-01-06 03:04:00,1.56345,-79.70000000000033
2026-01-06 01:17:00,SHORT,1.55648,1.58708,CLOSED,2026-01-06 05:17:00,1.56327,-67.89999999999851
2026-01-06 02:07:00,SHORT,1.55462,1.5849900000000001,CLOSED,2026-01-06 06:07:00,1.5645,-98.8000000000011
2026-01-06 02:23:00,SHORT,1.55447,1.5848,CLOSED,2026-01-06 06:23:00,1.56392,-94.49999999999959
2026-01-06 04:48:00,SHORT,1.55417,1.58437,CLOSED,2026-01-06 08:48:00,1.56316,-89.90000000000053
2026-01-06 06:32:00,SHORT,1.55442,1.58456,CLOSED,2026-01-06 10:32:00,1.56377,-93.50000000000192
2026-01-06 07:18:00,SHORT,1.5533,1.58371,CLOSED,2026-01-06 11:18:00,1.5652,-119.00000000000021
2026-01-06 09:31:00,SHORT,1.55388,1.58483,CLOSED,2026-01-06 13:31:00,1.56423,-103.50000000000081
2026-01-06 11:49:00,SHORT,1.55446,1.58473,CLOSED,2026-01-06 15:49:00,1.56614,-116.80000000000135
2026-01-06 13:01:00,SHORT,1.55523,1.5858,CLOSED,2026-01-06 17:01:00,1.56729,-120.60000000000181
2026-01-06 13:46:00,SHORT,1.55405,1.58456,CLOSED,2026-01-06 17:46:00,1.56705,-130.00000000000122
2026-01-06 14:31:00,SHORT,1.55417,1.58476,CLOSED,2026-01-06 18:31:00,1.56736,-131.90000000000035
2026-01-06 15:36:00,SHORT,1.55669,1.5869,CLOSED,2026-01-06 19:36:00,1.56701,-103.20000000000107
2026-01-07 05:37:00,SHORT,1.5544,1.58464,CLOSED,2026-01-07 09:37:00,1.56481,-104.1000000000003
2026-01-07 06:50:00,SHORT,1.55354,1.58378,CLOSED,2026-01-07 10:50:00,1.56474,-112.000000000001
2026-01-07 07:34:00,SHORT,1.55444,1.58477,CLOSED,2026-01-07 11:34:00,1.56569,-112.49999999999983
2026-01-07 08:02:00,SHORT,1.55498,1.5853300000000001,CLOSED,2026-01-07 12:02:00,1.56496,-99.79999999999878
2026-01-07 09:09:00,SHORT,1.55546,1.58575,CLOSED,2026-01-07 13:09:00,1.56544,-99.79999999999878
2026-01-07 09:40:00,SHORT,1.55479,1.5849900000000001,CLOSED,2026-01-07 13:40:00,1.56396,-91.70000000000122
2026-01-07 09:57:00,SHORT,1.55492,1.5849900000000001,CLOSED,2026-01-07 13:57:00,1.56403,-91.09999999999951
2026-01-07 10:32:00,SHORT,1.55497,1.58507,CLOSED,2026-01-07 14:32:00,1.56483,-98.5999999999998
2026-01-07 11:09:00,SHORT,1.55559,1.5857,CLOSED,2026-01-07 15:09:00,1.56519,-96.00000000000053
2026-01-07 17:31:00,LONG,1.57606,1.54572,CLOSED,2026-01-07 21:31:00,1.56794,-81.20000000000127
2026-01-07 18:06:00,LONG,1.57612,1.54595,CLOSED,2026-01-07 22:06:00,1.56734,-87.8000000000001
2026-01-07 18:43:00,LONG,1.57658,1.5465,CLOSED,2026-01-07 22:43:00,1.56721,-93.70000000000101
2026-01-07 19:38:00,LONG,1.57741,1.54729,CLOSED,2026-01-07 23:38:00,1.56753,-98.79999999999889
2026-01-07 19:53:00,LONG,1.57743,1.54722,CLOSED,2026-01-07 23:53:00,1.56719,-102.40000000000026
2026-01-07 20:47:00,LONG,1.57764,1.54752,CLOSED,2026-01-08 00:47:00,1.56762,-100.19999999999918
2026-01-07 22:14:00,LONG,1.57739,1.54701,CLOSED,2026-01-08 02:14:00,1.56915,-82.40000000000025
2026-01-07 22:35:00,LONG,1.5769900000000001,1.54642,CLOSED,2026-01-08 02:35:00,1.56885,-81.40000000000036
2026-01-08 00:47:00,LONG,1.57762,1.54741,CLOSED,2026-01-08 04:47:00,1.56715,-104.69999999999979
2026-01-08 01:02:00,LONG,1.57775,1.54714,CLOSED,2026-01-08 05:02:00,1.56707,-106.80000000000022
2026-01-08 01:48:00,LONG,1.57907,1.5487199999999999,CLOSED,2026-01-08 05:48:00,1.5668,-122.70000000000003
2026-01-08 02:03:00,LONG,1.57895,1.54879,CLOSED,2026-01-08 06:03:00,1.56661,-123.40000000000018
2026-01-08 02:47:00,LONG,1.57833,1.54822,CLOSED,2026-01-08 06:47:00,1.56592,-124.10000000000032
2026-01-08 03:49:00,LONG,1.5769900000000001,1.54677,CLOSED,2026-01-08 07:49:00,1.56579,-112.000000000001
2026-01-08 12:12:00,LONG,1.57755,1.54748,CLOSED,2026-01-08 16:12:00,1.56931,-82.40000000000025
2026-01-08 12:38:00,LONG,1.57706,1.5468899999999999,CLOSED,2026-01-08 16:38:00,1.56885,-82.09999999999829
2026-01-08 13:02:00,LONG,1.577,1.54685,CLOSED,2026-01-08 17:02:00,1.56858,-84.19999999999872
2026-01-08 13:23:00,LONG,1.57669,1.54663,CLOSED,2026-01-08 17:23:00,1.56784,-88.50000000000024
2026-01-08 14:27:00,LONG,1.58002,1.54997,CLOSED,2026-01-08 18:27:00,1.56854,-114.79999999999934
2026-01-08 15:34:00,LONG,1.57969,1.54924,CLOSED,2026-01-08 19:34:00,1.56941,-102.80000000000067
2026-01-08 16:17:00,LONG,1.57925,1.54895,CLOSED,2026-01-08 20:17:00,1.56991,-93.40000000000126
2026-01-08 17:20:00,LONG,1.57785,1.54775,CLOSED,2026-01-08 21:20:00,1.56955,-82.99999999999974
2026-01-08 18:16:00,LONG,1.57842,1.54821,CLOSED,2026-01-08 22:16:00,1.56845,-99.70000000000034
2026-01-08 19:36:00,LONG,1.57949,1.5493,CLOSED,2026-01-08 23:36:00,1.569,-104.9000000000011
2026-01-08 19:52:00,LONG,1.57965,1.54954,CLOSED,2026-01-08 23:52:00,1.56892,-107.29999999999906
2026-01-08 20:32:00,LONG,1.57927,1.54916,CLOSED,2026-01-09 00:32:00,1.56986,-94.09999999999918
2026-01-08 21:35:00,LONG,1.57891,1.54816,CLOSED,2026-01-09 01:35:00,1.5707,-82.1000000000005
2026-01-08 21:50:00,LONG,1.57847,1.54834,CLOSED,2026-01-09 01:50:00,1.57073,-77.4000000000008
2026-01-08 22:05:00,LONG,1.57771,1.54694,CLOSED,2026-01-09 02:05:00,1.57195,-57.59999999999987
2026-01-08 22:49:00,LONG,1.57816,1.54787,CLOSED,2026-01-09 02:49:00,1.57205,-61.1000000000006
2026-01-08 23:22:00,LONG,1.57879,1.54868,CLOSED,2026-01-09 03:22:00,1.57192,-68.69999999999932
2026-01-09 00:24:00,LONG,1.57919,1.54904,CLOSED,2026-01-09 04:24:00,1.57278,-64.10000000000026
2026-01-09 00:48:00,LONG,1.5800400000000001,1.54952,CLOSED,2026-01-09 04:48:00,1.57236,-76.80000000000132
2026-01-09 01:16:00,LONG,1.5804,1.55018,CLOSED,2026-01-09 05:16:00,1.57281,-75.89999999999986
2026-01-09 01:33:00,LONG,1.58096,1.55046,CLOSED,2026-01-09 05:33:00,1.57365,-73.09999999999928
2026-01-09 03:33:00,LONG,1.58192,1.55173,CLOSED,2026-01-09 07:33:00,1.57489,-70.30000000000092
2026-01-09 04:44:00,LONG,1.58251,1.55241,CLOSED,2026-01-09 08:44:00,1.57635,-61.60000000000166
2026-01-09 05:16:00,LONG,1.58281,1.55273,CLOSED,2026-01-09 09:16:00,1.57624,-65.69999999999965
2026-01-09 06:23:00,LONG,1.58402,1.55352,CLOSED,2026-01-09 10:23:00,1.57695,-70.6999999999991
2026-01-09 06:43:00,LONG,1.58378,1.55343,CLOSED,2026-01-09 10:43:00,1.57651,-72.69999999999888
2026-01-09 08:20:00,LONG,1.58583,1.55517,CLOSED,2026-01-09 12:20:00,1.57641,-94.19999999999985
2026-01-09 08:50:00,LONG,1.58628,1.55595,CLOSED,2026-01-09 12:50:00,1.57668,-95.99999999999831
2026-01-09 09:05:00,LONG,1.58632,1.55574,CLOSED,2026-01-09 13:05:00,1.57602,-102.99999999999976
2026-01-09 09:33:00,LONG,1.5864800000000001,1.55632,CLOSED,2026-01-09 13:33:00,1.57524,-112.40000000000138
2026-01-09 11:12:00,LONG,1.58645,1.55626,CLOSED,2026-01-09 15:12:00,1.58087,-55.79999999999919
2026-01-09 12:04:00,LONG,1.58575,1.5555999999999999,CLOSED,2026-01-09 16:04:00,1.57901,-67.39999999999968
2026-01-09 14:16:00,LONG,1.58889,1.55721,CLOSED,2026-01-09 18:16:00,1.58037,-85.19999999999861
2026-01-09 16:50:00,LONG,1.59064,1.5605,CLOSED,2026-01-09 20:50:00,1.57879,-118.50000000000138
2026-01-09 17:35:00,LONG,1.59012,1.55997,CLOSED,2026-01-09 21:35:00,1.57907,-110.50000000000004
2026-01-09 17:50:00,LONG,1.59002,1.55996,CLOSED,2026-01-09 21:50:00,1.5794,-106.20000000000074
2026-01-09 18:05:00,LONG,1.59045,1.55999,CLOSED,2026-01-09 22:05:00,,
2026-01-09 19:04:00,LONG,1.58899,1.5587199999999999,CLOSED,2026-01-09 23:04:00,,
2026-01-09 19:47:00,LONG,1.58883,1.55865,CLOSED,2026-01-09 23:47:00,,
2026-01-09 20:48:00,LONG,1.58882,1.55854,CLOSED,2026-01-10 00:48:00,,
2026-01-09 21:07:00,LONG,1.58879,1.5587,CLOSED,2026-01-10 01:07:00,,
2026-01-11 22:49:00,LONG,1.59046,1.56041,CLOSED,2026-01-12 02:49:00,1.5791,-113.60000000000036
2026-01-11 23:04:00,LONG,1.59013,1.55983,CLOSED,2026-01-12 03:04:00,1.57991,-102.20000000000118
2026-01-11 23:40:00,LONG,1.59136,1.56113,CLOSED,2026-01-12 03:40:00,1.58031,-110.50000000000004
2026-01-12 01:12:00,LONG,1.58547,1.55515,CLOSED,2026-01-12 05:12:00,1.5812,-42.69999999999996
2026-01-12 01:48:00,LONG,1.5871,1.5568,CLOSED,2026-01-12 05:48:00,1.5804,-66.99999999999929
2026-01-12 02:03:00,LONG,1.58735,1.55667,CLOSED,2026-01-12 06:03:00,1.58016,-71.90000000000029
2026-01-12 04:29:00,LONG,1.59133,1.56117,CLOSED,2026-01-12 08:29:00,1.57825,-130.7999999999998
2026-01-12 05:02:00,LONG,1.59083,1.56075,CLOSED,2026-01-12 09:02:00,1.57821,-126.20000000000076
2026-01-12 06:35:00,LONG,1.58994,1.55966,CLOSED,2026-01-12 10:35:00,1.57955,-103.899999999999
2026-01-12 06:54:00,LONG,1.58997,1.5598,CLOSED,2026-01-12 10:54:00,1.57879,-111.8000000000019
2026-01-12 08:01:00,LONG,1.58774,1.5571599999999999,CLOSED,2026-01-12 12:01:00,1.57906,-86.80000000000021
2026-01-12 08:16:00,LONG,1.58808,1.55788,CLOSED,2026-01-12 12:16:00,1.57823,-98.49999999999915
2026-01-12 08:48:00,LONG,1.58727,1.55688,CLOSED,2026-01-12 12:48:00,1.57875,-85.19999999999861
2026-01-12 09:08:00,LONG,1.58772,1.55749,CLOSED,2026-01-12 13:08:00,1.5775,-102.20000000000118
2026-01-12 10:02:00,LONG,1.58884,1.55859,CLOSED,2026-01-12 14:02:00,1.5786,-102.40000000000026
2026-01-12 11:11:00,LONG,1.58796,1.55783,CLOSED,2026-01-12 15:11:00,1.57944,-85.20000000000083
2026-01-12 12:17:00,LONG,1.58856,1.55815,CLOSED,2026-01-12 16:17:00,1.58047,-80.89999999999931
2026-01-12 12:34:00,LONG,1.58836,1.5581,CLOSED,2026-01-12 16:34:00,1.58116,-72.00000000000095
2026-01-12 13:47:00,LONG,1.58719,1.55707,CLOSED,2026-01-12 17:47:00,1.58078,-64.10000000000026
2026-01-12 14:38:00,LONG,1.58984,1.55952,CLOSED,2026-01-12 18:38:00,1.58107,-87.69999999999945
2026-01-12 15:17:00,LONG,1.58919,1.55854,CLOSED,2026-01-12 19:17:00,1.5814,-77.90000000000185
2026-01-12 16:19:00,LONG,1.59041,1.56027,CLOSED,2026-01-12 20:19:00,1.58132,-90.90000000000043
2026-01-12 19:27:00,LONG,1.59118,1.56106,CLOSED,2026-01-12 23:27:00,1.58048,-106.99999999999932
2026-01-12 19:50:00,LONG,1.59127,1.5611599999999999,CLOSED,2026-01-12 23:50:00,1.58022,-110.50000000000004
2026-01-12 22:02:00,LONG,1.59098,1.55924,CLOSED,2026-01-13 02:02:00,1.58497,-60.100000000000705
2026-01-12 22:22:00,LONG,1.59077,1.56017,CLOSED,2026-01-13 02:22:00,1.58447,-62.99999999999972
2026-01-12 22:46:00,LONG,1.59091,1.56062,CLOSED,2026-01-13 02:46:00,1.58679,-41.20000000000124
2026-01-12 23:19:00,LONG,1.59148,1.55895,CLOSED,2026-01-13 03:19:00,1.58658,-48.99999999999905
2026-01-12 23:46:00,LONG,1.58962,1.55921,CLOSED,2026-01-13 03:46:00,1.58744,-21.800000000000708
2026-01-13 00:46:00,LONG,1.59163,1.5613,CLOSED,2026-01-13 04:46:00,1.58799,-36.40000000000087
2026-01-13 03:18:00,LONG,1.59664,1.56643,CLOSED,2026-01-13 07:18:00,1.58874,-79.00000000000018
2026-01-13 05:19:00,LONG,1.5975300000000001,1.5671599999999999,CLOSED,2026-01-13 09:19:00,1.58911,-84.20000000000094
2026-01-13 05:34:00,LONG,1.5973600000000001,1.56728,CLOSED,2026-01-13 09:34:00,1.58849,-88.70000000000155
2026-01-13 05:58:00,LONG,1.59787,1.5675999999999999,CLOSED,2026-01-13 09:58:00,1.58873,-91.39999999999927
2026-01-13 07:32:00,LONG,1.5979700000000001,1.56764,CLOSED,2026-01-13 11:32:00,1.58876,-92.10000000000163
2026-01-13 10:31:00,LONG,1.59876,1.56841,CLOSED,2026-01-13 14:31:00,1.58855,-102.10000000000052
2026-01-13 11:58:00,LONG,1.59855,1.56841,CLOSED,2026-01-13 15:58:00,1.58953,-90.19999999999806
2026-01-13 12:46:00,LONG,1.59905,1.5686499999999999,CLOSED,2026-01-13 16:46:00,1.59101,-80.40000000000047
2026-01-13 13:33:00,LONG,1.59742,1.56581,CLOSED,2026-01-13 17:33:00,1.5909,-65.20000000000081
2026-01-13 14:04:00,LONG,1.59849,1.56812,CLOSED,2026-01-13 18:04:00,1.59005,-84.40000000000003
2026-01-13 14:57:00,LONG,1.59913,1.56886,CLOSED,2026-01-13 18:57:00,1.59028,-88.50000000000024
2026-01-13 15:18:00,LONG,1.5999,1.5693,CLOSED,2026-01-13 19:18:00,1.59085,-90.50000000000003
2026-01-13 16:35:00,LONG,1.60116,1.57096,CLOSED,2026-01-13 20:35:00,1.59151,-96.49999999999936
2026-01-13 17:22:00,LONG,1.60084,1.5707,CLOSED,2026-01-13 21:22:00,1.5914,-94.40000000000114
2026-01-13 18:50:00,LONG,1.60042,1.57025,CLOSED,2026-01-13 22:50:00,1.59137,-90.50000000000003
2026-01-13 19:52:00,LONG,1.60114,1.57107,CLOSED,2026-01-13 23:52:00,1.59185,-92.9000000000002
2026-01-13 20:33:00,LONG,1.60121,1.57107,CLOSED,2026-01-14 00:33:00,1.59123,-99.800000000001
2026-01-13 21:19:00,LONG,1.60138,1.5712599999999999,CLOSED,2026-01-14 01:19:00,1.59418,-72.00000000000095
2026-01-13 23:51:00,LONG,1.60164,1.57149,CLOSED,2026-01-14 03:51:00,1.5913,-103.40000000000016
2026-01-14 00:52:00,LONG,1.60162,1.57129,CLOSED,2026-01-14 04:52:00,1.5921,-95.19999999999973
2026-01-14 01:47:00,LONG,1.60351,1.57285,CLOSED,2026-01-14 05:47:00,1.59325,-102.59999999999935
2026-01-14 02:04:00,LONG,1.60311,1.5729,CLOSED,2026-01-14 06:04:00,1.59302,-100.89999999999932
2026-01-14 02:32:00,LONG,1.60232,1.57212,CLOSED,2026-01-14 06:32:00,1.59315,-91.69999999999901
2026-01-14 03:03:00,LONG,1.6013600000000001,1.5709,CLOSED,2026-01-14 07:03:00,1.59142,-99.4000000000006
2026-01-14 04:01:00,LONG,1.60147,1.5712599999999999,CLOSED,2026-01-14 08:01:00,1.59177,-97.00000000000043
2026-01-14 04:34:00,LONG,1.60206,1.57179,CLOSED,2026-01-14 08:34:00,1.58949,-125.6999999999997
2026-01-14 04:52:00,LONG,1.6021,1.57191,CLOSED,2026-01-14 08:52:00,1.58961,-124.90000000000111
2026-01-14 05:08:00,LONG,1.60186,1.57163,CLOSED,2026-01-14 09:08:00,1.58877,-130.90000000000046
2026-01-14 05:49:00,LONG,1.60317,1.57296,CLOSED,2026-01-14 09:49:00,1.58817,-149.99999999999903
2026-01-14 07:02:00,LONG,1.60141,1.57112,CLOSED,2026-01-14 11:02:00,1.58687,-145.39999999999998
2026-01-14 07:18:00,LONG,1.60148,1.57112,CLOSED,2026-01-14 11:18:00,1.58751,-139.7000000000004
2026-01-14 07:51:00,LONG,1.60135,1.57105,CLOSED,2026-01-14 11:51:00,1.58781,-135.40000000000109
2026-01-14 08:06:00,LONG,1.60115,1.57013,CLOSED,2026-01-14 12:06:00,1.58566,-154.90000000000003
2026-01-14 08:32:00,LONG,1.60046,1.56864,CLOSED,2026-01-14 12:32:00,1.58585,-146.1000000000001
2026-01-14 09:17:00,LONG,1.59818,1.5667,CLOSED,2026-01-14 13:17:00,1.58599,-121.89999999999924
2026-01-14 10:02:00,LONG,1.59746,1.56689,CLOSED,2026-01-14 14:02:00,1.58648,-109.80000000000211
2026-01-14 11:17:00,LONG,1.59756,1.56733,CLOSED,2026-01-14 15:17:00,1.58356,-140.0000000000001
2026-01-14 11:47:00,LONG,1.59788,1.56568,CLOSED,2026-01-14 15:47:00,1.5819,-159.79999999999882
2026-01-15 00:19:00,LONG,1.59478,1.56441,CLOSED,2026-01-15 04:19:00,1.5854,-93.80000000000166
2026-01-15 00:36:00,LONG,1.5952,1.56491,CLOSED,2026-01-15 04:36:00,1.58625,-89.50000000000014
2026-01-15 02:47:00,LONG,1.59477,1.56467,CLOSED,2026-01-15 06:47:00,1.58637,-83.99999999999963
2026-01-15 04:01:00,LONG,1.59507,1.56478,CLOSED,2026-01-15 08:01:00,1.58597,-90.99999999999886
2026-01-15 04:40:00,LONG,1.59567,1.56544,CLOSED,2026-01-15 08:40:00,1.58625,-94.19999999999985
2026-01-15 06:50:00,LONG,1.59621,1.56586,CLOSED,2026-01-15 10:50:00,1.58465,-115.60000000000015
2026-01-15 08:48:00,LONG,1.59691,1.5664,CLOSED,2026-01-15 12:48:00,1.58586,-110.50000000000004
2026-01-15 09:04:00,LONG,1.59676,1.5662,CLOSED,2026-01-15 13:04:00,1.58605,-107.09999999999997
2026-01-15 09:47:00,LONG,1.59379,1.56301,CLOSED,2026-01-15 13:47:00,1.58765,-61.40000000000035
2026-01-15 10:03:00,LONG,1.59369,1.56344,CLOSED,2026-01-15 14:03:00,1.58873,-49.600000000000755
2026-01-15 11:03:00,LONG,1.59455,1.56434,CLOSED,2026-01-15 15:03:00,1.58666,-78.89999999999952
2026-01-15 11:32:00,LONG,1.5948,1.56462,CLOSED,2026-01-15 15:32:00,1.58593,-88.69999999999933
2026-01-15 12:09:00,LONG,1.5955300000000001,1.56539,CLOSED,2026-01-15 16:09:00,1.58517,-103.60000000000147
2026-01-15 13:10:00,LONG,1.59575,1.56554,CLOSED,2026-01-15 17:10:00,1.58505,-106.99999999999932
2026-01-15 14:17:00,LONG,1.59751,1.5664799999999999,CLOSED,2026-01-15 18:17:00,1.58511,-123.99999999999966
2026-01-15 15:05:00,LONG,1.59678,1.56627,CLOSED,2026-01-15 19:05:00,1.58532,-114.60000000000025
2026-01-15 15:47:00,LONG,1.59526,1.56473,CLOSED,2026-01-15 19:47:00,1.58555,-97.09999999999886
2026-01-15 16:47:00,LONG,1.59491,1.56464,CLOSED,2026-01-15 20:47:00,1.58603,-88.79999999999998
2026-01-15 18:05:00,LONG,1.59491,1.56475,CLOSED,2026-01-15 22:05:00,1.58577,-91.40000000000148
2026-01-15 18:36:00,LONG,1.5949,1.56476,CLOSED,2026-01-15 22:36:00,1.58582,-90.79999999999977
2026-01-15 20:09:00,LONG,1.59518,1.56511,CLOSED,2026-01-16 00:09:00,1.58545,-97.30000000000017
2026-01-15 22:12:00,LONG,1.59569,1.56553,CLOSED,2026-01-16 02:12:00,1.58537,-103.20000000000107
2026-01-15 22:36:00,LONG,1.59582,1.5657699999999999,CLOSED,2026-01-16 02:36:00,1.58397,-118.49999999999916
2026-01-16 00:33:00,SHORT,1.57596,1.6061,CLOSED,2026-01-16 04:33:00,1.58187,-59.10000000000082
2026-01-16 03:50:00,SHORT,1.57145,1.60193,CLOSED,2026-01-16 07:50:00,1.58142,-99.70000000000034
2026-01-16 04:20:00,SHORT,1.57225,1.60253,CLOSED,2026-01-16 08:20:00,1.5818,-95.50000000000169
2026-01-16 04:53:00,SHORT,1.5728,1.6029200000000001,CLOSED,2026-01-16 08:53:00,1.58157,-87.69999999999945
2026-01-16 06:14:00,SHORT,1.57389,1.60409,CLOSED,2026-01-16 10:14:00,1.58157,-76.79999999999909
2026-01-16 06:32:00,SHORT,1.57394,1.60432,CLOSED,2026-01-16 10:32:00,1.58107,-71.30000000000081
2026-01-16 06:51:00,SHORT,1.57436,1.60449,CLOSED,2026-01-16 10:51:00,1.58116,-67.99999999999918
2026-01-16 08:04:00,SHORT,1.5719,1.60254,CLOSED,2026-01-16 12:04:00,1.58146,-95.60000000000014
2026-01-16 09:17:00,SHORT,1.5715,1.60164,CLOSED,2026-01-16 13:17:00,1.58085,-93.50000000000192
2026-01-16 09:37:00,SHORT,1.57131,1.60167,CLOSED,2026-01-16 13:37:00,1.58067,-93.60000000000035
2026-01-16 10:31:00,SHORT,1.57106,1.60129,CLOSED,2026-01-16 14:31:00,1.58081,-97.50000000000148
2026-01-16 12:02:00,SHORT,1.57121,1.60171,CLOSED,2026-01-16 16:02:00,1.5801,-88.90000000000065
2026-01-16 12:49:00,SHORT,1.57168,1.60196,CLOSED,2026-01-16 16:49:00,1.58015,-84.69999999999978
2026-01-16 13:58:00,SHORT,1.5703,1.60047,CLOSED,2026-01-16 17:58:00,1.58137,-110.69999999999914
2026-01-16 14:14:00,SHORT,1.57046,1.60104,CLOSED,2026-01-16 18:14:00,1.58188,-114.19999999999986
2026-01-16 16:31:00,SHORT,1.57057,1.60097,CLOSED,2026-01-16 20:31:00,1.58085,-102.80000000000067
2026-01-16 17:04:00,SHORT,1.57065,1.6009200000000001,CLOSED,2026-01-16 21:04:00,1.58079,-101.39999999999816
2026-01-16 17:33:00,SHORT,1.57096,1.60116,CLOSED,2026-01-16 21:33:00,1.58081,-98.50000000000136
2026-01-16 18:22:00,SHORT,1.57231,1.60242,CLOSED,2026-01-16 22:22:00,,
2026-01-16 19:03:00,SHORT,1.57201,1.60207,CLOSED,2026-01-16 23:03:00,,
2026-01-16 19:19:00,SHORT,1.572,1.60209,CLOSED,2026-01-16 23:19:00,,
2026-01-16 20:16:00,SHORT,1.57074,1.60087,CLOSED,2026-01-17 00:16:00,,
2026-01-18 22:23:00,SHORT,1.56953,1.59971,CLOSED,2026-01-19 02:23:00,1.5784,-88.69999999999933
2026-01-18 23:18:00,SHORT,1.56769,1.59818,CLOSED,2026-01-19 03:18:00,1.57885,-111.60000000000059
2026-01-18 23:47:00,SHORT,1.56554,1.59595,CLOSED,2026-01-19 03:47:00,1.57871,-131.70000000000127
2026-01-19 01:01:00,SHORT,1.56485,1.5962,CLOSED,2026-01-19 05:01:00,1.5779,-130.50000000000006
2026-01-19 02:22:00,SHORT,1.56843,1.59868,CLOSED,2026-01-19 06:22:00,1.57853,-100.99999999999997
2026-01-19 02:49:00,SHORT,1.56924,1.59929,CLOSED,2026-01-19 06:49:00,1.57848,-92.40000000000137
2026-01-19 04:35:00,SHORT,1.56856,1.59877,CLOSED,2026-01-19 08:35:00,1.58012,-115.60000000000015
2026-01-19 04:53:00,SHORT,1.5685499999999999,1.59878,CLOSED,2026-01-19 08:53:00,1.5803,-117.50000000000149
2026-01-19 05:28:00,SHORT,1.56802,1.59832,CLOSED,2026-01-19 09:28:00,1.58071,-126.9000000000009
2026-01-19 06:09:00,SHORT,1.56901,1.5993600000000001,CLOSED,2026-01-19 10:09:00,1.57967,-106.59999999999891
2026-01-19 06:33:00,SHORT,1.56897,1.59923,CLOSED,2026-01-19 10:33:00,1.57892,-99.50000000000125
2026-01-19 07:01:00,SHORT,1.5682,1.59851,CLOSED,2026-01-19 11:01:00,1.57898,-107.80000000000013
2026-01-19 08:10:00,SHORT,1.57127,1.6015,CLOSED,2026-01-19 12:10:00,1.57989,-86.20000000000073
2026-01-19 09:10:00,SHORT,1.57053,1.60157,CLOSED,2026-01-19 13:10:00,1.57941,-88.79999999999998
2026-01-19 09:25:00,SHORT,1.5705,1.60142,CLOSED,2026-01-19 13:25:00,1.57938,-88.79999999999998
2026-01-19 09:47:00,SHORT,1.56981,1.6003,CLOSED,2026-01-19 13:47:00,1.57879,-89.79999999999988
2026-01-19 10:04:00,SHORT,1.56958,1.59991,CLOSED,2026-01-19 14:04:00,1.57934,-97.59999999999991
2026-01-19 10:31:00,SHORT,1.56905,1.59918,CLOSED,2026-01-19 14:31:00,1.57885,-98.00000000000031
2026-01-19 11:47:00,SHORT,1.57069,1.60107,CLOSED,2026-01-19 15:47:00,1.58067,-99.800000000001
2026-01-19 13:52:00,SHORT,1.5692,1.59946,CLOSED,2026-01-19 17:52:00,1.58049,-112.90000000000022
2026-01-19 14:14:00,SHORT,1.5693,1.59948,CLOSED,2026-01-19 18:14:00,,
2026-01-19 14:37:00,SHORT,1.56918,1.59948,CLOSED,2026-01-19 18:37:00,1.58051,-113.30000000000062
2026-01-19 16:04:00,SHORT,1.57066,1.601,CLOSED,2026-01-19 20:04:00,1.58093,-102.70000000000002
2026-01-19 17:05:00,SHORT,1.5708,1.60108,CLOSED,2026-01-19 21:05:00,1.58121,-104.1000000000003
2026-01-19 17:47:00,SHORT,1.57025,1.60059,CLOSED,2026-01-19 21:47:00,,
2026-01-19 19:16:00,SHORT,1.57092,1.60113,CLOSED,2026-01-19 23:16:00,1.58189,-109.69999999999925
2026-01-20 01:03:00,SHORT,1.56946,1.5996,CLOSED,2026-01-20 05:03:00,1.58052,-110.59999999999847
2026-01-20 02:33:00,SHORT,1.5702099999999999,1.6005800000000001,CLOSED,2026-01-20 06:33:00,1.5843,-140.90000000000157
2026-01-20 03:53:00,SHORT,1.56978,1.60001,CLOSED,2026-01-20 07:53:00,1.58363,-138.5000000000014
2026-01-20 08:16:00,SHORT,1.5717,1.60211,CLOSED,2026-01-20 12:16:00,1.57716,-54.59999999999798
2026-01-20 09:47:00,SHORT,1.56736,1.59771,CLOSED,2026-01-20 13:47:00,1.5783,-109.3999999999995
2026-01-20 12:06:00,SHORT,1.5677,1.598,CLOSED,2026-01-20 16:06:00,1.57886,-111.59999999999837
2026-01-20 13:06:00,SHORT,1.56872,1.59902,CLOSED,2026-01-20 17:06:00,1.57885,-101.30000000000194
2026-01-20 13:52:00,SHORT,1.56866,1.5989200000000001,CLOSED,2026-01-20 17:52:00,1.57923,-105.69999999999968
2026-01-20 14:11:00,SHORT,1.56913,1.60037,CLOSED,2026-01-20 18:11:00,1.57973,-106.00000000000165
2026-01-21 04:53:00,SHORT,1.57125,1.6013,CLOSED,2026-01-21 08:53:00,1.5788,-75.49999999999946
2026-01-21 05:31:00,SHORT,1.57198,1.60217,CLOSED,2026-01-21 09:31:00,1.57927,-72.90000000000019
2026-01-21 06:02:00,SHORT,1.57225,1.60257,CLOSED,2026-01-21 10:02:00,1.58013,-78.80000000000109
2026-01-21 07:02:00,SHORT,1.5715,1.60167,CLOSED,2026-01-21 11:02:00,1.5801,-86.00000000000163
2026-01-21 08:48:00,SHORT,1.56859,1.599,CLOSED,2026-01-21 12:48:00,1.57775,-91.60000000000056
2026-01-21 09:49:00,SHORT,1.56989,1.60036,CLOSED,2026-01-21 13:49:00,1.57851,-86.20000000000073
2026-01-21 11:35:00,SHORT,1.5695999999999999,1.59983,CLOSED,2026-01-21 15:35:00,1.58247,-128.70000000000158
2026-01-21 11:50:00,SHORT,1.56942,1.59964,CLOSED,2026-01-21 15:50:00,1.58208,-126.59999999999894
2026-01-21 17:17:00,LONG,1.59089,1.56036,CLOSED,2026-01-21 21:17:00,1.5836,-72.90000000000019
2026-01-21 18:02:00,LONG,1.59136,1.5611599999999999,CLOSED,2026-01-21 22:02:00,1.58252,-88.40000000000181
2026-01-21 18:46:00,LONG,1.59205,1.5619,CLOSED,2026-01-21 22:46:00,1.5828,-92.4999999999998
2026-01-21 19:05:00,LONG,1.59215,1.56203,CLOSED,2026-01-21 23:05:00,1.5827,-94.49999999999959
2026-01-21 20:53:00,LONG,1.59336,1.56329,CLOSED,2026-01-22 00:53:00,1.58206,-113.00000000000088
2026-01-21 21:12:00,LONG,1.59369,1.5635,CLOSED,2026-01-22 01:12:00,1.58291,-107.80000000000013
2026-01-22 00:02:00,LONG,1.5945,1.56381,CLOSED,2026-01-22 04:02:00,1.58563,-88.69999999999933
2026-01-22 00:40:00,LONG,1.59299,1.56274,CLOSED,2026-01-22 04:40:00,1.58665,-63.40000000000012
2026-01-22 02:32:00,LONG,1.5943,1.56382,CLOSED,2026-01-22 06:32:00,1.58796,-63.40000000000012
2026-01-22 03:25:00,LONG,1.59435,1.56428,CLOSED,2026-01-22 07:25:00,1.58835,-60.00000000000006
2026-01-22 03:40:00,LONG,1.59423,1.5640399999999999,CLOSED,2026-01-22 07:40:00,1.58781,-64.20000000000093
2026-01-22 05:18:00,LONG,1.59646,1.56627,CLOSED,2026-01-22 09:18:00,1.58737,-90.90000000000043
2026-01-22 05:51:00,LONG,1.59671,1.5666499999999999,CLOSED,2026-01-22 09:51:00,1.58651,-101.99999999999987
2026-01-22 07:40:00,LONG,1.59781,1.56756,CLOSED,2026-01-22 11:40:00,1.58629,-115.19999999999975
2026-01-22 09:27:00,LONG,1.59633,1.5662,CLOSED,2026-01-22 13:27:00,1.58709,-92.40000000000137
2026-01-22 09:44:00,LONG,1.59643,1.56608,CLOSED,2026-01-22 13:44:00,1.58668,-97.49999999999926
2026-01-22 10:17:00,LONG,1.59739,1.56722,CLOSED,2026-01-22 14:17:00,1.58737,-100.2000000000014
2026-01-22 11:28:00,LONG,1.59661,1.56647,CLOSED,2026-01-22 15:28:00,1.58384,-127.7000000000017
2026-01-22 11:50:00,LONG,1.59585,1.56532,CLOSED,2026-01-22 15:50:00,1.58407,-117.79999999999902
2026-01-22 12:07:00,LONG,1.59568,1.56541,CLOSED,2026-01-22 16:07:00,1.58413,-115.49999999999949
2026-01-22 13:36:00,LONG,1.59691,1.56623,CLOSED,2026-01-22 17:36:00,1.58299,-139.20000000000155
2026-01-22 14:32:00,LONG,1.5961,1.56536,CLOSED,2026-01-22 18:32:00,1.58325,-128.50000000000028
2026-01-22 14:52:00,LONG,1.59586,1.56557,CLOSED,2026-01-22 18:52:00,1.58299,-128.70000000000158
2026-01-22 16:20:00,LONG,1.59286,1.56263,CLOSED,2026-01-22 20:20:00,1.58407,-87.89999999999853
2026-01-22 17:18:00,LONG,1.5928,1.56234,CLOSED,2026-01-22 21:18:00,1.58417,-86.29999999999916
2026-01-22 18:48:00,LONG,1.59288,1.56281,CLOSED,2026-01-22 22:48:00,1.58394,-89.4000000000017
2026-01-22 20:23:00,LONG,1.59401,1.56382,CLOSED,2026-01-23 00:23:00,1.58471,-92.99999999999864
2026-01-22 22:05:00,LONG,1.59348,1.56335,CLOSED,2026-01-23 02:05:00,1.58659,-68.90000000000063
2026-01-23 00:54:00,LONG,1.5954,1.5646,CLOSED,2026-01-23 04:54:00,1.58554,-98.5999999999998
2026-01-23 01:17:00,LONG,1.59514,1.56483,CLOSED,2026-01-23 05:17:00,1.58497,-101.70000000000013
2026-01-23 01:34:00,LONG,1.59567,1.56552,CLOSED,2026-01-23 05:34:00,1.58537,-102.99999999999976
2026-01-23 03:01:00,LONG,1.59575,1.5649899999999999,CLOSED,2026-01-23 07:01:00,1.58888,-68.69999999999932
2026-01-23 04:41:00,LONG,1.5963100000000001,1.56607,CLOSED,2026-01-23 08:41:00,1.5835,-128.1000000000021
2026-01-23 05:02:00,LONG,1.59535,1.56521,CLOSED,2026-01-23 09:02:00,1.5807,-146.5000000000005
2026-01-23 05:19:00,LONG,1.59497,1.5647199999999999,CLOSED,2026-01-23 09:19:00,1.5807,-142.70000000000005
2026-01-23 06:03:00,LONG,1.59606,1.56579,CLOSED,2026-01-23 10:03:00,1.58026,-158.00000000000037
2026-01-23 06:31:00,LONG,1.59644,1.56546,CLOSED,2026-01-23 10:31:00,1.58126,-151.79999999999973
2026-01-23 13:06:00,SHORT,1.57183,1.60201,CLOSED,2026-01-23 17:06:00,1.57479,-29.599999999998516
2026-01-23 14:05:00,SHORT,1.57315,1.60338,CLOSED,2026-01-23 18:05:00,1.56408,90.70000000000134
2026-01-23 14:29:00,SHORT,1.5726,1.60294,CLOSED,2026-01-23 18:29:00,1.56035,122.50000000000094
2026-01-23 16:46:00,SHORT,1.56561,1.59652,CLOSED,2026-01-23 20:46:00,1.55841,71.99999999999874
2026-01-23 17:36:00,SHORT,1.55637,1.58902,CLOSED,2026-01-23 21:36:00,1.55791,-15.399999999998748
2026-01-23 18:31:00,SHORT,1.5506199999999999,1.58242,CLOSED,2026-01-23 22:31:00,,
2026-01-23 20:31:00,SHORT,1.54859,1.57919,CLOSED,2026-01-24 00:31:00,,
2026-01-23 20:49:00,SHORT,1.54836,1.57871,CLOSED,2026-01-24 00:49:00,,
2026-01-23 21:19:00,SHORT,1.54715,1.5773,CLOSED,2026-01-24 01:19:00,,
2026-01-23 21:34:00,SHORT,1.54755,1.5781,CLOSED,2026-01-24 01:34:00,,
2026-01-25 22:18:00,SHORT,1.54086,1.5719,CLOSED,2026-01-26 02:18:00,1.54091,-0.5000000000010552
2026-01-25 23:05:00,SHORT,1.5365199999999999,1.56793,CLOSED,2026-01-26 03:05:00,1.54101,-44.90000000000105
2026-01-26 00:04:00,SHORT,1.54156,1.57344,CLOSED,2026-01-26 04:04:00,1.54187,-3.1000000000003247
2026-01-26 00:48:00,SHORT,1.5381,1.56899,CLOSED,2026-01-26 04:48:00,1.53934,-12.399999999999078
2026-01-26 02:16:00,SHORT,1.53044,1.56257,CLOSED,2026-01-26 06:16:00,1.54339,-129.50000000000017
2026-01-26 02:52:00,SHORT,1.53054,1.56093,CLOSED,2026-01-26 06:52:00,1.54098,-104.40000000000005
2026-01-26 03:18:00,SHORT,1.53286,1.56338,CLOSED,2026-01-26 07:18:00,1.54083,-79.70000000000033
2026-01-26 03:39:00,SHORT,1.5322,1.56252,CLOSED,2026-01-26 07:39:00,1.54064,-84.40000000000003
2026-01-26 05:05:00,SHORT,1.5304,1.56093,CLOSED,2026-01-26 09:05:00,1.53966,-92.60000000000046
2026-01-26 07:42:00,SHORT,1.53082,1.56139,CLOSED,2026-01-26 11:42:00,1.5368,-59.79999999999875
2026-01-26 09:01:00,SHORT,1.52984,1.56138,CLOSED,2026-01-26 13:01:00,1.54164,-117.99999999999811
2026-01-26 09:41:00,SHORT,1.52616,1.55675,CLOSED,2026-01-26 13:41:00,1.54183,-156.70000000000073
2026-01-26 10:32:00,SHORT,1.5275,1.55808,CLOSED,2026-01-26 14:32:00,1.53885,-113.49999999999972
2026-01-26 12:51:00,SHORT,1.53129,1.56188,CLOSED,2026-01-26 16:51:00,1.53857,-72.79999999999953
2026-01-26 13:06:00,SHORT,1.53273,1.56338,CLOSED,2026-01-26 17:06:00,1.53915,-64.20000000000093
2026-01-26 13:37:00,SHORT,1.53202,1.56259,CLOSED,2026-01-26 17:37:00,1.53999,-79.70000000000033
2026-01-26 14:03:00,SHORT,1.53094,1.56134,CLOSED,2026-01-26 18:03:00,1.53977,-88.30000000000115
2026-01-26 14:54:00,SHORT,1.52836,1.55861,CLOSED,2026-01-26 18:54:00,1.5413,-129.39999999999952
2026-01-26 15:21:00,SHORT,1.52857,1.55882,CLOSED,2026-01-26 19:21:00,1.54264,-140.70000000000027
2026-01-26 17:04:00,SHORT,1.52908,1.55941,CLOSED,2026-01-26 21:04:00,1.54061,-115.30000000000041
2026-01-26 17:31:00,SHORT,1.53047,1.56112,CLOSED,2026-01-26 21:31:00,1.54203,-115.60000000000015
2026-01-26 17:48:00,SHORT,1.53047,1.56057,CLOSED,2026-01-26 21:48:00,1.5425,-120.29999999999986
2026-01-26 19:16:00,SHORT,1.53249,1.56275,CLOSED,2026-01-26 23:16:00,1.54236,-98.70000000000046
2026-01-26 20:55:00,SHORT,1.53094,1.56108,CLOSED,2026-01-27 00:55:00,1.5429,-119.59999999999971
2026-01-26 22:32:00,SHORT,1.5314699999999999,1.56185,CLOSED,2026-01-27 02:32:00,1.54217,-107.00000000000153
2026-01-26 23:03:00,SHORT,1.53215,1.56227,CLOSED,2026-01-27 03:03:00,1.54287,-107.20000000000063
2026-01-26 23:18:00,SHORT,1.53218,1.56239,CLOSED,2026-01-27 03:18:00,1.54297,-107.89999999999856
2026-01-27 01:05:00,SHORT,1.53356,1.56387,CLOSED,2026-01-27 05:05:00,1.54592,-123.59999999999927
2026-01-27 01:29:00,SHORT,1.53311,1.5635700000000001,CLOSED,2026-01-27 05:29:00,1.54527,-121.59999999999948
2026-01-27 04:16:00,SHORT,1.53523,1.56554,CLOSED,2026-01-27 08:16:00,1.54722,-119.89999999999945
2026-01-27 04:51:00,SHORT,1.53603,1.56621,CLOSED,2026-01-27 08:51:00,1.54761,-115.79999999999924
2026-01-27 05:10:00,SHORT,1.53597,1.56639,CLOSED,2026-01-27 09:10:00,1.547,-110.29999999999873
2026-01-27 07:29:00,SHORT,1.53582,1.56622,CLOSED,2026-01-27 11:29:00,1.53604,-2.20000000000109
2026-01-27 08:12:00,SHORT,1.5375,1.56786,CLOSED,2026-01-27 12:12:00,1.53551,19.900000000001583
2026-01-27 08:34:00,SHORT,1.53822,1.56877,CLOSED,2026-01-27 12:34:00,1.53458,36.399999999998656
2026-01-27 10:48:00,SHORT,1.52754,1.55824,CLOSED,2026-01-27 14:48:00,1.53269,-51.5000000000021
2026-01-27 11:18:00,SHORT,1.52737,1.55764,CLOSED,2026-01-27 15:18:00,1.52931,-19.400000000000528
2026-01-27 11:46:00,SHORT,1.52735,1.55762,CLOSED,2026-01-27 15:46:00,1.53281,-54.60000000000021
2026-01-27 12:50:00,SHORT,1.52378,1.55388,CLOSED,2026-01-27 16:50:00,1.53087,-70.9000000000004
2026-01-27 13:11:00,SHORT,1.5234,1.55384,CLOSED,2026-01-27 17:11:00,1.53081,-74.09999999999917
2026-01-27 13:33:00,SHORT,1.52384,1.55423,CLOSED,2026-01-27 17:33:00,1.53072,-68.79999999999997
2026-01-27 13:58:00,SHORT,1.5228,1.55363,CLOSED,2026-01-27 17:58:00,1.52759,-47.900000000000716
2026-01-27 14:14:00,SHORT,1.52271,1.55343,CLOSED,2026-01-27 18:14:00,1.52839,-56.79999999999907
2026-01-27 14:43:00,SHORT,1.52169,1.55217,CLOSED,2026-01-27 18:43:00,1.52709,-54.00000000000071
2026-01-27 14:58:00,SHORT,1.52236,1.5537400000000001,CLOSED,2026-01-27 18:58:00,1.52733,-49.70000000000141
2026-01-27 15:54:00,SHORT,1.52295,1.55339,CLOSED,2026-01-27 19:54:00,1.52749,-45.399999999999885
2026-01-27 16:51:00,SHORT,1.52081,1.55127,CLOSED,2026-01-27 20:51:00,1.52128,-4.699999999999704
2026-01-27 17:06:00,SHORT,1.52048,1.55106,CLOSED,2026-01-27 21:06:00,1.52364,-31.600000000000517
2026-01-27 17:22:00,SHORT,1.52058,1.55148,CLOSED,2026-01-27 21:22:00,1.52322,-26.399999999999757
2026-01-27 19:04:00,SHORT,1.51778,1.54833,CLOSED,2026-01-27 23:04:00,1.52311,-53.300000000000566
2026-01-27 19:19:00,SHORT,1.518,1.5482500000000001,CLOSED,2026-01-27 23:19:00,1.52441,-64.10000000000026
2026-01-27 19:49:00,SHORT,1.51808,1.54837,CLOSED,2026-01-27 23:49:00,1.52486,-67.80000000000008
2026-01-27 20:31:00,SHORT,1.51567,1.54841,CLOSED,2026-01-28 00:31:00,1.52545,-97.799999999999
2026-01-27 21:16:00,SHORT,1.51258,1.54348,CLOSED,2026-01-28 01:16:00,1.52805,-154.69999999999874
2026-01-27 21:36:00,SHORT,1.51366,1.54447,CLOSED,2026-01-28 01:36:00,1.52942,-157.59999999999997
2026-01-27 22:16:00,SHORT,1.51206,1.5425200000000001,CLOSED,2026-01-28 02:16:00,1.53033,-182.70000000000007
2026-01-28 00:50:00,SHORT,1.51617,1.54681,CLOSED,2026-01-28 04:50:00,1.5265,-103.2999999999995
2026-01-28 01:33:00,SHORT,1.51947,1.54986,CLOSED,2026-01-28 05:33:00,1.52557,-60.99999999999994
2026-01-28 03:35:00,SHORT,1.51722,1.54815,CLOSED,2026-01-28 07:35:00,1.52602,-87.99999999999919
2026-01-28 05:02:00,SHORT,1.51627,1.54687,CLOSED,2026-01-28 09:02:00,1.52628,-100.10000000000075
2026-01-28 05:47:00,SHORT,1.51653,1.54734,CLOSED,2026-01-28 09:47:00,1.527,-104.69999999999979
2026-01-28 06:03:00,SHORT,1.51663,1.54722,CLOSED,2026-01-28 10:03:00,1.52677,-101.40000000000038
2026-01-28 06:26:00,SHORT,1.51674,1.54723,CLOSED,2026-01-28 10:26:00,1.52683,-100.89999999999932
2026-01-28 06:50:00,SHORT,1.51688,1.54726,CLOSED,2026-01-28 10:50:00,1.52525,-83.69999999999989
2026-01-28 07:46:00,SHORT,1.51684,1.54734,CLOSED,2026-01-28 11:46:00,1.5264,-95.60000000000014
2026-01-28 08:04:00,SHORT,1.51654,1.54743,CLOSED,2026-01-28 12:04:00,1.52564,-91.00000000000108
2026-01-28 08:49:00,SHORT,1.51684,1.54804,CLOSED,2026-01-28 12:49:00,1.52577,-89.30000000000105
2026-01-28 09:05:00,SHORT,1.51649,1.54765,CLOSED,2026-01-28 13:05:00,1.52617,-96.80000000000133
2026-01-28 09:47:00,SHORT,1.517,1.54728,CLOSED,2026-01-28 13:47:00,1.52711,-101.10000000000063
2026-01-28 10:47:00,SHORT,1.51579,1.54598,CLOSED,2026-01-28 14:47:00,1.52705,-112.60000000000048
2026-01-28 11:17:00,SHORT,1.5169,1.54722,CLOSED,2026-01-28 15:17:00,1.53675,-198.50000000000145
2026-01-28 11:38:00,SHORT,1.51664,1.54702,CLOSED,2026-01-28 15:38:00,1.53351,-168.69999999999942
2026-01-28 12:48:00,SHORT,1.51609,1.54639,CLOSED,2026-01-28 16:48:00,1.53609,-200.00000000000017
2026-01-28 13:06:00,SHORT,1.5159799999999999,1.54658,CLOSED,2026-01-28 17:06:00,1.53608,-201.00000000000006
2026-01-28 13:44:00,SHORT,1.51697,1.54746,CLOSED,2026-01-28 17:44:00,1.53624,-192.7000000000012
2026-01-28 14:03:00,SHORT,1.51884,1.54993,CLOSED,2026-01-28 18:03:00,1.53574,-169.00000000000136
2026-01-28 17:16:00,SHORT,1.52684,1.5575700000000001,CLOSED,2026-01-28 21:16:00,1.53366,-68.20000000000049
2026-01-28 18:19:00,SHORT,1.52651,1.55688,CLOSED,2026-01-28 22:19:00,1.53344,-69.2999999999988
2026-01-28 19:02:00,SHORT,1.52943,1.56047,CLOSED,2026-01-28 23:02:00,1.53345,-40.19999999999912
2026-01-28 22:35:00,SHORT,1.52415,1.55426,CLOSED,2026-01-29 02:35:00,1.53056,-64.10000000000026
2026-01-28 22:50:00,SHORT,1.52426,1.55429,CLOSED,2026-01-29 02:50:00,1.53118,-69.20000000000037
2026-01-28 23:48:00,SHORT,1.52066,1.5527,CLOSED,2026-01-29 03:48:00,1.52983,-91.70000000000122
2026-01-29 00:03:00,SHORT,1.5209,1.55211,CLOSED,2026-01-29 04:03:00,1.52951,-86.10000000000007
2026-01-29 01:19:00,SHORT,1.52306,1.55355,CLOSED,2026-01-29 05:19:00,1.53001,-69.50000000000011
2026-01-29 02:02:00,SHORT,1.52312,1.5539100000000001,CLOSED,2026-01-29 06:02:00,1.53067,-75.49999999999946
2026-01-29 02:51:00,SHORT,1.52107,1.55136,CLOSED,2026-01-29 06:51:00,1.53065,-95.80000000000143
2026-01-29 03:17:00,SHORT,1.52083,1.55105,CLOSED,2026-01-29 07:17:00,1.53101,-101.80000000000078
2026-01-29 04:18:00,SHORT,1.52064,1.55232,CLOSED,2026-01-29 08:18:00,1.53219,-115.49999999999949
2026-01-29 04:33:00,SHORT,1.5207,1.55107,CLOSED,2026-01-29 08:33:00,1.53324,-125.39999999999995
2026-01-29 05:17:00,SHORT,1.51996,1.55091,CLOSED,2026-01-29 09:17:00,1.53243,-124.69999999999982
2026-01-29 05:35:00,SHORT,1.52056,1.5508,CLOSED,2026-01-29 09:35:00,1.53189,-113.30000000000062
2026-01-29 06:02:00,SHORT,1.52067,1.55154,CLOSED,2026-01-29 10:02:00,1.53317,-124.99999999999956
2026-01-29 06:47:00,SHORT,1.5208,1.55104,CLOSED,2026-01-29 10:47:00,1.53358,-127.80000000000014
2026-01-29 07:14:00,SHORT,1.52062,1.55074,CLOSED,2026-01-29 11:14:00,1.53493,-143.09999999999823
2026-01-29 10:02:00,SHORT,1.52317,1.55356,CLOSED,2026-01-29 14:02:00,1.53373,-105.60000000000124
2026-01-29 10:20:00,SHORT,1.52323,1.5535700000000001,CLOSED,2026-01-29 14:20:00,1.53232,-90.8999999999982
2026-01-29 10:35:00,SHORT,1.52378,1.55406,CLOSED,2026-01-29 14:35:00,1.53269,-89.10000000000196
2026-01-29 11:19:00,SHORT,1.52496,1.55536,CLOSED,2026-01-29 15:19:00,1.53355,-85.89999999999876
2026-01-29 12:19:00,SHORT,1.52401,1.55433,CLOSED,2026-01-29 16:19:00,1.53006,-60.49999999999889
2026-01-29 12:35:00,SHORT,1.52392,1.55423,CLOSED,2026-01-29 16:35:00,1.52968,-57.59999999999987
2026-01-29 13:32:00,SHORT,1.52238,1.5531300000000001,CLOSED,2026-01-29 17:32:00,1.52878,-63.999999999999616
2026-01-29 14:17:00,SHORT,1.52244,1.55267,CLOSED,2026-01-29 18:17:00,1.53031,-78.70000000000044
2026-01-29 15:49:00,SHORT,1.5188,1.54975,CLOSED,2026-01-29 19:49:00,1.53104,-122.40000000000029
2026-01-29 16:17:00,SHORT,1.51934,1.55048,CLOSED,2026-01-29 20:17:00,1.53073,-113.90000000000012
2026-01-29 17:19:00,SHORT,1.51924,1.5496,CLOSED,2026-01-29 21:19:00,1.53146,-122.2000000000012
2026-01-29 17:47:00,SHORT,1.5190299999999999,1.54971,CLOSED,2026-01-29 21:47:00,1.53118,-121.50000000000105
2026-01-29 19:36:00,SHORT,1.52119,1.55132,CLOSED,2026-01-29 23:36:00,1.52943,-82.40000000000025
2026-01-29 20:08:00,SHORT,1.52201,1.55213,CLOSED,2026-01-30 00:08:00,1.53131,-92.99999999999864
2026-01-29 21:03:00,SHORT,1.52137,1.55171,CLOSED,2026-01-30 01:03:00,1.53684,-154.70000000000095
2026-01-29 21:19:00,SHORT,1.52146,1.55175,CLOSED,2026-01-30 01:19:00,1.53596,-144.99999999999957
2026-01-29 21:48:00,SHORT,1.52115,1.5513000000000001,CLOSED,2026-01-30 01:48:00,1.53555,-143.9999999999997
2026-01-29 23:03:00,SHORT,1.52013,1.55037,CLOSED,2026-01-30 03:03:00,1.53855,-184.20000000000104
2026-01-30 08:37:00,LONG,1.54827,1.51753,CLOSED,2026-01-30 12:37:00,1.5393,-89.70000000000144
2026-01-30 10:16:00,LONG,1.55134,1.52085,CLOSED,2026-01-30 14:16:00,1.5425,-88.3999999999996
2026-01-30 11:17:00,LONG,1.55002,1.5197,CLOSED,2026-01-30 15:17:00,1.54673,-32.90000000000015
2026-01-30 11:42:00,LONG,1.55005,1.51977,CLOSED,2026-01-30 15:42:00,1.5452,-48.50000000000021
2026-01-30 13:05:00,LONG,1.55006,1.51986,CLOSED,2026-01-30 17:05:00,1.54333,-67.29999999999903
2026-01-30 16:10:00,LONG,1.5518,1.52163,CLOSED,2026-01-30 20:10:00,1.5464,-54.00000000000071
2026-01-30 16:39:00,LONG,1.55328,1.52306,CLOSED,2026-01-30 20:39:00,1.54637,-69.09999999999971
