entry_time,exit_time,direction,entry,exit,sl,tp,layers,pnl,exit_reason
2014-01-10 16:00:00,2014-01-14 18:00:00,long,1248.73,1243.56,1243.56,1282.9199999999998,2,-52169.43599999959,stop_loss
2014-01-23 16:00:00,2014-01-27 01:00:00,long,1268.43333,1270.61,1270.61,1313.98,3,23489.062999999078,stop_loss
2014-01-30 13:00:00,2014-01-30 15:00:00,short,1247.92,1246.7835714285713,1246.7835714285713,1224.1100000000001,2,14731.523571429068,stop_loss
2014-01-30 15:00:00,2014-02-05 15:00:00,short,1241.08,1270.1299999999999,1270.1299999999999,1183.82,1,-100690.20499999984,stop_loss
2014-02-11 07:00:00,2014-02-12 06:00:00,long,1287.785,1284.59,1284.59,1340.2299999999996,2,-22329.85500000035,stop_loss
2014-02-12 17:00:00,2014-02-14 03:00:00,long,1300.32667,1301.6017857142856,1301.6017857142856,1312.9399999999996,3,38435.65842857001,stop_loss
2014-02-14 08:00:00,2014-02-14 13:00:00,long,1312.24,1312.5092857142856,1312.5092857142856,1348.2499999999995,2,2550.5127142858546,stop_loss
2014-02-14 13:00:00,2014-02-17 10:00:00,long,1322.31,1322.4882142857143,1322.4882142857143,1379.6599999999996,2,1121.5381428577075,stop_loss
2014-02-24 10:00:00,2014-02-26 03:00:00,long,1335.4,1338.547142857143,1338.547142857143,1354.9099999999999,2,51201.496571430354,stop_loss
2014-03-03 16:00:00,2014-03-12 03:00:00,long,1354.055,1350.07,1350.07,1409.8899999999999,2,-26290.63900000009,stop_loss
2014-03-12 12:00:00,2014-03-12 23:00:00,long,1361.46,1363.6632142857145,1363.6632142857145,1398.0700000000002,2,21530.250642858908,stop_loss
2014-03-14 13:00:00,2014-03-14 14:00:00,long,1377.69,1373.6,1373.6,1391.1399999999996,2,-90918.24600000071,stop_loss
2014-03-14 14:00:00,2014-03-17 20:00:00,long,1382.03,1364.41,1364.41,1416.4299999999998,1,-98783.00599999938,stop_loss
2014-03-18 14:00:00,2014-03-19 20:00:00,short,1341.7,1337.1760714285715,1337.1760714285715,1276.59,3,34514.408249999775,stop_loss
2014-03-19 20:00:00,2014-03-24 14:00:00,short,1322.9,1321.4910714285716,1321.4910714285716,1213.53,2,4622.976428571301,stop_loss
2014-03-24 14:00:00,2014-03-26 16:00:00,short,1308.825,1306.8649999999998,1306.8649999999998,1262.2200000000005,2,14092.008000001897,stop_loss
2014-03-26 16:00:00,2014-03-28 01:00:00,short,1295.08,1293.84,1293.84,1272.3799999999999,3,23930.760000001635,stop_loss
2014-04-04 12:00:00,2014-04-04 15:00:00,long,1295.495,1294.1003571428573,1294.1003571428573,1312.3799999999999,2,-26234.068928568187,stop_loss
2014-04-04 15:00:00,2014-04-08 17:00:00,long,1303.385,1307.8632142857143,1307.8632142857143,1333.6200000000003,2,49632.048928571916,stop_loss
2014-04-15 12:00:00,2014-04-15 15:00:00,short,1301.145,1301.5810714285715,1301.5810714285715,1263.2400000000002,2,-3751.1736428567347,stop_loss
2014-04-22 16:00:00,2014-04-22 17:00:00,short,1284.57,1287.3600000000001,1287.3600000000001,1275.0400000000002,2,-86068.15200000239,stop_loss
2014-04-22 17:00:00,2014-04-24 14:00:00,short,1276.535,1275.6864285714285,1275.6864285714285,1257.5499999999997,2,13354.98685714426,stop_loss
2014-04-24 14:00:00,2014-04-24 16:00:00,short,1271.29,1287.09,1287.09,1240.53,1,-97446.49999999972,stop_loss
2014-04-25 12:00:00,2014-04-28 12:00:00,long,1300.32333,1301.1585714285713,1301.1585714285713,1348.9599999999998,3,8747.69914285701,stop_loss
2014-05-01 09:00:00,2014-05-02 13:00:00,short,1282.71,1285.88,1285.88,1262.2800000000004,2,-49883.75400000114,stop_loss
2014-05-05 09:00:00,2014-05-05 18:00:00,long,1311.39,1308.28,1308.28,1377.6399999999999,2,-16603.668000000074,stop_loss
2014-05-14 13:00:00,2014-05-15 15:00:00,long,1304.68,1291.47,1291.47,1330.2600000000002,1,-94621.90900000026,stop_loss
2014-05-27 09:00:00,2014-05-27 15:00:00,short,1281.64,1281.152857142857,1281.152857142857,1269.7700000000002,3,16348.416857145072,stop_loss
2014-05-27 16:00:00,2014-05-27 17:00:00,short,1271.83,1274.99,1274.99,1237.6100000000001,2,-30559.727999999694,stop_loss
2014-05-27 18:00:00,2014-05-29 09:00:00,short,1259.32667,1255.5064285714286,1255.5064285714286,1215.6800000000003,3,39651.77928571469,stop_loss
2014-05-29 09:00:00,2014-05-30 17:00:00,short,1249.295,1251.95,1251.95,1222.4300000000003,2,-32513.129999999663,stop_loss
2014-05-30 17:00:00,2014-06-05 13:00:00,short,1246.39,1245.01,1260.34,1219.3300000000004,1,9144.294000000724,signal
2014-06-05 13:00:00,2014-06-05 15:00:00,long,1250.06,1250.7714285714287,1250.7714285714287,1253.97,2,28827.085714293717,stop_loss
2014-06-05 15:00:00,2014-06-10 15:00:00,long,1258.09,1255.08,1255.08,1283.34,2,-38533.41799999989,stop_loss
2014-06-10 15:00:00,2014-06-12 17:00:00,long,1266.36667,1268.2460714285714,1268.2460714285714,1282.6499999999999,3,47326.606892858195,stop_loss
2014-06-12 19:00:00,2014-06-16 11:00:00,long,1275.98,1280.5046428571432,1280.5046428571432,1301.0500000000002,2,58362.46328571788,stop_loss
2014-06-19 15:00:00,2014-06-19 16:00:00,long,1291.465,1289.17,1289.17,1334.2700000000002,2,-18749.231999999665,stop_loss
2014-06-19 17:00:00,2014-06-19 19:00:00,long,1305.38,1306.4664285714287,1306.4664285714287,1360.67,2,6369.513428571921,stop_loss
2014-06-19 19:00:00,2014-06-25 05:00:00,long,1318.07,1313.04,1313.04,1405.8799999999999,2,-19972.117999999893,stop_loss
2014-06-30 20:00:00,2014-07-03 15:00:00,long,1327.38,1310.25,1310.25,1360.7999999999997,1,-93567.48599999936,stop_loss
2014-07-10 12:00:00,2014-07-14 09:00:00,long,1341.27,1321.23,1321.23,1380.51,1,-91444.52399999983,stop_loss
2014-07-14 14:00:00,2014-07-15 12:00:00,short,1311.73,1312.5039285714286,1312.5039285714286,1274.2300000000002,2,-6333.212285714042,stop_loss
2014-07-15 16:00:00,2014-07-15 17:00:00,short,1302.07,1301.5382142857143,1301.5382142857143,1247.2600000000002,2,3067.9781428574915,stop_loss
2014-07-15 17:00:00,2014-07-31 19:00:00,short,1291.915,1287.0410714285713,1287.0410714285713,1210.09,2,20025.022928571867,stop_loss
2014-07-31 19:00:00,2014-08-06 15:00:00,short,1281.84,1303.51,1303.51,1239.3399999999997,1,-89832.9850000003,stop_loss
2014-08-06 15:00:00,2014-08-07 12:00:00,long,1305.29,1302.3,1302.3,1341.3599999999997,2,-26411.866000000082,stop_loss
2014-08-07 18:00:00,2014-08-08 15:00:00,long,1314.8,1311.3999999999999,1311.3999999999999,1357.5399999999995,2,-25298.040000000674,stop_loss
2014-08-15 12:00:00,2014-08-15 15:00:00,short,1304.53,1300.777142857143,1300.777142857143,1298.8200000000002,2,94749.88542857095,stop_loss
2014-08-15 15:00:00,2014-08-21 09:00:00,short,1287.835,1283.1775,1283.1775,1252.41,4,73396.61100000044,stop_loss
2014-08-21 09:00:00,2014-09-03 09:00:00,short,1272.23667,1268.9671428571428,1268.9671428571428,1241.3700000000001,3,46540.6905714297,stop_loss
2014-09-08 16:00:00,2014-09-09 18:00:00,short,1256.55,1255.4382142857144,1255.4382142857144,1235.2399999999998,2,16509.128428571246,stop_loss
2014-09-09 18:00:00,2014-09-11 13:00:00,short,1245.745,1243.9485714285713,1243.9485714285713,1237.5500000000002,2,47658.172142860334,stop_loss
2014-09-30 12:00:00,2014-09-30 16:00:00,short,1209.61,1218.8,1218.8,1192.0700000000004,1,-94291.23799999822,stop_loss
2014-10-03 12:00:00,2014-10-03 15:00:00,short,1204.71,1207.13,1207.13,1177.6100000000004,2,-29083.076000000874,stop_loss
2014-10-03 16:00:00,2014-10-06 09:00:00,short,1190.645,1191.5832142857141,1191.5832142857141,1143.2000000000003,2,-6329.568857141101,stop_loss
2014-10-08 10:00:00,2014-10-09 16:00:00,long,1223.28,1226.4182142857142,1226.4182142857142,1246.5499999999997,3,57316.34571428524,stop_loss
2014-10-15 16:00:00,2014-10-22 23:00:00,long,1244.535,1239.84,1239.84,1268.9399999999996,2,-57509.99400000062,stop_loss
2014-10-23 12:00:00,2014-10-23 17:00:00,short,1232.54,1231.5196428571428,1231.5196428571428,1205.63,2,10978.634714287171,stop_loss
2014-10-23 17:00:00,2014-10-29 20:00:00,short,1219.99,1217.6857142857143,1217.6857142857143,1191.2,2,23092.168857142686,stop_loss
2014-10-29 20:00:00,2014-10-30 15:00:00,short,1207.63,1206.8142857142857,1206.8142857142857,1179.7099999999998,3,12944.65157142952,stop_loss
2014-10-30 19:00:00,2014-10-31 07:00:00,short,1193.11,1192.3889285714286,1192.3889285714286,1137.0499999999997,2,4156.976785714483,stop_loss
2014-10-31 07:00:00,2014-10-31 09:00:00,short,1180.625,1181.1871428571428,1181.1871428571428,1100.66,2,-2334.46685714269,stop_loss
2014-10-31 09:00:00,2014-10-31 14:00:00,short,1169.285,1174.08,1174.08,1062.1399999999996,2,-15347.835999999868,stop_loss
2014-11-05 07:00:00,2014-11-05 13:00:00,short,1146.38333,1145.69,1145.69,1114.42,3,9288.447999999673,stop_loss
2014-11-07 07:00:00,2014-11-07 15:00:00,short,1132.68,1149.5,1149.5,1099.88,1,-91194.67599999964,stop_loss
2014-11-07 20:00:00,2014-11-18 09:00:00,long,1179.65,1188.7660714285714,1188.7660714285714,1249.6699999999996,2,40632.153571428644,stop_loss
2014-11-18 10:00:00,2014-11-19 17:00:00,long,1197.94,1181.19,1181.19,1230.6000000000001,1,-90171.95000000001,stop_loss
2014-11-28 12:00:00,2014-11-28 19:00:00,short,1174.315,1173.5632142857144,1173.5632142857144,1141.6800000000003,2,6405.214285714068,stop_loss
2014-11-28 19:00:00,2014-12-01 10:00:00,short,1158.475,1160.2471428571428,1160.2471428571428,1093.7400000000002,2,-8477.22257142801,stop_loss
2014-12-01 16:00:00,2014-12-02 11:00:00,long,1205.84,1196.46,1196.46,1305.1200000000001,2,-29901.563999999984,stop_loss
2014-12-09 14:00:00,2014-12-09 16:00:00,long,1218.18,1218.0139285714283,1218.0139285714283,1252.1700000000003,2,-1406.5917857159657,stop_loss
2014-12-09 16:00:00,2014-12-10 14:00:00,long,1230.045,1224.8799999999999,1224.8799999999999,1291.62,2,-26570.8260000004,stop_loss
2014-12-15 09:00:00,2014-12-15 14:00:00,short,1213.425,1212.9732142857142,1212.9732142857142,1185.7399999999998,2,5022.8632142859315,stop_loss
2014-12-15 20:00:00,2014-12-16 11:00:00,short,1198.57,1199.1642857142858,1199.1642857142858,1157.03,2,-4080.722285714699,stop_loss
2014-12-22 16:00:00,2014-12-22 18:00:00,short,1187.625,1186.7567857142856,1186.7567857142856,1176.21,2,16512.741142859886,stop_loss
2014-12-22 18:00:00,2014-12-23 06:00:00,short,1176.65,1181.05,1181.05,1137.5099999999998,2,-34546.15999999982,stop_loss
2014-12-30 16:00:00,2015-01-02 12:00:00,long,1205.73,1182.57,1178.79,1258.7700000000002,1,-74118.94800000025,signal
2015-01-02 12:00:00,2015-01-02 17:00:00,short,1178.215,1182.29,1182.29,1126.2699999999998,2,-24273.144999999593,stop_loss
2015-01-06 09:00:00,2015-01-06 18:00:00,long,1214.23,1212.6560714285715,1212.6560714285715,1252.1399999999999,2,-12030.480428570852,stop_loss
2015-01-06 18:00:00,2015-01-13 11:00:00,long,1230.7,1236.7417857142857,1236.7417857142857,1285.4700000000003,3,45761.08917857096,stop_loss
2015-01-15 12:00:00,2015-01-15 13:00:00,long,1252.03,1246.2,1246.2,1288.04,2,-46522.23399999942,stop_loss
2015-01-15 13:00:00,2015-01-19 17:00:00,long,1266.075,1274.1367857142857,1274.1367857142857,1323.7699999999995,2,40637.84942857159,stop_loss
2015-01-29 12:00:00,2015-01-29 17:00:00,short,1269.665,1272.3260714285714,1272.3260714285714,1240.43,2,-25518.610571427245,stop_loss
2015-01-29 17:00:00,2015-02-06 15:00:00,short,1255.235,1251.7867857142858,1251.7867857142858,1206.77,2,20026.538928571186,stop_loss
2015-02-06 15:00:00,2015-02-06 17:00:00,short,1240.02,1240.3735714285715,1240.3735714285715,1202.41,2,-2683.819285714926,stop_loss
2015-02-06 17:00:00,2015-02-11 16:00:00,short,1229.05,1233.5,1233.5,1164.0400000000002,2,-21375.12999999967,stop_loss
2015-02-11 16:00:00,2015-02-12 10:00:00,short,1220.75,1224.3500000000001,1224.3500000000001,1196.6500000000005,2,-42880.32000000027,stop_loss
2015-02-17 16:00:00,2015-02-18 21:00:00,short,1204.945,1210.07,1210.07,1157.81,2,-32174.749999999996,stop_loss
2015-02-23 10:00:00,2015-02-26 08:00:00,short,1192.73,1211.1,1215.32,1148.39,1,-67368.3009999996,signal
2015-02-26 08:00:00,2015-02-26 11:00:00,long,1215.2,1215.402857142857,1215.402857142857,1231.3799999999997,2,3219.7080000004244,stop_loss
2015-02-26 11:00:00,2015-03-03 04:00:00,long,1219.27,1200.96,1200.96,1255.05,1,-81785.27699999975,stop_loss
2015-03-06 09:00:00,2015-03-06 12:00:00,short,1195.065,1197.22,1197.22,1173.7400000000002,2,-28624.002999999637,stop_loss
2015-03-06 15:00:00,2015-03-06 19:00:00,short,1173.02,1171.79,1171.79,1128.23,3,10684.76400000016,stop_loss
2015-03-10 08:00:00,2015-03-11 16:00:00,short,1156.12,1156.4282142857141,1156.4282142857141,1131.4600000000003,2,-3311.515928569901,stop_loss
2015-03-11 16:00:00,2015-03-12 08:00:00,short,1151.57,1165.22,1165.22,1125.1099999999997,1,-80117.31000000054,stop_loss
2015-03-20 15:00:00,2015-03-24 05:00:00,long,1181.965,1185.517142857143,1185.517142857143,1214.9,2,29551.697285714974,stop_loss
2015-03-25 14:00:00,2015-03-26 09:00:00,long,1200.27,1204.6278571428572,1204.6278571428572,1218.74,2,62803.69400000163,stop_loss
2015-03-26 09:00:00,2015-03-26 10:00:00,long,1210.705,1208.24,1208.24,1235.1599999999999,2,-28535.333000000366,stop_loss
2015-03-30 12:00:00,2015-03-31 15:00:00,short,1183.71,1186.59,1186.59,1148.4499999999998,2,-23432.255999999965,stop_loss
2015-04-01 17:00:00,2015-04-02 17:00:00,long,1202.96,1199.21,1199.21,1240.2700000000002,2,-28185.75,stop_loss
2015-04-06 09:00:00,2015-04-09 07:00:00,long,1218.58,1196.72,1194.72,1265.4599999999998,1,-71490.94399999968,signal
2015-04-09 07:00:00,2015-04-14 16:00:00,short,1192.51,1196.44,1196.44,1165.68,2,-38330.86200000062,stop_loss
2015-04-22 16:00:00,2015-04-22 17:00:00,short,1191.99,1192.257142857143,1192.257142857143,1181.2500000000002,2,-5112.152571428582,stop_loss
2015-04-22 17:00:00,2015-04-27 03:00:00,short,1182.695,1180.8360714285714,1180.8360714285714,1152.6600000000003,2,16022.848928572466,stop_loss
2015-04-27 16:00:00,2015-04-27 17:00:00,long,1195.295,1198.2032142857142,1198.2032142857142,1211.5299999999997,2,35999.039714285645,stop_loss
2015-04-27 17:00:00,2015-04-28 17:00:00,long,1208.16,1208.5067857142858,1208.5067857142858,1258.8699999999997,2,1884.4335714291956,stop_loss
2015-04-28 17:00:00,2015-05-01 14:00:00,long,1213.26,1179.63,1175.1100000000001,1288.7199999999998,1,-67397.88299999977,signal
2015-05-01 14:00:00,2015-05-01 15:00:00,short,1176.28,1177.007142857143,1177.007142857143,1168.5700000000002,2,-19604.498571429573,stop_loss
2015-05-12 12:00:00,2015-05-12 13:00:00,long,1190.705,1190.0389285714286,1190.0389285714286,1205.86,2,-10951.812857140507,stop_loss
2015-05-12 14:00:00,2015-05-13 15:00:00,long,1199.26,1199.6842857142858,1199.6842857142858,1224.49,2,4119.4748571438395,stop_loss
2015-05-13 15:00:00,2015-05-13 16:00:00,long,1207.915,1204.46,1204.46,1230.16,2,-39373.87099999917,stop_loss
2015-05-13 16:00:00,2015-05-14 16:00:00,long,1215.25,1219.9996428571428,1219.9996428571428,1251.6399999999996,2,34523.2540714291,stop_loss
2015-05-14 16:00:00,2015-05-15 13:00:00,long,1225.25,1212.23,1212.23,1250.45,1,-75545.9459999999,stop_loss
2015-05-18 08:00:00,2015-05-19 17:00:00,long,1229.49,1210.91,1210.91,1265.81,1,-73519.20199999971,stop_loss
2015-05-19 17:00:00,2015-05-26 09:00:00,short,1202.69,1200.4175,1200.4175,1163.13,2,13994.055000000222,stop_loss
2015-05-26 09:00:00,2015-05-26 15:00:00,short,1191.355,1190.892142857143,1190.892142857143,1171.08,2,5191.313142856063,stop_loss
2015-05-26 15:00:00,2015-06-05 13:00:00,short,1179.73667,1176.2935714285713,1176.2935714285713,1141.2599999999998,3,32540.348785715236,stop_loss
2015-06-05 13:00:00,2015-06-05 15:00:00,short,1170.655,1171.0457142857142,1171.0457142857142,1131.2199999999998,2,-2624.5059999996865,stop_loss
2015-06-05 15:00:00,2015-06-10 08:00:00,short,1167.26,1181.55,1195.51,1111.6,1,-36745.3059999999,signal
2015-06-10 08:00:00,2015-06-10 19:00:00,long,1186.30667,1186.4878571428571,1186.4878571428571,1205.7899999999997,3,3192.6667857151006,stop_loss
2015-06-18 08:00:00,2015-06-19 14:00:00,long,1194.76667,1199.9921428571429,1199.9921428571429,1214.0700000000002,3,84746.77285714349,stop_loss
2015-06-23 14:00:00,2015-06-24 15:00:00,short,1176.325,1176.6671428571428,1176.6671428571428,1163.5400000000004,2,-6109.644999998796,stop_loss
2015-07-02 10:00:00,2015-07-02 15:00:00,short,1162.795,1164.6000000000001,1164.6000000000001,1144.5800000000004,2,-25901.028000000915,stop_loss
2015-07-15 16:00:00,2015-07-17 15:00:00,short,1144.02,1141.8585714285714,1141.8585714285714,1126.78,3,42622.50685714317,stop_loss
2015-07-17 15:00:00,2015-07-17 16:00:00,short,1136.675,1136.9346428571428,1136.9346428571428,1099.06,2,-1876.9582142853578,stop_loss
2015-07-17 16:00:00,2015-07-20 04:00:00,short,1120.09,1117.0585714285714,1117.0585714285714,1110.9399999999996,2,38249.95942857025,stop_loss
2015-07-30 09:00:00,2015-07-31 16:00:00,short,1085.58,1101.92,1101.92,1053.7399999999996,1,-75173.80400000067,stop_loss
2015-08-10 16:00:00,2015-08-10 17:00:00,long,1100.155,1097.21,1097.21,1125.3700000000001,2,-29981.27799999935,stop_loss
2015-08-10 17:00:00,2015-08-11 10:00:00,long,1109.295,1107.0907142857143,1107.0907142857143,1143.7899999999997,2,-15543.300285714005,stop_loss
2015-08-11 10:00:00,2015-08-20 11:00:00,long,1126.90667,1136.607857142857,1136.607857142857,1180.21,3,64001.66392857111,stop_loss
2015-08-20 16:00:00,2015-08-21 09:00:00,long,1155.22,1159.7582142857143,1159.7582142857143,1223.2099999999998,3,26155.09039285752,stop_loss
2015-08-26 07:00:00,2015-08-27 13:00:00,short,1128.2,1129.179285714286,1129.179285714286,1062.82,2,-4015.4631428578195,stop_loss
2015-09-01 07:00:00,2015-09-03 12:00:00,long,1142.53,1130.45,1125.6100000000001,1175.5299999999997,1,-53136.29599999968,signal
2015-09-03 12:00:00,2015-09-03 15:00:00,short,1126.57,1126.2560714285714,1126.2560714285714,1106.5700000000004,2,3793.010571429142,stop_loss
2015-09-03 15:00:00,2015-09-09 16:00:00,short,1116.96667,1114.2364285714286,1114.2364285714286,1084.2200000000003,3,30502.219999999656,stop_loss
2015-09-09 16:00:00,2015-09-09 19:00:00,short,1106.785,1106.7439285714288,1106.7439285714288,1082.9900000000002,2,423.61892856995473,stop_loss
2015-09-09 19:00:00,2015-09-16 13:00:00,short,1102.37,1108.63,1125.35,1057.2500000000005,1,-20083.33199999997,signal
2015-09-16 13:00:00,2015-09-16 15:00:00,long,1111.465,1111.35,1111.35,1121.65,2,-2558.7730000027295,stop_loss
2015-09-16 15:00:00,2015-09-16 20:00:00,long,1119.07333,1119.5307142857143,1119.5307142857143,1137.7299999999998,3,8366.229428572238,stop_loss
2015-09-18 13:00:00,2015-09-24 16:00:00,long,1145.08,1148.3171428571427,1148.3171428571427,1180.42,2,21642.889714285142,stop_loss
2015-09-24 16:00:00,2015-09-29 08:00:00,long,1153.11,1126.15,1121.76,1214.9699999999998,1,-63320.951999999554,signal
2015-09-29 08:00:00,2015-09-30 15:00:00,short,1121.295,1120.9757142857143,1120.9757142857143,1081.2700000000004,2,2040.5550000005314,stop_loss
2015-09-30 15:00:00,2015-10-02 11:00:00,short,1113.175,1109.2185714285715,1109.2185714285715,1080.9299999999998,2,31698.905714285516,stop_loss
2015-10-02 11:00:00,2015-10-02 15:00:00,short,1106.92,1119.16,1119.16,1083.28,1,-74076.48000000005,stop_loss
2015-10-06 15:00:00,2015-10-07 12:00:00,long,1146.885,1147.7232142857142,1147.7232142857142,1170.8900000000003,2,8726.81657142799,stop_loss
2015-10-09 10:00:00,2015-10-12 08:00:00,long,1158.505,1160.5610714285715,1160.5610714285715,1184.56,2,18255.447000000626,stop_loss
2015-10-12 08:00:00,2015-10-14 04:00:00,long,1168.975,1168.6585714285713,1168.6585714285713,1219.4200000000003,2,-1636.3154285719556,stop_loss
2015-10-14 10:00:00,2015-10-14 23:00:00,long,1182.48333,1184.86,1184.86,1220.3499999999997,3,22252.01699999963,stop_loss
2015-10-21 16:00:00,2015-10-23 14:00:00,short,1166.92,1179.16,1179.16,1143.28,1,-73534.24800000005,stop_loss
2015-10-28 13:00:00,2015-10-28 15:00:00,long,1176.43,1176.8346428571429,1176.8346428571429,1194.48,2,5058.521285714865,stop_loss
2015-10-28 15:00:00,2015-10-28 20:00:00,long,1180.87,1160.7,1160.7,1220.3699999999997,1,-71474.41199999946,stop_loss
2015-10-28 20:00:00,2015-11-03 04:00:00,short,1145.22667,1136.1185714285716,1136.1185714285716,1130.1999999999996,3,147179.53257142592,stop_loss
2015-11-03 12:00:00,2015-11-03 15:00:00,short,1129.22,1131.43,1131.43,1109.19,2,-28261.480000000465,stop_loss
2015-11-03 15:00:00,2015-11-03 19:00:00,short,1121.57,1121.2,1121.2,1095.1799999999998,3,4977.350999999551,stop_loss
2015-11-04 16:00:00,2015-11-05 14:00:00,short,1111.31,1110.6328571428573,1110.6328571428573,1071.3200000000002,2,4340.214857141929,stop_loss
2015-11-05 20:00:00,2015-11-06 15:00:00,short,1096.555,1092.8239285714285,1092.8239285714285,1091.8300000000002,2,81591.07000000305,stop_loss
2015-11-06 15:00:00,2015-11-12 16:00:00,short,1084.115,1088.21,1088.21,1042.51,2,-26094.978000000174,stop_loss
2015-11-17 18:00:00,2015-11-27 15:00:00,short,1060.7,1059.4914285714285,1059.4914285714285,1002.4300000000003,2,5515.920000000468,stop_loss
2015-11-27 15:00:00,2015-12-01 04:00:00,short,1055.26,1073.76,1073.76,1019.0999999999999,1,-73957.45,stop_loss
2015-12-04 16:00:00,2015-12-11 12:00:00,long,1079.46,1064.48,1058.04,1121.4600000000003,1,-50564.99000000006,signal
2015-12-11 12:00:00,2015-12-17 16:00:00,short,1057.41,1056.3435714285715,1056.3435714285715,1022.7800000000002,2,7196.259999999922,stop_loss
2015-12-17 16:00:00,2015-12-21 16:00:00,short,1050.37,1078.3,1078.3,995.3500000000004,1,-71204.74199999958,stop_loss
2015-12-21 16:00:00,2015-12-30 12:00:00,long,1079.81,1067.17,1047.55,1143.49,1,-27298.607999999724,signal
2015-12-30 12:00:00,2015-12-30 15:00:00,short,1064.29,1066.89,1066.89,1051.1100000000001,2,-44372.64000000039,stop_loss
2015-12-30 15:00:00,2016-01-04 15:00:00,short,1061.44,1075.2,1075.2,1034.76,1,-69039.42399999996,stop_loss
2016-01-04 15:00:00,2016-01-06 14:00:00,long,1082.015,1084.6110714285714,1084.6110714285714,1119.2099999999998,2,16887.44464285737,stop_loss
2016-01-06 18:00:00,2016-01-07 17:00:00,long,1095.145,1100.1164285714287,1100.1164285714287,1122.26,2,41905.1657142873,stop_loss
2016-01-07 18:00:00,2016-01-12 13:00:00,long,1105.97,1090.91,1074.8600000000001,1167.35,1,-32937.72599999988,signal
2016-01-12 13:00:00,2016-01-12 21:00:00,short,1087.95,1090.63,1090.63,1055.8300000000002,2,-20404.448000000484,stop_loss
2016-01-13 10:00:00,2016-01-14 22:00:00,short,1077.425,1079.0632142857144,1079.0632142857144,1048.14,2,-12782.658428571525,stop_loss
2016-01-20 13:00:00,2016-01-20 14:00:00,long,1098.455,1095.35,1095.35,1120.3699999999997,2,-32452.218000000194,stop_loss
2016-01-20 14:00:00,2016-01-26 13:00:00,long,1107.46,1112.781785714286,1112.781785714286,1139.7499999999998,3,54686.137821430755,stop_loss
2016-01-26 16:00:00,2016-01-27 09:00:00,long,1117.495,1117.4325000000001,1117.4325000000001,1153.16,2,-421.4249999992335,stop_loss
2016-02-03 16:00:00,2016-02-03 21:00:00,long,1135.785,1137.7342857142858,1137.7342857142858,1147.2500000000002,2,33911.33371428708,stop_loss
2016-02-04 08:00:00,2016-02-04 17:00:00,long,1148.145,1150.1046428571428,1150.1046428571428,1181.0300000000002,2,13932.27685714283,stop_loss
2016-02-05 10:00:00,2016-02-05 22:00:00,long,1164.09,1166.504642857143,1166.504642857143,1218.5300000000002,3,15567.202500000487,stop_loss
2016-02-08 14:00:00,2016-02-08 16:00:00,long,1186.88,1182.24,1182.24,1255.6399999999999,2,-17081.69599999995,stop_loss
2016-02-08 16:00:00,2016-02-08 22:00:00,long,1196.195,1191.77,1191.77,1284.2299999999998,2,-12876.749999999867,stop_loss
2016-02-11 10:00:00,2016-02-11 13:00:00,long,1227.06,1227.165,1227.165,1288.4399999999996,2,395.4720000000707,stop_loss
2016-02-11 13:00:00,2016-02-12 02:00:00,long,1245.47,1237.03,1237.03,1347.5099999999998,2,-20488.94400000013,stop_loss
2016-02-18 16:00:00,2016-02-18 19:00:00,long,1218.53667,1221.4310714285714,1221.4310714285714,1239.3100000000004,3,39789.0928214274,stop_loss
2016-02-18 19:00:00,2016-02-19 03:00:00,long,1232.06,1227.26,1227.26,1289.8000000000002,2,-20663.039999999804,stop_loss
2016-02-24 13:00:00,2016-02-24 19:00:00,long,1243.205,1237.34,1237.34,1307.58,2,-22352.688000000035,stop_loss
2016-03-03 16:00:00,2016-03-03 17:00:00,long,1250.2,1246.5,1246.5,1289.36,2,-22898.55999999958,stop_loss
2016-03-03 17:00:00,2016-03-04 02:00:00,long,1258.23,1257.8889285714286,1257.8889285714286,1312.3099999999995,2,-1547.5092857139462,stop_loss
2016-03-04 10:00:00,2016-03-23 13:00:00,long,1269.7,1231.49,1224.65,1358.96,1,-56546.97900000006,signal
2016-03-23 13:00:00,2016-03-23 14:00:00,short,1227.27,1231.21,1231.21,1174.1700000000003,2,-17906.51200000025,stop_loss
2016-03-23 14:00:00,2016-03-24 14:00:00,short,1219.03,1223.08,1223.08,1149.78,2,-14260.049999999841,stop_loss
2016-03-29 20:00:00,2016-04-01 16:00:00,long,1238.93,1215.21,1215.21,1285.5300000000002,1,-65253.72000000008,stop_loss
2016-04-07 13:00:00,2016-04-11 04:00:00,long,1241.17,1244.3385714285716,1244.3385714285716,1278.29,2,19472.77257143012,stop_loss
2016-04-11 16:00:00,2016-04-14 03:00:00,long,1255.42,1229.51,1229.51,1306.4000000000003,1,-64261.98200000021,stop_loss
2016-04-14 16:00:00,2016-04-19 09:00:00,short,1233.96,1244.07,1244.07,1214.5800000000002,1,-64055.94899999937,stop_loss
2016-04-19 12:00:00,2016-04-20 07:00:00,long,1249.065,1249.0378571428573,1249.0378571428573,1273.7699999999998,2,-215.30799999812734,stop_loss
2016-04-21 12:00:00,2016-04-21 15:00:00,long,1264.245,1259.67,1259.67,1293.5500000000004,2,-32676.479999999512,stop_loss
2016-04-21 15:00:00,2016-04-22 15:00:00,long,1269.07,1242.31,1242.31,1321.75,1,-60980.68799999998,stop_loss
2016-04-22 16:00:00,2016-04-22 19:00:00,short,1236.725,1236.7475000000002,1236.7475000000002,1226.4699999999998,2,-306.51300000204355,stop_loss
2016-04-22 19:00:00,2016-04-27 21:00:00,short,1229.65,1252.51,1252.51,1184.7700000000002,1,-59849.76599999974,stop_loss
2016-04-28 09:00:00,2016-04-29 04:00:00,long,1264.34333,1267.5907142857143,1267.5907142857143,1300.93,3,24290.084785714913,stop_loss
2016-04-29 17:00:00,2016-05-03 17:00:00,long,1295.385,1289.99,1289.99,1393.83,2,-12105.30099999996,stop_loss
2016-05-09 16:00:00,2016-05-16 12:00:00,short,1264.14,1281.81,1295.5,1202.2600000000002,1,-33067.63799999971,signal
2016-05-16 12:00:00,2016-05-18 21:00:00,long,1282.09,1262.8500000000001,1262.8500000000001,1319.7299999999996,1,-58351.07199999933,stop_loss
2016-05-19 13:00:00,2016-05-19 15:00:00,short,1248.905,1252.76,1252.76,1206.98,2,-18860.20200000009,stop_loss
2016-05-19 15:00:00,2016-05-24 18:00:00,short,1237.34,1235.2817857142857,1235.2817857142857,1183.1,3,11149.552607143112,stop_loss
2016-05-24 18:00:00,2016-05-25 15:00:00,short,1227.3,1224.7571428571428,1224.7571428571428,1188.34,2,13439.50857142888,stop_loss
2016-05-25 15:00:00,2016-05-26 04:00:00,short,1220.89,1230.11,1230.11,1203.2900000000004,1,-58217.84599999873,stop_loss
2016-06-03 15:00:00,2016-06-06 04:00:00,long,1240.87,1241.7585714285715,1241.7585714285715,1297.1200000000003,2,3264.0782857144795,stop_loss
2016-06-08 09:00:00,2016-06-08 16:00:00,long,1257.12,1258.854642857143,1258.854642857143,1281.6699999999996,3,18393.28553571682,stop_loss
2016-06-08 16:00:00,2016-06-10 16:00:00,long,1269.48333,1271.0389285714286,1271.0389285714286,1319.3500000000001,3,9214.101714286042,stop_loss
2016-06-13 08:00:00,2016-06-16 09:00:00,long,1295.61,1303.7178571428572,1303.7178571428572,1318.8699999999997,4,99999.06685714427,stop_loss
2016-06-16 09:00:00,2016-06-16 23:00:00,long,1310.87,1278.3500000000001,1278.3500000000001,1375.0699999999995,1,-58405.919999999554,stop_loss
2016-06-21 14:00:00,2016-06-23 09:00:00,short,1267.11,1270.94,1270.94,1225.3600000000004,2,-18953.138000000203,stop_loss
2016-06-23 13:00:00,2016-06-24 02:00:00,short,1259.77,1269.36,1269.36,1241.43,1,-58050.18799999951,stop_loss
2016-06-24 07:00:00,2016-07-08 15:00:00,long,1353.1,1337.3899999999999,1337.3899999999999,1492.8499999999997,2,-22270.49600000005,stop_loss
2016-07-12 16:00:00,2016-07-13 10:00:00,short,1337.345,1342.32,1342.32,1278.08,2,-16886.14499999969,stop_loss
2016-07-14 11:00:00,2016-07-21 08:00:00,short,1320.775,1317.1764285714287,1317.1764285714287,1282.2000000000003,2,18113.049428571303,stop_loss
2016-07-29 20:00:00,2016-08-04 06:00:00,long,1358.14,1352.01,1352.01,1398.71,2,-28587.86799999998,stop_loss
2016-08-24 16:00:00,2016-08-25 15:00:00,short,1325.735,1322.367857142857,1322.367857142857,1306.21,2,32387.873714287034,stop_loss
2016-08-25 15:00:00,2016-08-26 17:00:00,short,1319.03,1340.02,1340.02,1277.8899999999999,1,-55592.01500000003,stop_loss
2016-09-06 14:00:00,2016-09-06 17:00:00,long,1336.37,1336.1285714285714,1336.1285714285714,1390.91,2,-887.1051428573501,stop_loss
2016-09-06 18:00:00,2016-09-06 19:00:00,long,1343.35,1340.42,1340.42,1414.1000000000001,2,-8512.821999999855,stop_loss
2016-09-06 19:00:00,2016-09-12 19:00:00,long,1346.53,1321.61,1303.16,1432.4299999999998,1,-30968.08400000009,signal
2016-09-12 19:00:00,2016-09-12 21:00:00,short,1321.33,1330.07,1330.07,1304.6899999999998,1,-54682.68400000005,stop_loss
2016-09-16 16:00:00,2016-09-21 12:00:00,short,1308.73,1320.62,1327.98,1271.07,1,-32490.613999999652,signal
2016-09-21 12:00:00,2016-09-21 21:00:00,long,1324.535,1320.8999999999999,1320.8999999999999,1346.3599999999997,2,-28914.244000000836,stop_loss
2016-09-22 13:00:00,2016-09-22 18:00:00,long,1338.43333,1339.1032142857143,1339.1032142857143,1384.3999999999999,3,3980.7005714289244,stop_loss
2016-09-22 18:00:00,2016-09-27 15:00:00,long,1342.98,1331.07,1331.07,1365.9600000000003,1,-51908.54400000035,stop_loss
2016-09-27 16:00:00,2016-09-29 15:00:00,short,1323.63,1321.0675,1321.0675,1296.9,2,16907.374999999247,stop_loss
2016-09-30 20:00:00,2016-10-04 15:00:00,short,1304.70667,1296.6125,1296.6125,1288.7600000000002,3,92800.43025000097,stop_loss
2016-10-04 15:00:00,2016-10-04 16:00:00,short,1288.14,1291.54,1291.54,1236.36,2,-12713.279999999915,stop_loss
2016-10-04 17:00:00,2016-10-05 15:00:00,short,1277.41,1275.8589285714286,1275.8589285714286,1213.11,2,4510.825928571317,stop_loss
2016-10-05 17:00:00,2016-10-06 16:00:00,short,1260.40667,1258.605357142857,1258.605357142857,1164.99,3,5420.680750000537,stop_loss
2016-10-06 16:00:00,2016-10-07 18:00:00,short,1250.11,1254.09,1254.09,1208.9499999999998,2,-18151.983999999564,stop_loss
2016-10-19 12:00:00,2016-10-26 13:00:00,long,1272.815,1270.6299999999999,1270.6299999999999,1298.6699999999996,2,-15870.96600000043,stop_loss
2016-11-01 14:00:00,2016-11-02 15:00:00,long,1294.6475,1297.994642857143,1297.994642857143,1318.3899999999999,4,43391.02114285915,stop_loss
2016-11-02 15:00:00,2016-11-07 08:00:00,long,1302.24,1289.23,1271.08,1363.7200000000003,1,-21898.431999999983,signal
2016-11-07 08:00:00,2016-11-08 17:00:00,short,1284.29,1288.95,1288.95,1253.4500000000003,2,-26849.055999999815,stop_loss
2016-11-08 18:00:00,2016-11-09 04:00:00,short,1275.69,1307.12,1307.12,1213.6700000000003,1,-51460.33899999973,stop_loss
2016-11-10 18:00:00,2016-11-11 16:00:00,short,1248.64,1245.722857142857,1245.722857142857,1201.1999999999996,2,9616.069714286019,stop_loss
2016-11-11 16:00:00,2016-11-14 16:00:00,short,1228.57,1221.0917857142856,1221.0917857142856,1122.9299999999998,2,13300.75192857171,stop_loss
2016-11-18 11:00:00,2016-11-23 15:00:00,short,1200.265,1204.77,1204.77,1152.43,2,-17270.367999999984,stop_loss
2016-11-30 16:00:00,2016-12-01 16:00:00,short,1172.195,1168.8564285714285,1168.8564285714285,1142.8700000000001,2,19297.61057142914,stop_loss
2016-12-09 19:00:00,2016-12-12 15:00:00,short,1156.405,1160.29,1160.29,1137.7299999999998,2,-34339.51499999992,stop_loss
2016-12-27 09:00:00,2016-12-29 18:00:00,long,1151.195,1154.2389285714285,1154.2389285714285,1177.71,2,17838.63899999972,stop_loss
2016-12-29 18:00:00,2017-01-05 02:00:00,long,1165.24,1166.8671428571429,1166.8671428571429,1202.2099999999996,3,11160.898285714902,stop_loss
2017-01-05 17:00:00,2017-01-11 16:00:00,long,1185.325,1181.58,1181.58,1222.6999999999996,2,-18223.170000000024,stop_loss
2017-01-12 11:00:00,2017-01-17 11:00:00,long,1208.715,1213.0674999999999,1213.0674999999999,1261.8899999999999,2,15395.662999999873,stop_loss
2017-01-17 11:00:00,2017-01-25 16:00:00,long,1217.15,1195.93,1187.83,1274.9499999999998,1,-36761.52799999966,signal
2017-01-25 16:00:00,2017-01-27 12:00:00,short,1189.00333,1184.8667857142857,1184.8667857142857,1152.39,3,28257.997750000097,stop_loss
2017-01-31 13:00:00,2017-01-31 16:00:00,long,1208.63,1207.8960714285713,1207.8960714285713,1236.0199999999995,2,-4614.062142857183,stop_loss
2017-01-31 16:00:00,2017-02-02 17:00:00,long,1217.675,1218.7264285714284,1218.7264285714284,1262.1499999999996,2,4267.538285713832,stop_loss
2017-02-06 13:00:00,2017-02-07 05:00:00,long,1230.64333,1231.5789285714286,1231.5789285714286,1264.0,3,7401.774607143558,stop_loss
2017-02-08 14:00:00,2017-02-09 23:00:00,long,1239.99,1227.65,1227.65,1263.83,1,-51445.45999999966,stop_loss
2017-02-16 10:00:00,2017-02-17 18:00:00,long,1240.11,1237.78,1237.78,1279.2799999999997,2,-10986.416000000192,stop_loss
2017-02-21 10:00:00,2017-02-21 16:00:00,short,1230.73,1232.3600000000001,1232.3600000000001,1220.0800000000002,2,-25451.79799999993,stop_loss
2017-02-23 12:00:00,2017-02-23 14:00:00,long,1240.63,1240.642142857143,1240.642142857143,1251.1499999999996,2,176.40171428743997,stop_loss
2017-02-23 15:00:00,2017-02-24 11:00:00,long,1250.87,1253.5810714285712,1253.5810714285712,1283.04,2,15199.89307142754,stop_loss
2017-02-24 11:00:00,2017-02-24 16:00:00,long,1258.08,1256.29,1256.29,1296.7099999999998,2,-8589.851999999826,stop_loss
2017-02-27 17:00:00,2017-02-27 22:00:00,long,1259.97,1253.27,1253.27,1272.5300000000002,1,-50778.63000000035,stop_loss
2017-03-01 15:00:00,2017-03-03 09:00:00,short,1234.035,1231.4678571428572,1231.4678571428572,1196.7,2,11902.814571428364,stop_loss
2017-03-03 09:00:00,2017-03-07 16:00:00,short,1224.15,1220.9053571428572,1220.9053571428572,1181.42,2,13473.70392857128,stop_loss
2017-03-07 16:00:00,2017-03-08 15:00:00,short,1215.265,1212.375,1212.375,1179.85,2,14662.70399999993,stop_loss
2017-03-08 17:00:00,2017-03-10 14:00:00,short,1202.97,1198.6517857142858,1198.6517857142858,1149.73,3,21625.185321428384,stop_loss
2017-03-15 20:00:00,2017-03-16 14:00:00,long,1220.66,1227.0360714285714,1227.0360714285714,1254.4699999999998,2,32648.036142857178,stop_loss
2017-03-21 15:00:00,2017-03-21 20:00:00,long,1243.255,1243.192857142857,1243.192857142857,1263.9600000000003,2,-496.81971428630095,stop_loss
2017-03-22 18:00:00,2017-03-27 17:00:00,long,1254.09667,1255.75,1255.75,1293.3000000000002,3,11078.16000000008,stop_loss
2017-04-04 09:00:00,2017-04-05 16:00:00,long,1258.11,1244.38,1244.38,1284.7299999999996,1,-50774.91299999923,stop_loss
2017-04-11 16:00:00,2017-04-11 17:00:00,long,1269.065,1268.7789285714287,1268.7789285714287,1301.4100000000003,2,-1538.434928571296,stop_loss
2017-04-11 17:00:00,2017-04-12 22:00:00,long,1277.175,1276.6510714285714,1276.6510714285714,1323.8500000000004,2,-1993.1290714288898,stop_loss
2017-05-01 19:00:00,2017-05-03 21:00:00,short,1252.835,1250.8382142857142,1250.8382142857142,1226.24,2,12970.720642857741,stop_loss
2017-05-04 08:00:00,2017-05-05 12:00:00,short,1231.745,1235.19,1235.19,1192.39,2,-15645.812000000227,stop_loss
2017-05-09 10:00:00,2017-05-09 22:00:00,short,1221.9,1219.99,1219.99,1207.4299999999998,3,28708.44600000009,stop_loss
2017-05-12 10:00:00,2017-05-15 15:00:00,long,1232.25667,1233.16,1233.16,1251.42,3,11577.662000001126,stop_loss
2017-05-15 15:00:00,2017-05-17 02:00:00,long,1239.895,1239.8046428571429,1239.8046428571429,1274.7,2,-463.31528571407216,stop_loss
2017-05-17 14:00:00,2017-05-17 16:00:00,long,1252.94,1253.9753571428573,1253.9753571428573,1284.8400000000004,2,5499.195928572079,stop_loss
2017-05-17 16:00:00,2017-05-18 15:00:00,long,1261.045,1258.21,1258.21,1315.7100000000003,2,-9716.111999999735,stop_loss
2017-05-26 12:00:00,2017-06-01 08:00:00,long,1268.825,1265.98,1265.98,1290.9200000000003,2,-22250.745000000214,stop_loss
2017-06-06 10:00:00,2017-06-07 13:00:00,long,1291.77,1289.54,1289.54,1312.4399999999998,2,-18804.698000000153,stop_loss
2017-06-08 16:00:00,2017-06-09 15:00:00,short,1270.695,1274.0,1274.0,1245.0800000000002,2,-21953.792999999667,stop_loss
2017-06-09 15:00:00,2017-06-13 20:00:00,short,1263.99,1267.14,1267.14,1224.5000000000005,2,-14106.330000000407,stop_loss
2017-06-15 14:00:00,2017-06-20 09:00:00,short,1250.24,1246.2832142857142,1246.2832142857142,1206.0900000000004,3,22744.79132142931,stop_loss
2017-06-23 08:00:00,2017-06-26 11:00:00,long,1255.025,1252.97,1252.97,1264.8900000000003,2,-32492.015999999207,stop_loss
2017-07-03 09:00:00,2017-07-03 15:00:00,short,1232.87,1232.3414285714284,1232.3414285714284,1213.02,2,4291.1542857155255,stop_loss
2017-07-03 15:00:00,2017-07-03 17:00:00,short,1225.95,1226.2296428571428,1226.2296428571428,1192.4099999999996,2,-1433.840785714522,stop_loss
2017-07-03 17:00:00,2017-07-07 16:00:00,short,1218.715,1219.2685714285712,1219.2685714285712,1171.4999999999995,2,-2063.160714285351,stop_loss
2017-07-07 16:00:00,2017-07-10 14:00:00,short,1210.695,1214.84,1214.84,1187.12,2,-28180.196999999876,stop_loss
2017-07-14 12:00:00,2017-07-14 15:00:00,long,1225.665,1228.2528571428572,1228.2528571428572,1228.5899999999997,2,52569.212428574094,stop_loss
2017-07-14 15:00:00,2017-07-18 15:00:00,long,1236.95333,1238.4635714285714,1238.4635714285714,1265.67,3,12821.015285714439,stop_loss
2017-07-18 15:00:00,2017-07-20 17:00:00,long,1243.69,1241.57,1241.57,1258.4299999999998,2,-23913.17600000005,stop_loss
2017-07-20 17:00:00,2017-07-24 09:00:00,long,1248.785,1252.9417857142855,1252.9417857142855,1265.72,2,39905.142857141254,stop_loss
2017-07-24 12:00:00,2017-07-26 22:00:00,long,1258.665,1256.28,1256.28,1297.6,2,-11157.506999999958,stop_loss
2017-07-28 16:00:00,2017-07-31 10:00:00,long,1268.24,1265.91,1265.91,1282.3700000000003,2,-26964.15799999916,stop_loss
2017-08-01 17:00:00,2017-08-02 05:00:00,long,1273.14,1265.67,1265.67,1287.2399999999996,1,-49756.92299999867,stop_loss
2017-08-09 14:00:00,2017-08-09 15:00:00,long,1272.105,1269.36,1269.36,1304.4199999999996,2,-14570.460000000023,stop_loss
2017-08-09 15:00:00,2017-08-10 15:00:00,long,1277.935,1281.524642857143,1281.524642857143,1321.6399999999996,2,14292.52200000042,stop_loss
2017-08-10 15:00:00,2017-08-14 03:00:00,long,1287.28,1286.9603571428572,1286.9603571428572,1350.7699999999998,2,-905.10071428542,stop_loss
2017-08-15 12:00:00,2017-08-15 18:00:00,short,1270.87,1273.66,1273.66,1237.9,2,-14514.696000000402,stop_loss
2017-08-18 10:00:00,2017-08-21 02:00:00,long,1293.19,1281.71,1281.71,1315.3100000000002,1,-47747.616000000075,stop_loss
2017-08-25 17:00:00,2017-08-28 17:00:00,long,1297.41333,1300.5642857142857,1300.5642857142857,1302.2199999999996,3,72489.23500000106,stop_loss
2017-08-28 17:00:00,2017-08-29 02:00:00,long,1312.2675,1318.6299999999999,1318.6299999999999,1358.1799999999998,4,43919.06499999969,stop_loss
2017-08-29 08:00:00,2017-09-04 11:00:00,long,1326.05667,1333.3067857142855,1333.3067857142855,1400.9299999999998,3,25115.13739285666,stop_loss
2017-09-05 20:00:00,2017-09-08 15:00:00,long,1345.67333,1350.5553571428572,1350.5553571428572,1361.8899999999996,3,59640.26746428799,stop_loss
2017-09-11 20:00:00,2017-09-12 21:00:00,short,1326.78,1329.49,1329.49,1311.33,2,-29187.24200000039,stop_loss
2017-09-13 16:00:00,2017-09-14 10:00:00,short,1324.815,1324.1417857142858,1324.1417857142858,1303.86,2,5641.804999999836,stop_loss
2017-09-18 17:00:00,2017-09-20 21:00:00,short,1304.57,1306.3989285714285,1306.3989285714285,1256.99,2,-6983.580857142551,stop_loss
2017-09-21 15:00:00,2017-09-28 12:00:00,short,1286.13,1282.7517857142857,1282.7517857142857,1236.8599999999997,2,12564.930214285794,stop_loss
2017-10-10 07:00:00,2017-10-10 19:00:00,long,1289.735,1290.1039285714287,1290.1039285714287,1302.8200000000004,2,4639.055428572825,stop_loss
2017-10-12 08:00:00,2017-10-16 16:00:00,long,1298.94,1303.2167857142856,1303.2167857142856,1319.4700000000003,2,36196.148214284345,stop_loss
2017-10-17 09:00:00,2017-10-17 15:00:00,short,1286.605,1289.19,1289.19,1256.53,2,-15729.208000000222,stop_loss
2017-10-17 15:00:00,2017-10-18 14:00:00,short,1281.325,1283.77,1283.77,1240.2699999999998,2,-11123.28299999971,stop_loss
2017-10-23 12:00:00,2017-10-27 11:00:00,short,1270.16,1268.7714285714287,1268.7714285714287,1242.6299999999997,3,12826.23428571302,stop_loss
2017-11-01 08:00:00,2017-11-01 11:00:00,long,1276.975,1274.99,1274.99,1289.13,2,-27436.27300000019,stop_loss
2017-11-08 16:00:00,2017-11-10 18:00:00,long,1285.13,1275.81,1275.81,1302.9299999999998,1,-50805.18399999965,stop_loss
2017-11-14 08:00:00,2017-11-14 10:00:00,short,1274.165,1274.4889285714287,1274.4889285714287,1269.2700000000004,2,-9036.829714286785,stop_loss
2017-11-15 12:00:00,2017-11-17 19:00:00,long,1289.72667,1289.9417857142857,1289.9417857142857,1317.65,3,1944.267464286464,stop_loss
2017-11-17 19:00:00,2017-11-20 20:00:00,long,1293.57,1274.96,1274.96,1329.9499999999998,1,-48856.83299999973,stop_loss
2017-11-27 13:00:00,2017-11-27 16:00:00,long,1296.335,1294.43,1294.43,1309.2700000000004,2,-23759.15999999966,stop_loss
2017-11-29 16:00:00,2017-11-30 18:00:00,short,1278.77333,1277.66,1277.66,1258.5600000000004,3,12302.555999999699,stop_loss
2017-11-30 18:00:00,2017-12-05 16:00:00,short,1270.78,1269.6157142857141,1269.6157142857141,1232.07,2,5081.175714286196,stop_loss
2017-12-05 16:00:00,2017-12-07 07:00:00,short,1264.495,1262.8739285714287,1262.8739285714287,1246.3,2,14871.70928571335,stop_loss
2017-12-07 07:00:00,2017-12-07 21:00:00,short,1253.72,1249.7196428571428,1249.7196428571428,1243.06,4,87022.16914285801,stop_loss
2017-12-12 16:00:00,2017-12-12 17:00:00,short,1238.615,1240.2,1240.2,1229.2000000000003,2,-27571.392000000633,stop_loss
2017-12-12 17:00:00,2017-12-13 15:00:00,short,1236.78,1246.12,1246.12,1218.94,1,-50001.689999999566,stop_loss
2017-12-13 20:00:00,2017-12-13 21:00:00,long,1252.21,1251.8367857142857,1251.8367857142857,1262.59,2,-4727.654642856032,stop_loss
2017-12-15 12:00:00,2017-12-18 17:00:00,long,1261.0,1260.869642857143,1260.869642857143,1273.9300000000003,2,-1570.5167857133456,stop_loss
2017-12-18 17:00:00,2017-12-21 14:00:00,long,1265.755,1263.78,1263.78,1285.3200000000002,2,-17152.875000000196,stop_loss
2017-12-22 17:00:00,2017-12-26 15:00:00,long,1276.93,1278.531785714286,1278.531785714286,1292.2799999999997,4,30470.449285717466,stop_loss
2017-12-27 08:00:00,2017-12-27 09:00:00,long,1283.675,1282.57,1282.57,1321.6499999999996,2,-5350.1890000000885,stop_loss
2017-12-27 09:00:00,2017-12-28 08:00:00,long,1288.7075,1290.3635714285715,1290.3635714285715,1329.0299999999997,4,14223.00385714366,stop_loss
2017-12-28 17:00:00,2017-12-29 16:00:00,long,1296.735,1299.2717857142854,1299.2717857142854,1318.72,2,19394.234142854963,stop_loss
2017-12-29 16:00:00,2017-12-29 19:00:00,long,1303.83,1303.5085714285715,1303.5085714285715,1341.6999999999996,2,-1536.492857142236,stop_loss
2017-12-29 19:00:00,2018-01-03 03:00:00,long,1312.1025,1317.0467857142858,1317.0467857142858,1355.59,4,38421.055428572516,stop_loss
2018-01-12 20:00:00,2018-01-24 14:00:00,long,1345.66,1349.0603571428571,1349.0603571428571,1368.55,3,32212.943357143376,stop_loss
2018-01-24 14:00:00,2018-01-24 20:00:00,long,1356.23,1355.6110714285714,1355.6110714285714,1394.24,2,-2921.714214285702,stop_loss
2018-01-24 20:00:00,2018-02-02 17:00:00,long,1360.21,1331.21,1331.21,1417.3700000000001,1,-50016.3,stop_loss
2018-02-07 17:00:00,2018-02-08 15:00:00,short,1316.77,1314.8614285714284,1314.8614285714284,1297.86,2,16122.848000001253,stop_loss
2018-02-14 16:00:00,2018-02-14 17:00:00,long,1341.245,1341.6017857142856,1341.6017857142856,1355.9099999999994,2,3163.4048571427847,stop_loss
2018-02-14 17:00:00,2018-02-16 20:00:00,long,1353.645,1348.59,1348.59,1399.2299999999996,2,-19424.343000000245,stop_loss
2018-02-20 09:00:00,2018-02-20 18:00:00,short,1335.14,1336.7546428571427,1336.7546428571427,1292.81,2,-6822.511928570817,stop_loss
2018-02-20 18:00:00,2018-02-22 15:00:00,short,1328.06,1326.595,1326.595,1272.0799999999997,2,4745.427999999734,stop_loss
2018-02-26 07:00:00,2018-02-27 15:00:00,long,1340.0,1325.75,1325.75,1367.66,1,-49458.899999999994,stop_loss
2018-02-27 16:00:00,2018-02-27 17:00:00,short,1321.8,1322.5107142857141,1322.5107142857141,1304.1800000000003,2,-6222.587857140896,stop_loss
2018-02-27 17:00:00,2018-03-01 14:00:00,short,1314.665,1309.5292857142856,1309.5292857142856,1280.6299999999999,2,26021.637142857508,stop_loss
2018-03-06 15:00:00,2018-03-06 20:00:00,long,1335.005,1332.36,1332.36,1361.2399999999998,2,-17377.120999999883,stop_loss
2018-03-14 07:00:00,2018-03-16 03:00:00,long,1329.07,1313.7,1313.7,1358.9699999999998,1,-48429.33299999965,stop_loss
2018-03-16 14:00:00,2018-03-16 15:00:00,short,1315.575,1316.1417857142858,1316.1417857142858,1298.8999999999999,2,-5460.186857143131,stop_loss
2018-03-16 15:00:00,2018-03-19 12:00:00,short,1310.885,1312.94,1312.94,1283.84,2,-13001.163000000402,stop_loss
2018-03-23 08:00:00,2018-03-26 16:00:00,long,1346.45,1349.2350000000001,1349.2350000000001,1379.1900000000003,2,14180.663000000419,stop_loss
2018-03-26 16:00:00,2018-03-27 15:00:00,long,1353.01,1343.43,1343.43,1371.33,1,-47892.33599999964,stop_loss
2018-03-28 12:00:00,2018-03-28 16:00:00,short,1337.36,1335.7046428571427,1335.7046428571427,1325.5099999999998,2,21025.353214287326,stop_loss
2018-03-28 16:00:00,2018-03-29 09:00:00,short,1328.46,1326.6271428571426,1326.6271428571426,1301.3,2,11053.594857144362,stop_loss
2018-03-29 15:00:00,2018-04-04 12:00:00,short,1322.54,1342.83,1347.02,1274.4199999999998,1,-38715.34899999993,signal
2018-04-04 12:00:00,2018-04-05 07:00:00,long,1343.11,1328.8500000000001,1328.8500000000001,1370.7899999999995,1,-46310.775999999234,stop_loss
2018-04-10 16:00:00,2018-04-11 15:00:00,long,1345.45333,1348.7760714285714,1348.7760714285714,1354.4599999999998,3,56765.98989285744,stop_loss
2018-04-11 15:00:00,2018-04-11 17:00:00,long,1355.915,1352.79,1352.79,1395.47,2,-13271.25,stop_loss
2018-04-11 17:00:00,2018-04-23 10:00:00,long,1359.29,1331.83,1331.03,1414.97,1,-44501.67600000006,signal
2018-04-23 10:00:00,2018-04-24 03:00:00,short,1326.94667,1325.6200000000001,1325.6200000000001,1286.1299999999997,3,7743.089999999594,stop_loss
2018-04-25 14:00:00,2018-04-27 13:00:00,short,1318.36,1320.41,1320.41,1296.73,2,-15267.170000000508,stop_loss
2018-04-30 13:00:00,2018-04-30 17:00:00,short,1313.545,1314.143214285714,1314.143214285714,1299.1499999999999,2,-6099.871428569608,stop_loss
2018-05-01 09:00:00,2018-05-01 17:00:00,short,1308.27,1306.370357142857,1306.370357142857,1292.3400000000004,2,17857.78264285869,stop_loss
2018-05-10 12:00:00,2018-05-10 15:00:00,long,1318.69,1318.2282142857143,1318.2282142857143,1336.9200000000003,2,-3777.407142857228,stop_loss
2018-05-10 15:00:00,2018-05-15 10:00:00,long,1322.21,1310.85,1304.25,1357.2900000000002,1,-28570.40000000032,signal
2018-05-15 10:00:00,2018-05-15 15:00:00,short,1304.98667,1300.7714285714285,1300.7714285714285,1287.9099999999999,3,48392.61942857254,stop_loss
2018-05-15 15:00:00,2018-05-15 16:00:00,short,1295.065,1297.26,1297.26,1247.98,2,-7947.655999999769,stop_loss
2018-05-15 16:00:00,2018-05-16 20:00:00,short,1290.05,1292.6200000000001,1292.6200000000001,1234.0600000000004,2,-7810.230000000151,stop_loss
2018-05-21 09:00:00,2018-05-22 11:00:00,short,1283.01,1294.21,1294.21,1261.4499999999998,1,-45688.160000000185,stop_loss
2018-05-24 16:00:00,2018-05-29 16:00:00,long,1304.92,1292.69,1292.69,1328.5400000000002,1,-44654.176000000065,stop_loss
2018-06-01 14:00:00,2018-06-05 18:00:00,short,1292.615,1294.68,1294.68,1271.96,2,-15349.145000000404,stop_loss
2018-06-14 09:00:00,2018-06-14 16:00:00,long,1305.065,1302.84,1302.84,1322.54,2,-18901.375000000193,stop_loss
2018-06-15 16:00:00,2018-06-19 04:00:00,short,1280.585,1283.45,1283.45,1232.5700000000002,2,-9420.12000000003,stop_loss
2018-06-19 12:00:00,2018-06-19 14:00:00,short,1275.925,1276.1257142857144,1276.1257142857144,1270.9400000000003,2,-3854.5974285716657,stop_loss
2018-06-19 14:00:00,2018-06-21 15:00:00,short,1269.7,1265.75,1265.75,1249.46,2,28657.250000000327,stop_loss
2018-06-26 09:00:00,2018-06-26 16:00:00,short,1260.995,1259.3385714285714,1259.3385714285714,1244.5700000000002,2,15025.463571428754,stop_loss
2018-06-28 09:00:00,2018-07-02 18:00:00,short,1246.84667,1246.3989285714288,1246.3989285714288,1231.1900000000003,3,5950.573607141077,stop_loss
2018-07-02 18:00:00,2018-07-03 10:00:00,short,1241.105,1243.3600000000001,1243.3600000000001,1219.7200000000005,2,-16132.269999999968,stop_loss
2018-07-09 08:00:00,2018-07-09 16:00:00,long,1261.665,1262.5532142857141,1262.5532142857141,1272.6299999999997,2,11822.132142855793,stop_loss
2018-07-11 19:00:00,2018-07-13 14:00:00,short,1241.29,1240.692857142857,1240.692857142857,1221.44,2,4317.581714286014,stop_loss
2018-07-17 16:00:00,2018-07-17 17:00:00,short,1229.055,1231.44,1231.44,1204.0800000000002,2,-14766.011999999944,stop_loss
2018-07-17 17:00:00,2018-07-19 16:00:00,short,1219.71667,1217.9546428571427,1217.9546428571427,1189.0200000000002,3,11920.619678572399,stop_loss
2018-08-13 09:00:00,2018-08-13 15:00:00,short,1202.71333,1201.8,1201.8,1189.25,3,12601.260000000042,stop_loss
2018-08-13 19:00:00,2018-08-15 16:00:00,short,1189.61,1184.965,1184.965,1145.81,2,16796.32000000035,stop_loss
2018-08-15 16:00:00,2018-08-16 03:00:00,short,1173.66667,1171.7328571428573,1171.7328571428573,1145.9299999999996,3,14284.857571427734,stop_loss
2018-08-21 07:00:00,2018-08-22 17:00:00,long,1197.22,1195.09,1195.09,1215.2099999999996,2,-18208.51799999996,stop_loss
2018-08-24 17:00:00,2018-08-28 20:00:00,long,1209.66,1206.27,1206.27,1251.6699999999998,2,-12833.861999999948,stop_loss
2018-08-30 16:00:00,2018-08-31 10:00:00,short,1197.19,1207.84,1207.84,1176.7300000000002,1,-44137.85999999943,stop_loss
2018-09-11 12:00:00,2018-09-11 15:00:00,short,1190.915,1191.6410714285714,1191.6410714285714,1183.0099999999998,2,-11823.492357143345,stop_loss
2018-09-11 15:00:00,2018-09-11 23:00:00,short,1188.51,1198.52,1198.52,1169.33,1,-43063.01999999996,stop_loss
2018-09-12 16:00:00,2018-09-12 18:00:00,long,1199.315,1202.9499999999996,1196.33,1202.9499999999996,2,86390.86399999168,take_profit
2018-09-12 19:00:00,2018-09-13 17:00:00,long,1207.3,1204.28,1204.28,1226.7999999999997,2,-22636.71199999986,stop_loss
2018-09-20 13:00:00,2018-09-20 15:00:00,long,1205.275,1207.5400000000002,1203.5,1207.5400000000002,2,88653.91200000836,take_profit
2018-09-27 12:00:00,2018-09-27 15:00:00,short,1191.21,1190.0414285714287,1190.0414285714287,1187.0299999999997,2,23395.26742856966,stop_loss
2018-09-27 15:00:00,2018-09-28 16:00:00,short,1184.15,1186.6200000000001,1186.6200000000001,1160.2400000000002,2,-16496.14200000018,stop_loss
2018-10-02 16:00:00,2018-10-08 09:00:00,long,1203.89,1196.5,1184.48,1241.8699999999997,1,-17067.943999999705,signal
2018-10-08 09:00:00,2018-10-08 15:00:00,short,1191.105,1189.7282142857143,1189.7282142857143,1177.92,2,12994.654285714041,stop_loss
2018-10-08 15:00:00,2018-10-11 12:00:00,short,1185.74,1203.62,1205.79,1146.48,1,-39884.915999999736,signal
2018-10-11 12:00:00,2018-10-11 15:00:00,long,1206.195,1203.8999999999999,1203.8999999999999,1240.4199999999996,2,-10802.565000000342,stop_loss
2018-10-11 17:00:00,2018-10-12 09:00:00,long,1220.405,1216.19,1216.19,1277.2900000000002,2,-11835.71999999977,stop_loss
2018-10-15 09:00:00,2018-10-15 14:00:00,long,1227.745,1228.6582142857144,1228.6582142857144,1242.9199999999998,2,8647.956642859197,stop_loss
2018-10-23 09:00:00,2018-10-23 11:00:00,long,1232.67,1232.7260714285712,1232.7260714285712,1248.44,2,507.87257142715316,stop_loss
2018-10-23 11:00:00,2018-10-26 17:00:00,long,1239.535,1238.6046428571428,1238.6046428571428,1266.8899999999996,2,-5116.59214285709,stop_loss
2018-10-30 11:00:00,2018-10-31 13:00:00,short,1220.105,1218.415357142857,1218.415357142857,1181.8900000000006,2,7076.900142858631,stop_loss
2018-10-31 15:00:00,2018-11-01 16:00:00,short,1212.25,1232.92,1243.3899999999999,1150.8100000000002,1,-28851.186000000103,signal
2018-11-01 16:00:00,2018-11-09 12:00:00,long,1233.2,1219.17,1211.9,1274.96,1,-28364.450999999943,signal
2018-11-09 12:00:00,2018-11-09 15:00:00,short,1215.44,1215.3617857142856,1215.3617857142856,1203.5500000000002,2,839.8024285733663,stop_loss
2018-11-09 15:00:00,2018-11-09 18:00:00,short,1209.48,1211.74,1211.74,1182.1,2,-12673.627999999948,stop_loss
2018-11-09 18:00:00,2018-11-13 14:00:00,short,1203.935,1200.8114285714285,1200.8114285714285,1167.79,2,13200.837571429332,stop_loss
2018-11-16 12:00:00,2018-11-16 15:00:00,long,1219.93,1219.817857142857,1219.817857142857,1234.2999999999997,2,-1058.5164285716928,stop_loss
2018-11-16 15:00:00,2018-11-23 09:00:00,long,1225.565,1223.31,1223.31,1253.8299999999997,2,-12281.180999999975,stop_loss
2018-11-27 16:00:00,2018-11-27 17:00:00,short,1217.565,1220.3,1220.3,1205.54,2,-30324.586000000152,stop_loss
2018-11-27 17:00:00,2018-11-29 14:00:00,short,1214.58,1228.1,1228.1,1188.3799999999999,1,-41952.55999999995,stop_loss
2018-12-03 09:00:00,2018-12-04 15:00:00,long,1236.02667,1237.9378571428572,1237.9378571428572,1261.59,3,15382.598785714808,stop_loss
2018-12-07 17:00:00,2018-12-10 15:00:00,long,1247.585,1245.3899999999999,1245.3899999999999,1266.0299999999995,2,-17019.152000000387,stop_loss
2018-12-14 08:00:00,2018-12-14 15:00:00,short,1237.03,1236.6367857142857,1236.6367857142857,1226.52,2,4698.832071430023,stop_loss
2018-12-14 15:00:00,2018-12-17 19:00:00,short,1234.11,1246.71,1246.71,1209.7500000000002,1,-41220.8999999997,stop_loss
2018-12-18 10:00:00,2018-12-19 16:00:00,long,1252.21,1252.69,1252.69,1279.6299999999999,2,2431.2000000000917,stop_loss
2018-12-19 16:00:00,2018-12-20 18:00:00,long,1258.0,1255.94,1255.94,1301.26,2,-7143.25599999981,stop_loss
2018-12-20 18:00:00,2018-12-26 19:00:00,long,1267.38333,1274.255357142857,1274.255357142857,1296.93,3,44011.18928571408,stop_loss
2019-01-02 10:00:00,2019-01-04 10:00:00,long,1291.62,1292.9653571428573,1292.9653571428573,1307.95,2,10856.494000001461,stop_loss
2019-01-18 11:00:00,2019-01-21 10:00:00,short,1282.68,1281.1671428571428,1281.1671428571428,1264.4,2,11869.574571429244,stop_loss
2019-01-21 10:00:00,2019-01-25 12:00:00,short,1278.74,1283.77,1295.36,1246.3400000000001,1,-12535.262999999932,signal
2019-01-25 12:00:00,2019-01-25 15:00:00,long,1286.315,1285.8285714285714,1285.8285714285714,1297.9699999999998,2,-5545.3829999993995,stop_loss
2019-01-25 15:00:00,2019-01-25 16:00:00,long,1291.205,1288.83,1288.83,1312.3099999999997,2,-16137.175000000001,stop_loss
2019-01-25 16:00:00,2019-01-28 16:00:00,long,1298.54667,1299.4510714285714,1299.4510714285714,1327.3099999999997,3,6435.472964285583,stop_loss
2019-01-29 09:00:00,2019-01-29 17:00:00,long,1309.345,1307.78,1307.78,1327.44,2,-12609.83100000044,stop_loss
2019-01-30 07:00:00,2019-01-30 21:00:00,long,1317.59,1315.35,1315.35,1350.1499999999999,2,-10194.688000000042,stop_loss
2019-01-31 12:00:00,2019-02-04 16:00:00,long,1322.66,1308.89,1308.89,1349.3600000000001,1,-40533.371999999945,stop_loss
2019-02-06 20:00:00,2019-02-07 03:00:00,short,1306.595,1306.860357142857,1306.860357142857,1295.2900000000004,2,-2879.2842142847694,stop_loss
2019-02-18 13:00:00,2019-02-19 16:00:00,long,1329.69333,1331.8942857142856,1331.8942857142856,1370.0200000000004,3,11362.856857142471,stop_loss
2019-02-19 16:00:00,2019-02-20 03:00:00,long,1340.08333,1340.7042857142856,1340.7042857142856,1358.84,3,6054.844571427815,stop_loss
2019-02-27 16:00:00,2019-02-28 09:00:00,short,1320.99,1322.75,1322.75,1309.41,2,-20256.543999999896,stop_loss
2019-02-28 17:00:00,2019-03-01 14:00:00,short,1311.98,1308.8535714285715,1308.8535714285715,1286.31,2,16713.887142856787,stop_loss
2019-03-01 17:00:00,2019-03-04 01:00:00,short,1298.94,1295.5,1295.5,1261.97,3,18552.264000000294,stop_loss
2019-03-04 09:00:00,2019-03-05 20:00:00,short,1288.14,1286.2432142857142,1286.2432142857142,1219.19,2,4158.89235714301,stop_loss
2019-03-08 09:00:00,2019-03-08 15:00:00,long,1296.055,1294.03,1294.03,1319.77,2,-12319.289999999863,stop_loss
2019-03-08 15:00:00,2019-03-13 10:00:00,long,1301.225,1304.0674999999999,1304.0674999999999,1332.6699999999998,2,12915.751499999877,stop_loss
2019-03-13 12:00:00,2019-03-20 20:00:00,long,1311.43,1309.102142857143,1309.102142857143,1343.73,2,-10365.482285713897,stop_loss
2019-03-20 20:00:00,2019-03-26 11:00:00,long,1318.665,1314.66,1314.66,1346.94,2,-19374.587999999978,stop_loss
2019-03-28 12:00:00,2019-03-28 15:00:00,short,1299.35667,1296.460357142857,1296.460357142857,1280.21,3,25999.880964286876,stop_loss
2019-03-28 15:00:00,2019-04-04 21:00:00,short,1288.19,1291.54,1291.54,1236.86,2,-9633.260000000066,stop_loss
2019-04-08 08:00:00,2019-04-08 15:00:00,long,1299.955,1300.6471428571429,1300.6471428571429,1320.4399999999998,2,4520.52342857188,stop_loss
2019-04-08 15:00:00,2019-04-11 04:00:00,long,1305.905,1306.5928571428574,1306.5928571428574,1341.0800000000002,2,2865.475285715401,stop_loss
2019-04-11 19:00:00,2019-04-15 18:00:00,short,1289.765,1287.8,1287.8,1257.25,2,8728.13700000014,stop_loss
2019-04-16 15:00:00,2019-04-17 08:00:00,short,1276.36,1278.78,1278.78,1256.94,2,-17347.043999999707,stop_loss
2019-04-18 07:00:00,2019-04-22 13:00:00,short,1271.76,1279.74,1279.74,1256.6399999999999,1,-40721.9400000001,stop_loss
2019-04-23 14:00:00,2019-04-23 15:00:00,short,1269.67,1270.152857142857,1270.152857142857,1263.1499999999999,2,-8369.169714285703,stop_loss
2019-04-23 15:00:00,2019-04-24 18:00:00,short,1267.34,1276.47,1276.47,1249.9199999999996,1,-39522.85700000047,stop_loss
2019-04-26 16:00:00,2019-05-02 15:00:00,long,1285.92,1268.69,1268.69,1319.5400000000002,1,-38140.328000000045,stop_loss
2019-05-08 12:00:00,2019-05-13 16:00:00,long,1293.43,1293.6967857142859,1293.6967857142859,1311.28,2,1773.3246428576367,stop_loss
2019-05-13 16:00:00,2019-05-17 16:00:00,long,1297.67,1281.8700000000001,1281.8700000000001,1328.43,1,-37457.05999999989,stop_loss
2019-05-17 16:00:00,2019-05-17 17:00:00,short,1278.49,1281.07,1281.07,1266.2099999999996,2,-24569.339999999305,stop_loss
2019-05-17 17:00:00,2019-05-22 14:00:00,short,1273.23,1275.66,1275.66,1249.98,2,-13311.540000000348,stop_loss
2019-05-23 12:00:00,2019-05-23 15:00:00,long,1279.5,1280.2292857142857,1280.2292857142857,1282.38,2,16033.638142855772,stop_loss
2019-05-23 15:00:00,2019-05-28 04:00:00,long,1285.13,1283.01,1283.01,1302.69,2,-15127.896000000033,stop_loss
2019-05-31 09:00:00,2019-05-31 12:00:00,long,1296.82,1294.83,1294.83,1333.8099999999997,2,-7158.0300000000325,stop_loss
2019-05-31 12:00:00,2019-05-31 21:00:00,long,1303.32333,1304.56,1304.56,1346.4999999999998,3,5467.427000000054,stop_loss
2019-06-03 10:00:00,2019-06-03 20:00:00,long,1320.54,1321.2657142857145,1321.2657142857145,1395.4599999999996,3,1911.0960000005712,stop_loss
2019-06-03 20:00:00,2019-06-05 12:00:00,long,1332.43,1334.159642857143,1334.159642857143,1427.1100000000001,3,3611.494285714397,stop_loss
2019-06-05 13:00:00,2019-06-07 18:00:00,long,1341.99,1339.0,1339.0,1376.4800000000002,2,-11206.520000000035,stop_loss
2019-06-11 09:00:00,2019-06-11 16:00:00,short,1322.63,1324.88,1324.88,1278.9600000000003,2,-6848.999999999999,stop_loss
2019-06-13 18:00:00,2019-06-14 09:00:00,long,1346.33667,1351.2342857142858,1351.2342857142858,1357.6399999999999,3,55387.66357142913,stop_loss
2019-06-14 09:00:00,2019-06-17 11:00:00,long,1355.44,1333.68,1333.68,1398.1200000000001,1,-36598.143999999986,stop_loss
2019-06-24 17:00:00,2019-06-25 06:00:00,long,1422.3375,1428.8939285714287,1428.8939285714287,1460.45,4,35703.68742857172,stop_loss
2019-07-17 16:00:00,2019-07-17 17:00:00,long,1415.11,1412.0,1412.0,1433.86,2,-20289.640000000087,stop_loss
2019-07-17 17:00:00,2019-07-18 13:00:00,long,1422.4,1418.47,1418.47,1453.27,2,-15999.815999999797,stop_loss
2019-07-18 20:00:00,2019-07-18 22:00:00,long,1437.985,1438.1807142857144,1438.1807142857144,1460.28,2,908.2317142863176,stop_loss
2019-07-25 16:00:00,2019-07-30 14:00:00,short,1416.44,1429.54,1429.54,1391.0800000000002,1,-36175.64999999975,stop_loss
2019-08-01 20:00:00,2019-08-05 13:00:00,long,1444.845,1460.0700000000004,1451.1725000000001,1460.0700000000004,2,97503.94500000234,take_profit
2019-08-05 13:00:00,2019-08-06 04:00:00,long,1466.3,1465.3032142857144,1465.3032142857144,1513.1099999999997,2,-2664.00949999964,stop_loss
2019-08-07 13:00:00,2019-08-07 16:00:00,long,1498.84,1498.9439285714286,1498.9439285714286,1555.6300000000003,2,229.61978571431064,stop_loss
2019-08-07 16:00:00,2019-08-13 12:00:00,long,1515.31,1525.6792857142857,1525.6792857142857,1611.2800000000002,2,14684.982428571482,stop_loss
2019-08-23 16:00:00,2019-08-23 17:00:00,long,1512.33,1513.3032142857141,1513.3032142857141,1528.81,2,6087.649999999594,stop_loss
2019-08-23 17:00:00,2019-08-23 18:00:00,long,1523.72,1519.3999999999999,1519.3999999999999,1570.4799999999996,2,-12446.784000000145,stop_loss
2019-08-23 18:00:00,2019-08-26 02:00:00,long,1541.02,1547.51,1547.51,1597.1499999999999,3,20696.61000000003,stop_loss
2019-09-04 20:00:00,2019-09-05 16:00:00,long,1555.79,1533.75,1533.75,1599.03,1,-37639.91199999994,stop_loss
2019-09-05 16:00:00,2019-09-05 17:00:00,short,1520.855,1527.83,1527.83,1470.3099999999997,2,-17574.20999999977,stop_loss
2019-09-12 14:00:00,2019-09-13 21:00:00,long,1512.84,1486.73,1486.73,1564.2199999999998,1,-36446.94899999986,stop_loss
2019-09-20 20:00:00,2019-09-23 16:00:00,long,1514.205,1517.1389285714286,1517.1389285714286,1533.1299999999999,2,17979.114285714604,stop_loss
2019-09-24 17:00:00,2019-09-24 19:00:00,long,1528.545,1528.365,1528.365,1544.9299999999996,2,-1151.2079999996786,stop_loss
2019-09-24 19:00:00,2019-09-25 18:00:00,long,1534.45,1511.45,1511.45,1579.6100000000001,1,-36103.1,stop_loss
2019-09-27 08:00:00,2019-09-27 09:00:00,short,1500.96,1504.38,1504.38,1489.4200000000003,2,-31365.504000000667,stop_loss
2019-09-27 09:00:00,2019-09-30 18:00:00,short,1485.2475,1475.6839285714286,1475.6839285714286,1468.1499999999999,4,89239.59771428525,stop_loss
2019-09-30 18:00:00,2019-10-02 20:00:00,short,1468.04,1503.05,1503.05,1398.86,1,-36389.39399999999,stop_loss
2019-10-11 12:00:00,2019-10-11 14:00:00,short,1488.735,1489.5460714285714,1489.5460714285714,1451.07,2,-2610.5144999998483,stop_loss
2019-10-11 14:00:00,2019-10-24 16:00:00,short,1482.47,1498.91,1517.01,1414.23,1,-16947.996000000057,signal
2019-10-24 16:00:00,2019-10-25 14:00:00,long,1501.995,1505.9267857142856,1505.9267857142856,1520.93,2,24984.139142856664,stop_loss
2019-10-25 15:00:00,2019-10-25 20:00:00,long,1513.83,1500.69,1500.69,1539.2699999999998,1,-36253.259999999646,stop_loss
2019-10-29 12:00:00,2019-10-31 13:00:00,short,1486.55,1506.45,1508.2,1444.0899999999997,1,-32365.360000000146,signal
2019-10-31 13:00:00,2019-10-31 15:00:00,long,1509.265,1506.73,1506.73,1557.2500000000002,2,-6807.995999999915,stop_loss
2019-10-31 15:00:00,2019-11-05 12:00:00,long,1512.05,1503.93,1481.05,1573.21,1,-8979.90799999988,signal
2019-11-05 12:00:00,2019-11-05 15:00:00,short,1497.58,1496.04,1496.04,1482.1900000000003,2,9575.104000000483,stop_loss
2019-11-05 15:00:00,2019-11-06 11:00:00,short,1486.34,1487.6075,1487.6075,1445.02,2,-3703.6350000001194,stop_loss
2019-11-07 17:00:00,2019-11-07 18:00:00,short,1465.36,1469.3600000000001,1469.3600000000001,1424.4400000000003,2,-12003.199999999999,stop_loss
2019-11-07 18:00:00,2019-11-13 07:00:00,short,1455.015,1461.1100000000001,1461.1100000000001,1399.6900000000003,2,-13304.16600000006,stop_loss
2019-11-14 09:00:00,2019-11-15 01:00:00,long,1470.015,1469.2260714285715,1469.2260714285715,1508.1200000000003,2,-2526.6226428570035,stop_loss
2019-11-25 07:00:00,2019-11-26 11:00:00,short,1455.93,1458.1000000000001,1458.1000000000001,1428.7200000000003,2,-9760.660000000327,stop_loss
2019-11-29 16:00:00,2019-11-29 17:00:00,long,1459.415,1457.36,1457.36,1462.9799999999996,2,-46195.989000001435,stop_loss
2019-11-29 17:00:00,2019-12-02 10:00:00,long,1461.72,1454.13,1454.13,1476.06,1,-33468.10499999964,stop_loss
2019-12-03 12:00:00,2019-12-03 17:00:00,long,1475.92,1478.18,1478.18,1502.79,3,13121.334000000388,stop_loss
2019-12-03 17:00:00,2019-12-06 17:00:00,long,1479.38,1459.75,1459.75,1517.7999999999997,1,-32287.423999999803,stop_loss
2019-12-12 14:00:00,2019-12-12 15:00:00,long,1479.015,1479.8685714285716,1479.8685714285716,1499.8299999999997,2,4289.367142858138,stop_loss
2019-12-12 15:00:00,2019-12-13 01:00:00,long,1482.99,1462.6000000000001,1462.6000000000001,1522.9299999999998,1,-31702.3719999998,stop_loss
2019-12-23 08:00:00,2019-12-24 04:00:00,long,1486.89667,1487.53,1487.53,1498.5799999999997,3,7648.070000000365,stop_loss
2019-12-24 10:00:00,2019-12-24 17:00:00,long,1494.99,1495.2314285714285,1495.2314285714285,1521.53,2,974.115999999769,stop_loss
2019-12-24 17:00:00,2019-12-26 18:00:00,long,1504.44667,1508.6357142857144,1508.6357142857144,1544.4800000000002,3,16897.780285714685,stop_loss
2019-12-27 17:00:00,2019-12-31 03:00:00,long,1516.475,1518.247142857143,1518.247142857143,1519.7300000000002,2,26533.940571430212,stop_loss
2020-01-02 12:00:00,2020-01-02 17:00:00,long,1524.77,1530.63,1521.47,1530.63,2,78648.2320000017,take_profit
2020-01-03 09:00:00,2020-01-06 02:00:00,long,1558.43,1569.11,1569.11,1593.47,4,56723.615999999434,stop_loss
2020-01-09 08:00:00,2020-01-24 16:00:00,short,1543.86,1564.37,1611.3799999999999,1409.6600000000005,1,-10486.762999999879,signal
2020-01-24 16:00:00,2020-01-27 04:00:00,long,1575.4475,1582.58,1582.58,1589.4699999999998,4,77681.48399999992,stop_loss
2020-02-04 10:00:00,2020-02-04 15:00:00,short,1563.755,1567.68,1567.68,1519.8200000000002,2,-11650.970000000201,stop_loss
2020-02-04 15:00:00,2020-02-05 07:00:00,short,1555.785,1559.58,1559.58,1495.5199999999998,2,-8374.04699999991,stop_loss
2020-02-05 10:00:00,2020-02-05 11:00:00,short,1552.155,1555.69,1555.69,1483.8500000000001,2,-6925.771999999937,stop_loss
2020-02-05 11:00:00,2020-02-14 15:00:00,short,1548.37,1580.09,1592.03,1461.8900000000003,1,-25728.091999999837,signal
2020-02-14 15:00:00,2020-02-18 09:00:00,long,1583.405,1585.7567857142858,1585.7567857142858,1594.2899999999997,2,22968.950357143935,stop_loss
2020-02-18 09:00:00,2020-02-18 17:00:00,long,1594.73,1596.357142857143,1596.357142857143,1607.5600000000004,2,11933.791142857246,stop_loss
2020-02-18 17:00:00,2020-02-19 22:00:00,long,1607.26,1607.84,1607.84,1644.6100000000001,3,2806.271999999648,stop_loss
2020-02-20 12:00:00,2020-02-20 13:00:00,long,1614.195,1610.8799999999999,1610.8799999999999,1627.0999999999995,2,-28469.220000000467,stop_loss
2020-02-20 13:00:00,2020-02-21 15:00:00,long,1627.9175,1637.5135714285716,1637.5135714285716,1647.7399999999998,4,88429.71742857278,stop_loss
2020-02-24 11:00:00,2020-02-28 17:00:00,long,1682.9,1603.81,1603.81,1840.2399999999998,1,-36753.12299999996,stop_loss
2020-02-28 17:00:00,2020-03-05 13:00:00,short,1583.35,1647.83,1660.3999999999999,1430.0900000000006,1,-30144.399999999903,signal
2020-03-05 13:00:00,2020-03-05 21:00:00,long,1661.34,1667.09,1667.09,1675.9099999999999,4,57805.899999999434,stop_loss
2020-03-06 07:00:00,2020-03-09 05:00:00,long,1690.115,1680.09,1680.09,1771.85,2,-15877.594999999963,stop_loss
2020-03-11 20:00:00,2020-03-12 14:00:00,short,1624.425,1624.1478571428572,1624.1478571428572,1574.2500000000002,2,619.1925714285517,stop_loss
2020-03-12 14:00:00,2020-03-12 17:00:00,short,1587.81667,1585.085,1585.085,1488.15,3,4851.439999999962,stop_loss
2020-03-13 16:00:00,2020-03-16 01:00:00,short,1543.045,1540.0985714285716,1540.0985714285716,1347.8400000000001,2,1980.589285714199,stop_loss
2020-03-16 12:00:00,2020-03-23 17:00:00,short,1477.21,1542.54,1597.94,1236.59,1,-19677.39599999998,signal
2020-03-23 17:00:00,2020-03-24 08:00:00,long,1554.86,1558.4114285714286,1558.4114285714286,1657.6799999999998,2,4427.210857143001,stop_loss
2020-03-24 11:00:00,2020-03-25 13:00:00,long,1604.455,1596.472857142857,1596.472857142857,1796.6399999999996,2,-5526.835714285737,stop_loss
2020-04-06 08:00:00,2020-04-06 14:00:00,long,1625.465,1641.17,1630.6492857142857,1641.17,2,102861.46800000101,take_profit
2020-04-06 15:00:00,2020-04-06 23:00:00,long,1649.98,1654.900357142857,1654.900357142857,1710.26,2,10980.268999999997,stop_loss
2020-04-09 16:00:00,2020-04-13 18:00:00,long,1697.28,1699.49,1699.49,1764.3000000000002,3,6218.277000000104,stop_loss
2020-04-13 19:00:00,2020-04-14 22:00:00,long,1722.37,1724.6653571428571,1724.6653571428571,1858.4099999999999,2,2438.587428571549,stop_loss
2020-04-17 08:00:00,2020-04-20 18:00:00,short,1684.695,1694.63,1694.63,1607.3500000000001,2,-17386.250000000102,stop_loss
2020-04-21 12:00:00,2020-04-21 16:00:00,short,1671.53,1677.73,1677.73,1628.57,2,-19042.68000000014,stop_loss
2020-04-22 16:00:00,2020-04-23 20:00:00,long,1717.175,1723.9157142857143,1723.9157142857143,1804.9299999999998,2,10487.203285714426,stop_loss
2020-04-28 07:00:00,2020-05-01 08:00:00,short,1684.43333,1683.4371428571428,1683.4371428571428,1619.35,3,2895.0291428572164,stop_loss
2020-05-01 08:00:00,2020-05-07 18:00:00,short,1672.01,1708.65,1721.75,1573.37,1,-28036.928000000076,signal
2020-05-07 18:00:00,2020-05-08 15:00:00,long,1714.42,1708.93,1708.93,1763.73,2,-14865.822000000024,stop_loss
2020-05-14 16:00:00,2020-05-15 15:00:00,long,1737.5,1732.23,1732.23,1798.05,2,-11796.367999999959,stop_loss
2020-05-15 15:00:00,2020-05-18 02:00:00,long,1750.555,1747.097142857143,1747.097142857143,1806.28,2,-8000.789857142646,stop_loss
2020-05-21 17:00:00,2020-05-27 14:00:00,short,1714.745,1706.9803571428572,1706.9803571428572,1656.21,2,17464.23471428559,stop_loss
2020-05-27 14:00:00,2020-05-28 07:00:00,short,1700.74,1716.02,1716.02,1671.02,1,-37633.11199999993,stop_loss
2020-06-03 15:00:00,2020-06-04 13:00:00,short,1701.33,1708.96,1708.96,1637.4800000000002,2,-15392.761999999992,stop_loss
2020-06-05 12:00:00,2020-06-05 15:00:00,short,1697.3,1695.662142857143,1695.662142857143,1679.5200000000002,2,8348.157857142716,stop_loss
2020-06-05 15:00:00,2020-06-08 04:00:00,short,1681.045,1686.95,1686.95,1618.17,2,-12329.639999999943,stop_loss
2020-06-10 13:00:00,2020-06-10 21:00:00,long,1723.86,1719.76,1719.76,1774.2800000000002,2,-10714.940000000059,stop_loss
2020-06-15 12:00:00,2020-06-19 17:00:00,short,1713.66,1737.86,1743.06,1655.7000000000003,1,-29577.239999999776,signal
2020-06-19 17:00:00,2020-06-22 04:00:00,long,1748.44333,1750.0625,1750.0625,1779.0399999999997,3,8256.292750000513,stop_loss
2020-06-22 07:00:00,2020-06-24 15:00:00,long,1764.36667,1772.5846428571429,1772.5846428571429,1822.8400000000001,3,24634.205428571506,stop_loss
2020-06-30 16:00:00,2020-06-30 17:00:00,long,1776.195,1775.2050000000002,1775.2050000000002,1781.6900000000003,2,-13146.605999998606,stop_loss
2020-06-30 17:00:00,2020-07-01 16:00:00,long,1781.41,1765.58,1765.58,1812.2300000000005,1,-36029.08000000035,stop_loss
2020-07-07 16:00:00,2020-07-07 17:00:00,long,1789.585,1785.17,1785.17,1815.0100000000004,2,-20328.425999999832,stop_loss
2020-07-07 17:00:00,2020-07-08 16:00:00,long,1799.375,1804.4610714285714,1804.4610714285714,1842.2500000000002,2,14438.339571428372,stop_loss
2020-07-08 17:00:00,2020-07-14 13:00:00,long,1812.22,1791.49,1791.49,1852.8400000000001,1,-35027.48100000003,stop_loss
2020-07-21 09:00:00,2020-07-21 15:00:00,long,1830.11,1833.7185714285715,1833.7185714285715,1857.31,3,21258.455142857838,stop_loss
2020-07-21 15:00:00,2020-07-22 04:00:00,long,1850.1,1852.0639285714285,1852.0639285714285,1906.4200000000003,2,4006.021499999819,stop_loss
2020-07-23 08:00:00,2020-07-23 18:00:00,long,1882.90333,1886.2903571428574,1886.2903571428574,1996.9600000000005,3,5472.753071428926,stop_loss
2020-07-23 18:00:00,2020-07-27 05:00:00,long,1913.15,1920.24,1920.24,2078.8600000000006,3,8048.567999999994,stop_loss
2020-08-04 16:00:00,2020-08-04 17:00:00,long,1984.095,1983.0775,1983.0775,2007.6099999999994,2,-4474.354499999179,stop_loss
2020-08-04 17:00:00,2020-08-04 22:00:00,long,2004.99667,2005.84,2005.84,2054.5899999999997,3,2781.9879999999685,stop_loss
2020-08-05 09:00:00,2020-08-06 16:00:00,long,2046.45,2055.3889285714286,2055.3889285714286,2167.2699999999995,2,9248.21549999993,stop_loss
2020-08-11 08:00:00,2020-08-11 15:00:00,short,1984.7875,1978.0,1978.0,1926.8199999999995,4,23020.484999999884,stop_loss
2020-08-11 15:00:00,2020-08-12 01:00:00,short,1933.62,1925.32,1925.32,1790.0799999999997,3,10131.810000000038,stop_loss
2020-08-17 16:00:00,2020-08-18 17:00:00,long,1994.425,2003.85,2003.85,2059.6299999999997,4,30774.50999999985,stop_loss
2020-09-02 16:00:00,2020-09-04 21:00:00,short,1939.245,1932.5696428571428,1932.5696428571428,1862.1500000000003,2,11094.44357142875,stop_loss
2020-09-08 13:00:00,2020-09-09 16:00:00,short,1916.08,1941.3999999999999,1941.3999999999999,1866.28,1,-36686.14799999991,stop_loss
2020-09-09 16:00:00,2020-09-10 21:00:00,long,1955.145,1947.67,1947.67,2029.1500000000003,2,-12999.024999999841,stop_loss
2020-09-21 12:00:00,2020-09-21 16:00:00,short,1921.83,1922.254642857143,1922.254642857143,1874.8400000000004,2,-1054.1334285714984,stop_loss
2020-09-21 16:00:00,2020-09-21 17:00:00,short,1904.36,1911.99,1911.99,1816.5500000000002,2,-11245.093999999994,stop_loss
2020-09-23 08:00:00,2020-09-24 04:00:00,short,1869.67,1865.53,1865.53,1820.3500000000004,3,13428.504000000077,stop_loss
2020-09-29 16:00:00,2020-09-30 09:00:00,long,1892.075,1886.6499999999999,1886.6499999999999,1908.1899999999996,2,-35114.94000000044,stop_loss
2020-10-01 15:00:00,2020-10-06 18:00:00,long,1910.445,1903.92,1903.92,1948.3000000000004,2,-20224.889999999927,stop_loss
2020-10-09 17:00:00,2020-10-28 14:00:00,long,1926.67,1881.97,1881.97,2015.2300000000002,1,-34419.00000000004,stop_loss
2020-10-28 15:00:00,2020-10-29 16:00:00,short,1870.075,1875.99,1875.99,1805.9099999999999,2,-11270.44099999993,stop_loss
2020-11-03 10:00:00,2020-11-04 02:00:00,long,1905.69,1906.909642857143,1906.909642857143,1940.4299999999998,3,5449.608214285996,stop_loss
2020-11-05 09:00:00,2020-11-05 14:00:00,long,1919.32,1919.3939285714284,1919.3939285714284,1969.42,2,169.05985714268354,stop_loss
2020-11-05 14:00:00,2020-11-05 17:00:00,long,1936.54,1935.9267857142859,1935.9267857142859,2018.4099999999999,2,-899.585357142575,stop_loss
2020-11-05 17:00:00,2020-11-06 16:00:00,long,1952.195,1945.72,1945.72,2072.7400000000002,2,-6792.275000000024,stop_loss
2020-11-09 13:00:00,2020-11-09 14:00:00,short,1924.705,1924.6703571428573,1924.6703571428573,1883.65,2,84.4454285712527,stop_loss
2020-11-09 14:00:00,2020-11-09 15:00:00,short,1895.905,1897.5203571428572,1897.5203571428572,1803.55,2,-1990.1200000000608,stop_loss
2020-11-09 15:00:00,2020-11-13 14:00:00,short,1880.33,1885.9,1965.49,1710.8499999999997,1,-2179.5410000000643,signal
2020-11-13 14:00:00,2020-11-13 15:00:00,long,1890.5,1886.18,1886.18,1909.8200000000002,2,-23959.583999999646,stop_loss
2020-11-13 15:00:00,2020-11-16 13:00:00,long,1895.07,1873.94,1873.94,1936.4899999999998,1,-33125.500999999815,stop_loss
2020-11-23 16:00:00,2020-11-24 09:00:00,short,1834.56,1832.672857142857,1832.672857142857,1772.5199999999995,2,3498.385428571438,stop_loss
2020-11-24 12:00:00,2020-11-27 15:00:00,short,1795.425,1786.9757142857143,1786.9757142857143,1685.76,2,8545.60757142865,stop_loss
2020-11-27 15:00:00,2020-11-30 04:00:00,short,1772.44,1778.18,1778.18,1698.88,2,-9309.132000000016,stop_loss
2020-12-02 08:00:00,2020-12-02 10:00:00,long,1819.06,1818.5321428571428,1818.5321428571428,1909.8799999999994,2,-698.1438571428025,stop_loss
2020-12-02 10:00:00,2020-12-03 09:00:00,long,1834.39,1836.0535714285716,1836.0535714285716,1946.1499999999999,3,2640.5869285715958,stop_loss
2020-12-03 09:00:00,2020-12-07 16:00:00,long,1849.7,1847.124642857143,1847.124642857143,1912.46,2,-4723.720071428312,stop_loss
2020-12-07 16:00:00,2020-12-09 06:00:00,long,1863.585,1856.95,1856.95,1926.0900000000001,2,-12242.901999999984,stop_loss
2020-12-15 12:00:00,2020-12-16 10:00:00,long,1850.46,1856.5160714285714,1856.5160714285714,1902.16,2,13771.506428571589,stop_loss
2020-12-16 10:00:00,2020-12-17 14:00:00,long,1873.3675,1878.76,1878.76,1948.63,4,15916.50300000012,stop_loss
2020-12-17 15:00:00,2020-12-21 11:00:00,long,1893.965,1888.06,1888.06,1973.9799999999998,2,-8870.490999999958,stop_loss
2021-01-04 08:00:00,2021-01-04 17:00:00,long,1931.535,1933.232857142857,1933.232857142857,1988.61,2,3331.874857142696,stop_loss
2021-01-05 08:00:00,2021-01-06 13:00:00,long,1946.11,1949.41,1949.41,2041.71,2,4215.4200000000865,stop_loss
2021-01-08 09:00:00,2021-01-08 10:00:00,short,1896.75,1897.649642857143,1897.649642857143,1859.1799999999996,2,-2549.228000000143,stop_loss
2021-01-08 16:00:00,2021-01-11 09:00:00,short,1854.375,1849.3821428571428,1849.3821428571428,1739.7199999999998,2,5147.635714285821,stop_loss
2021-01-20 17:00:00,2021-01-27 16:00:00,long,1866.98,1833.09,1833.09,1933.9200000000003,1,-32666.571000000098,stop_loss
2021-01-29 12:00:00,2021-01-29 16:00:00,long,1864.83,1857.77,1857.77,1902.47,2,-19930.37999999985,stop_loss
2021-02-04 10:00:00,2021-02-04 15:00:00,short,1816.73,1817.5825,1817.5825,1775.7100000000003,2,-2313.6849999999013,stop_loss
2021-02-04 16:00:00,2021-02-09 10:00:00,short,1785.55,1845.01,1845.01,1667.4699999999998,1,-31448.39400000002,stop_loss
2021-02-09 10:00:00,2021-02-11 18:00:00,long,1844.38,1828.8,1828.8,1874.6999999999998,1,-31231.667999999856,stop_loss
2021-02-12 09:00:00,2021-02-16 14:00:00,short,1812.25,1817.09,1817.09,1756.9699999999998,2,-9630.631999999836,stop_loss
2021-02-16 14:00:00,2021-02-16 15:00:00,short,1801.945,1807.16,1807.16,1769.42,2,-16379.272000000099,stop_loss
2021-02-17 09:00:00,2021-02-17 15:00:00,short,1784.285,1789.7,1789.7,1717.04,2,-8767.96799999994,stop_loss
2021-02-17 15:00:00,2021-02-19 15:00:00,short,1772.875,1778.6200000000001,1778.6200000000001,1683.8000000000002,2,-7091.628000000005,stop_loss
2021-02-22 09:00:00,2021-02-22 16:00:00,long,1799.77,1794.79,1794.79,1862.3099999999997,2,-8581.536000000031,stop_loss
2021-02-22 16:00:00,2021-02-25 17:00:00,long,1805.0,1775.67,1760.6100000000001,1892.9399999999998,1,-19307.93899999995,signal
2021-02-25 17:00:00,2021-02-26 16:00:00,short,1760.31333,1756.744642857143,1756.744642857143,1699.0700000000002,3,8009.212035714152,stop_loss
2021-02-26 16:00:00,2021-02-26 23:00:00,short,1731.365,1732.5014285714285,1732.5014285714285,1607.03,2,-949.3724285713661,stop_loss
2021-03-04 16:00:00,2021-03-04 19:00:00,short,1707.39,1714.39,1714.39,1662.9700000000003,2,-15593.199999999999,stop_loss
2021-03-04 19:00:00,2021-03-09 10:00:00,short,1690.885,1700.14,1700.14,1620.2200000000003,2,-13145.801999999992,stop_loss
2021-03-17 20:00:00,2021-03-18 15:00:00,long,1749.93,1726.22,1726.22,1796.5100000000002,1,-28553.953000000045,stop_loss
2021-03-29 16:00:00,2021-03-31 09:00:00,short,1694.585,1684.877857142857,1684.877857142857,1668.0100000000002,4,49650.094285715146,stop_loss
2021-04-06 16:00:00,2021-04-09 06:00:00,long,1745.325,1751.5896428571427,1751.5896428571427,1779.3599999999997,2,18515.77842857127,stop_loss
2021-04-15 16:00:00,2021-04-15 17:00:00,long,1759.79,1754.77,1754.77,1798.3700000000001,2,-13274.887999999952,stop_loss
2021-04-15 17:00:00,2021-04-16 16:00:00,long,1771.65,1775.0242857142857,1775.0242857142857,1829.24,2,6018.376000000058,stop_loss
2021-04-19 09:00:00,2021-04-19 14:00:00,long,1784.355,1780.16,1780.16,1820.2600000000002,2,-11994.343999999819,stop_loss
2021-04-21 16:00:00,2021-04-28 12:00:00,long,1796.09,1763.5,1763.5,1860.4299999999998,1,-28871.480999999927,stop_loss
2021-05-03 16:00:00,2021-05-06 16:00:00,long,1802.52,1804.8600000000001,1804.8600000000001,1847.7899999999997,2,4711.356000000293,stop_loss
2021-05-06 16:00:00,2021-05-07 15:00:00,long,1825.78,1831.5217857142857,1831.5217857142857,1874.0400000000002,2,10529.28664285711,stop_loss
2021-05-07 15:00:00,2021-05-17 14:00:00,long,1845.05,1848.112142857143,1848.112142857143,1951.8299999999997,2,3066.4298571430445,stop_loss
2021-05-17 16:00:00,2021-05-17 17:00:00,long,1859.665,1854.68,1854.68,1923.7200000000003,2,-8173.405999999836,stop_loss
2021-05-17 17:00:00,2021-05-19 16:00:00,long,1876.995,1877.9942857142858,1877.9942857142858,1954.3799999999997,2,1257.9008571430422,stop_loss
2021-05-19 16:00:00,2021-05-19 21:00:00,long,1889.34,1863.17,1863.17,1940.8399999999997,1,-28580.25699999983,stop_loss
2021-05-25 16:00:00,2021-05-26 05:00:00,long,1895.50667,1907.5699999999997,1900.6374999999998,1907.5699999999997,3,86204.5799999985,take_profit
2021-06-03 12:00:00,2021-06-03 15:00:00,short,1887.525,1888.6739285714286,1888.6739285714286,1860.0199999999995,2,-4085.8197857145833,stop_loss
2021-06-03 15:00:00,2021-06-03 16:00:00,short,1874.86,1875.9607142857144,1875.9607142857144,1827.3799999999999,2,-2355.088285714506,stop_loss
2021-06-03 16:00:00,2021-06-14 16:00:00,short,1861.135,1855.6067857142857,1855.6067857142857,1784.0299999999997,2,7735.077428571427,stop_loss
2021-06-17 13:00:00,2021-06-18 04:00:00,short,1788.435,1783.4775,1783.4775,1669.8299999999997,2,4537.103999999983,stop_loss
2021-06-29 10:00:00,2021-06-29 15:00:00,short,1763.905,1762.892142857143,1762.892142857143,1748.5399999999997,2,4822.4154285707555,stop_loss
2021-06-29 15:00:00,2021-07-02 13:00:00,short,1754.48,1785.77,1785.77,1692.74,1,-29906.981999999964,stop_loss
2021-07-02 13:00:00,2021-07-06 11:00:00,long,1796.555,1803.1225,1803.1225,1824.7599999999998,4,40495.20500000032,stop_loss
2021-07-06 14:00:00,2021-07-08 13:00:00,long,1813.765,1810.1,1810.1,1880.86,2,-6160.132000000131,stop_loss
2021-07-14 13:00:00,2021-07-14 15:00:00,long,1822.065,1822.8971428571429,1822.8971428571429,1848.4900000000002,2,2973.4128571430538,stop_loss
2021-07-14 15:00:00,2021-07-19 09:00:00,long,1828.89,1803.55,1798.57,1888.6899999999998,1,-25127.143999999917,signal
2021-07-19 09:00:00,2021-07-22 15:00:00,short,1799.1,1803.27,1803.27,1746.59,2,-8576.021999999915,stop_loss
2021-07-29 09:00:00,2021-07-30 19:00:00,long,1823.46,1819.02,1819.02,1871.5600000000002,2,-9789.311999999869,stop_loss
2021-08-06 12:00:00,2021-08-06 15:00:00,short,1787.47,1782.8035714285713,1782.8035714285713,1766.63,2,16794.476428571877,stop_loss
2021-08-06 15:00:00,2021-08-06 16:00:00,short,1769.93,1776.2,1776.2,1699.7600000000002,2,-9563.003999999974,stop_loss
2021-08-06 16:00:00,2021-08-09 01:00:00,short,1727.84,1709.637857142857,1709.637857142857,1661.3900000000003,2,20684.91514285734,stop_loss
2021-08-13 12:00:00,2021-08-13 17:00:00,long,1765.63,1767.8057142857142,1767.8057142857142,1792.1300000000003,3,11411.403857142644,stop_loss
2021-08-13 17:00:00,2021-08-16 16:00:00,long,1780.095,1780.320714285714,1780.320714285714,1836.71,2,422.76285714262485,stop_loss
2021-08-16 16:00:00,2021-08-23 15:00:00,long,1793.415,1794.5142857142857,1794.5142857142857,1876.7299999999998,2,1449.738000000074,stop_loss
2021-08-23 15:00:00,2021-08-25 03:00:00,long,1803.99,1800.19,1800.19,1846.91,2,-9618.559999999885,stop_loss
2021-09-03 12:00:00,2021-09-03 15:00:00,long,1818.615,1818.9667857142858,1818.9667857142858,1830.8700000000001,2,2395.238571429323,stop_loss
2021-09-03 16:00:00,2021-09-07 17:00:00,long,1825.16,1804.83,1804.83,1864.9800000000005,1,-30011.14600000023,stop_loss
2021-09-07 17:00:00,2021-09-13 17:00:00,short,1791.85,1796.54,1796.54,1735.9599999999998,2,-8938.201999999888,stop_loss
2021-09-16 12:00:00,2021-09-16 15:00:00,short,1770.135,1769.5578571428573,1769.5578571428573,1741.2100000000003,2,1813.8445714284026,stop_loss
2021-09-16 15:00:00,2021-09-16 16:00:00,short,1757.735,1762.41,1762.41,1695.6100000000001,2,-8043.805000000118,stop_loss
2021-09-16 16:00:00,2021-09-28 13:00:00,short,1746.835,1739.955,1739.955,1666.8099999999997,2,9151.776000000147,stop_loss
2021-09-28 15:00:00,2021-09-30 17:00:00,short,1730.08,1754.52,1754.52,1682.0399999999997,1,-29213.132000000067,stop_loss
2021-10-04 17:00:00,2021-10-05 17:00:00,long,1766.68,1749.74,1749.74,1799.7200000000003,1,-28769.202000000096,stop_loss
2021-10-06 08:00:00,2021-10-06 17:00:00,short,1750.92,1762.99,1762.99,1727.6200000000001,1,-28376.56999999985,stop_loss
2021-10-08 15:00:00,2021-10-11 01:00:00,long,1776.08,1751.94,1751.94,1823.5199999999998,1,-27468.905999999857,stop_loss
2021-10-13 16:00:00,2021-10-14 14:00:00,long,1788.225,1795.7067857142858,1795.7067857142858,1843.5000000000002,2,12877.649571428754,stop_loss
2021-10-14 15:00:00,2021-10-15 10:00:00,long,1799.33,1786.72,1786.72,1823.7099999999998,1,-27468.362999999783,stop_loss
2021-10-22 09:00:00,2021-10-22 15:00:00,long,1799.575,1799.9625,1799.9625,1826.1499999999999,2,1232.0175000005056,stop_loss
2021-10-22 15:00:00,2021-10-29 15:00:00,long,1806.07,1776.5,1776.5,1864.37,1,-26586.38699999994,stop_loss
2021-10-29 15:00:00,2021-11-03 20:00:00,short,1773.565,1769.0525,1769.0525,1720.1399999999996,2,7738.937499999884,stop_loss
2021-11-05 16:00:00,2021-11-08 10:00:00,long,1808.155,1814.5021428571429,1814.5021428571429,1825.8300000000002,2,27620.22685714304,stop_loss
2021-11-08 12:00:00,2021-11-09 15:00:00,long,1821.61,1824.3728571428571,1824.3728571428571,1881.4600000000003,2,4559.266857142811,stop_loss
2021-11-09 15:00:00,2021-11-10 15:00:00,long,1840.025,1842.8389285714286,1842.8389285714286,1865.05,2,8535.208142857287,stop_loss
2021-11-10 15:00:00,2021-11-10 16:00:00,long,1855.855,1850.05,1850.05,1910.9099999999999,2,-10166.877000000111,stop_loss
2021-11-16 10:00:00,2021-11-16 18:00:00,long,1872.36,1856.3500000000001,1856.3500000000001,1903.5399999999995,1,-27040.889999999603,stop_loss
2021-11-19 18:00:00,2021-11-22 12:00:00,short,1850.625,1845.3642857142856,1845.3642857142856,1827.8299999999997,2,19042.73357142883,stop_loss
2021-11-22 12:00:00,2021-11-22 16:00:00,short,1829.215,1828.1389285714288,1828.1389285714288,1787.2099999999998,2,2170.866499999647,stop_loss
2021-11-22 16:00:00,2021-11-23 22:00:00,short,1800.19,1791.1778571428572,1791.1778571428572,1726.0100000000002,4,20471.983714285725,stop_loss
2021-11-30 17:00:00,2021-12-02 16:00:00,short,1777.345,1771.7867857142858,1771.7867857142858,1754.7799999999997,2,20066.26521428561,stop_loss
2021-12-02 19:00:00,2021-12-08 12:00:00,short,1763.1,1792.26,1792.26,1705.6200000000003,1,-27527.039999999863,stop_loss
2021-12-10 09:00:00,2021-12-10 16:00:00,short,1772.78,1787.67,1787.67,1743.8399999999997,1,-27223.387000000184,stop_loss
2021-12-15 17:00:00,2021-12-16 15:00:00,short,1765.9,1789.56,1789.56,1719.4200000000003,1,-26480.271999999837,stop_loss
2021-12-16 17:00:00,2021-12-17 15:00:00,long,1804.82333,1807.2346428571427,1807.2346428571427,1887.37,3,4119.722321428446,stop_loss
2021-12-28 08:00:00,2021-12-29 10:00:00,long,1815.25,1802.89,1802.89,1839.1299999999999,1,-26315.675999999785,stop_loss
2021-12-29 12:00:00,2021-12-29 16:00:00,short,1792.695,1795.49,1795.49,1746.8899999999999,2,-5762.171999999916,stop_loss
2021-12-31 12:00:00,2022-01-03 05:00:00,long,1825.16667,1825.33,1825.33,1866.7100000000005,3,521.9969999997675,stop_loss
2022-01-06 09:00:00,2022-01-07 15:00:00,short,1796.215,1794.616785714286,1794.616785714286,1743.7400000000002,2,2801.030357142544,stop_loss
2022-01-11 17:00:00,2022-01-12 09:00:00,long,1816.01,1817.345,1817.345,1854.4100000000003,2,3143.1240000000853,stop_loss
2022-01-12 16:00:00,2022-01-13 17:00:00,long,1822.21,1814.68,1814.68,1836.43,1,-26181.056999999906,stop_loss
2022-01-18 09:00:00,2022-01-18 14:00:00,short,1813.175,1815.93,1815.93,1802.23,2,-19457.462999999967,stop_loss
2022-01-19 16:00:00,2022-01-19 17:00:00,long,1832.89,1832.2821428571428,1832.2821428571428,1861.13,2,-1740.4165714285691,stop_loss
2022-01-19 17:00:00,2022-01-20 22:00:00,long,1842.71,1838.56,1838.56,1894.3999999999999,2,-7176.17999999996,stop_loss
2022-01-26 20:00:00,2022-01-26 21:00:00,short,1824.115,1828.78,1828.78,1779.3199999999997,2,-9047.300999999929,stop_loss
2022-01-27 14:00:00,2022-01-27 17:00:00,short,1801.72,1806.92,1806.92,1713.74,2,-5326.8800000000465,stop_loss
2022-01-27 17:00:00,2022-01-31 15:00:00,short,1789.52,1796.27,1796.27,1681.7899999999997,2,-5606.55,stop_loss
2022-02-02 17:00:00,2022-02-03 16:00:00,long,1808.79,1794.48,1794.48,1836.57,1,-24189.623999999905,stop_loss
2022-02-04 08:00:00,2022-02-04 15:00:00,long,1810.305,1807.3,1807.3,1843.7999999999997,2,-7592.432999999988,stop_loss
2022-02-07 16:00:00,2022-02-08 15:00:00,long,1817.73,1820.1446428571428,1820.1446428571428,1857.8099999999997,2,5089.584214285553,stop_loss
2022-02-08 15:00:00,2022-02-10 10:00:00,long,1828.435,1832.3585714285714,1832.3585714285714,1887.9299999999996,2,5695.4562857143155,stop_loss
2022-02-11 20:00:00,2022-02-15 10:00:00,long,1864.285,1872.5003571428572,1872.5003571428572,1929.76,2,10548.518571428664,stop_loss
2022-02-17 09:00:00,2022-02-17 10:00:00,long,1881.275,1876.37,1876.37,1939.3499999999997,2,-7290.792000000128,stop_loss
2022-02-17 11:00:00,2022-02-18 03:00:00,long,1894.315,1888.6499999999999,1888.6499999999999,1976.1899999999996,2,-6027.560000000082,stop_loss
2022-02-24 07:00:00,2022-02-24 11:00:00,long,1947.165,1940.76,1940.76,2042.2600000000002,2,-5850.326999999976,stop_loss
2022-02-24 12:00:00,2022-02-24 21:00:00,long,1974.0,1889.59,1889.59,2141.9800000000005,1,-23204.309000000023,stop_loss
2022-03-04 17:00:00,2022-03-04 23:00:00,long,1958.19,1969.74,1923.26,2027.2100000000003,1,7553.699999999971,end_of_data
