datetime,open,high,low,close,volume
2025-01-02 00:00:00-05:00,2645.800048828125,2659.89990234375,2642.60009765625,2656.39990234375,35688
2025-01-02 08:00:00-05:00,2656.39990234375,2674.199951171875,2648.199951171875,2672.60009765625,86636
2025-01-02 16:00:00-05:00,2672.699951171875,2681.0,2669.89990234375,2677.800048828125,20890
2025-01-03 00:00:00-05:00,2677.89990234375,2677.89990234375,2664.300048828125,2669.300048828125,29528
2025-01-03 08:00:00-05:00,2669.10009765625,2670.300048828125,2650.60009765625,2651.89990234375,62213
2025-01-03 16:00:00-05:00,2651.800048828125,2653.800048828125,2649.699951171875,2652.699951171875,2879
2025-01-05 16:00:00-05:00,2652.800048828125,2661.0,2645.199951171875,2647.10009765625,17503
2025-01-06 00:00:00-05:00,2646.699951171875,2663.800048828125,2636.60009765625,2658.10009765625,50525
2025-01-06 08:00:00-05:00,2658.10009765625,2661.699951171875,2624.60009765625,2645.199951171875,93049
2025-01-06 16:00:00-05:00,2645.300048828125,2652.10009765625,2643.5,2648.89990234375,11250
2025-01-07 00:00:00-05:00,2648.89990234375,2665.10009765625,2647.699951171875,2663.89990234375,33823
2025-01-07 08:00:00-05:00,2663.89990234375,2678.5,2653.800048828125,2664.800048828125,107463
2025-01-07 16:00:00-05:00,2664.89990234375,2666.199951171875,2658.39990234375,2659.800048828125,11108
2025-01-08 00:00:00-05:00,2660.0,2669.300048828125,2658.89990234375,2665.699951171875,33225
2025-01-08 08:00:00-05:00,2665.800048828125,2687.0,2663.5,2680.60009765625,127023
2025-01-08 16:00:00-05:00,2680.699951171875,2681.5,2673.699951171875,2677.300048828125,13292
2025-01-09 00:00:00-05:00,2677.199951171875,2692.800048828125,2675.199951171875,2691.800048828125,47110
2025-01-09 08:00:00-05:00,2691.699951171875,2696.800048828125,2681.800048828125,2691.199951171875,72913
2025-01-09 16:00:00-05:00,2691.300048828125,2698.699951171875,2690.699951171875,2695.699951171875,12310
2025-01-10 00:00:00-05:00,2695.60009765625,2711.39990234375,2695.39990234375,2704.89990234375,55058
2025-01-10 08:00:00-05:00,2704.89990234375,2735.0,2686.89990234375,2716.699951171875,201192
2025-01-10 16:00:00-05:00,2716.60009765625,2720.300048828125,2715.5,2717.39990234375,3548
2025-01-12 16:00:00-05:00,2716.800048828125,2723.800048828125,2709.89990234375,2713.89990234375,18527
2025-01-13 00:00:00-05:00,2714.10009765625,2717.300048828125,2683.0,2691.89990234375,64988
2025-01-13 08:00:00-05:00,2691.800048828125,2694.199951171875,2675.199951171875,2680.199951171875,102485
2025-01-13 16:00:00-05:00,2680.10009765625,2689.10009765625,2679.10009765625,2688.60009765625,14132
2025-01-14 00:00:00-05:00,2688.60009765625,2690.300048828125,2677.199951171875,2680.800048828125,34710
2025-01-14 08:00:00-05:00,2680.800048828125,2690.5,2672.0,2690.199951171875,101240
2025-01-14 16:00:00-05:00,2689.89990234375,2695.199951171875,2685.39990234375,2690.5,12587
2025-01-15 00:00:00-05:00,2690.60009765625,2712.300048828125,2689.300048828125,2706.0,42312
2025-01-15 08:00:00-05:00,2706.0,2720.300048828125,2698.0,2719.60009765625,127138
2025-01-15 16:00:00-05:00,2719.800048828125,2731.60009765625,2719.0,2728.0,21932
2025-01-16 00:00:00-05:00,2728.10009765625,2740.5,2720.89990234375,2730.800048828125,49639
2025-01-16 08:00:00-05:00,2730.800048828125,2757.89990234375,2728.10009765625,2747.0,101988
2025-01-16 16:00:00-05:00,2746.89990234375,2748.39990234375,2742.5,2745.10009765625,15229
2025-01-17 00:00:00-05:00,2745.199951171875,2745.699951171875,2729.199951171875,2741.89990234375,42837
2025-01-17 08:00:00-05:00,2741.800048828125,2759.199951171875,2734.10009765625,2739.0,92922
2025-01-17 16:00:00-05:00,2738.89990234375,2740.60009765625,2736.0,2739.800048828125,1684
2025-01-19 16:00:00-05:00,2739.60009765625,2747.800048828125,2731.10009765625,2747.5,14555
2025-01-21 00:00:00-05:00,2745.0,2746.800048828125,2725.5,2737.60009765625,45531
2025-01-21 08:00:00-05:00,2737.5,2762.0,2735.89990234375,2755.800048828125,96404
2025-01-21 16:00:00-05:00,2755.89990234375,2769.300048828125,2755.199951171875,2768.0,15947
2025-01-22 00:00:00-05:00,2768.300048828125,2774.39990234375,2759.5,2770.10009765625,50318
2025-01-22 08:00:00-05:00,2770.0,2774.199951171875,2759.60009765625,2766.60009765625,83862
2025-01-22 16:00:00-05:00,2766.800048828125,2767.199951171875,2758.699951171875,2760.10009765625,15202
2025-01-23 00:00:00-05:00,2760.39990234375,2764.60009765625,2747.199951171875,2751.89990234375,53997
2025-01-23 08:00:00-05:00,2751.699951171875,2767.10009765625,2741.0,2762.0,117195
2025-01-23 16:00:00-05:00,2761.89990234375,2784.89990234375,2759.800048828125,2779.60009765625,27178
2025-01-24 00:00:00-05:00,2779.5,2786.89990234375,2776.300048828125,2785.89990234375,44381
2025-01-24 08:00:00-05:00,2785.89990234375,2794.800048828125,2775.699951171875,2777.699951171875,114368
2025-01-24 16:00:00-05:00,2777.699951171875,2779.0,2776.89990234375,2777.5,1811
2025-01-26 16:00:00-05:00,2778.10009765625,2778.10009765625,2757.60009765625,2763.10009765625,22113
2025-01-27 00:00:00-05:00,2763.199951171875,2776.5,2752.0,2766.39990234375,57730
2025-01-27 08:00:00-05:00,2766.39990234375,2767.300048828125,2732.0,2743.39990234375,127675
2025-01-27 16:00:00-05:00,2743.300048828125,2749.699951171875,2740.800048828125,2744.800048828125,17853
2025-01-28 00:00:00-05:00,2746.199951171875,2749.60009765625,2737.39990234375,2749.300048828125,36286
2025-01-28 08:00:00-05:00,2749.39990234375,2774.0,2749.0,2771.89990234375,111273
2025-01-28 16:00:00-05:00,2771.800048828125,2773.800048828125,2769.0,2770.300048828125,7456
2025-01-29 00:00:00-05:00,2770.300048828125,2775.5,2763.699951171875,2769.300048828125,29396
2025-01-29 08:00:00-05:00,2769.5,2778.10009765625,2761.0,2769.699951171875,85673
2025-01-29 16:00:00-05:00,2769.699951171875,2775.699951171875,2768.5,2770.699951171875,3242
2025-01-30 00:00:00-05:00,2770.800048828125,2822.0,2770.699951171875,2820.699951171875,80628
2025-01-30 08:00:00-05:00,2797.300048828125,2853.199951171875,2797.300048828125,2847.10009765625,114858
2025-01-30 16:00:00-05:00,2847.199951171875,2859.5,2824.5,2849.300048828125,17000
2025-01-31 00:00:00-05:00,2849.10009765625,2851.300048828125,2817.300048828125,2846.10009765625,34304
2025-01-31 08:00:00-05:00,2846.10009765625,2862.89990234375,2804.0,2830.39990234375,101788
2025-01-31 16:00:00-05:00,2830.300048828125,2834.60009765625,2808.0,2831.5,3484
2025-02-02 16:00:00-05:00,2846.5,2861.5,2780.89990234375,2811.800048828125,43017
2025-02-03 00:00:00-05:00,2811.60009765625,2847.699951171875,2791.0,2847.5,35302
2025-02-03 08:00:00-05:00,2847.699951171875,2872.0,2824.0,2857.10009765625,180623
2025-02-03 16:00:00-05:00,2857.0,2858.199951171875,2825.0,2850.300048828125,17867
2025-02-04 00:00:00-05:00,2849.5,2849.89990234375,2816.10009765625,2848.800048828125,35904
2025-02-04 08:00:00-05:00,2848.800048828125,2877.10009765625,2828.0,2874.199951171875,86382
2025-02-04 16:00:00-05:00,2874.199951171875,2886.10009765625,2870.10009765625,2884.300048828125,19241
2025-02-05 00:00:00-05:00,2884.39990234375,2898.89990234375,2882.10009765625,2895.199951171875,40192
2025-02-05 08:00:00-05:00,2895.199951171875,2906.0,2878.800048828125,2882.199951171875,101202
2025-02-05 16:00:00-05:00,2882.10009765625,2893.0,2880.800048828125,2887.300048828125,14500
2025-02-06 00:00:00-05:00,2887.39990234375,2894.199951171875,2870.39990234375,2887.5,45964
2025-02-06 08:00:00-05:00,2887.60009765625,2889.0,2855.0,2881.39990234375,94141
2025-02-06 16:00:00-05:00,2881.39990234375,2892.300048828125,2879.5,2888.60009765625,15780
2025-02-07 00:00:00-05:00,2888.89990234375,2897.699951171875,2882.800048828125,2886.699951171875,37577
2025-02-07 08:00:00-05:00,2886.699951171875,2910.60009765625,2876.10009765625,2887.0,127300
2025-02-07 16:00:00-05:00,2887.10009765625,2889.5,2885.800048828125,2886.10009765625,2108
2025-02-09 16:00:00-05:00,2884.800048828125,2904.60009765625,2879.89990234375,2904.0,19758
2025-02-10 00:00:00-05:00,2904.0,2934.10009765625,2903.0,2928.800048828125,55498
2025-02-10 08:00:00-05:00,2928.89990234375,2938.10009765625,2921.199951171875,2934.800048828125,79290
2025-02-10 16:00:00-05:00,2934.89990234375,2968.5,2933.699951171875,2942.5,48850
2025-02-11 00:00:00-05:00,2942.60009765625,2953.699951171875,2914.89990234375,2917.0,64071
2025-02-11 08:00:00-05:00,2916.60009765625,2935.800048828125,2907.0,2926.0,90173
2025-02-11 16:00:00-05:00,2926.10009765625,2928.39990234375,2908.199951171875,2910.800048828125,27387
2025-02-12 00:00:00-05:00,2910.5,2920.800048828125,2904.10009765625,2911.60009765625,43440
2025-02-12 08:00:00-05:00,2911.60009765625,2936.5,2886.5,2924.5,123091
2025-02-12 16:00:00-05:00,2924.699951171875,2947.699951171875,2924.0,2946.800048828125,25980
2025-02-13 00:00:00-05:00,2946.800048828125,2950.300048828125,2934.89990234375,2946.5,48820
2025-02-13 08:00:00-05:00,2946.5,2958.300048828125,2932.699951171875,2957.199951171875,84790
2025-02-13 16:00:00-05:00,2957.300048828125,2964.0,2951.699951171875,2956.300048828125,17917
2025-02-14 00:00:00-05:00,2956.300048828125,2964.10009765625,2950.300048828125,2954.10009765625,39412
2025-02-14 08:00:00-05:00,2954.199951171875,2955.199951171875,2889.89990234375,2896.5,156459
2025-02-14 16:00:00-05:00,2896.39990234375,2897.300048828125,2893.5,2893.699951171875,2634
2025-02-16 16:00:00-05:00,2895.10009765625,2916.39990234375,2887.60009765625,2910.699951171875,30404
2025-02-18 00:00:00-05:00,2923.89990234375,2932.699951171875,2920.60009765625,2932.0,34527
2025-02-18 08:00:00-05:00,2931.800048828125,2956.5,2927.0,2951.300048828125,75575
2025-02-18 16:00:00-05:00,2951.199951171875,2959.0,2942.300048828125,2945.39990234375,24511
2025-02-19 00:00:00-05:00,2946.0,2964.39990234375,2944.699951171875,2951.10009765625,41962
2025-02-19 08:00:00-05:00,2951.300048828125,2960.0,2933.699951171875,2951.10009765625,85779
2025-02-19 16:00:00-05:00,2951.300048828125,2961.89990234375,2948.60009765625,2958.89990234375,22188
2025-02-20 00:00:00-05:00,2958.199951171875,2973.39990234375,2955.0,2962.800048828125,53695
2025-02-20 08:00:00-05:00,2962.699951171875,2965.199951171875,2939.300048828125,2953.0,90942
2025-02-20 16:00:00-05:00,2952.800048828125,2964.699951171875,2940.0,2941.800048828125,31161
2025-02-21 00:00:00-05:00,2942.39990234375,2950.199951171875,2930.10009765625,2943.60009765625,44871
2025-02-21 08:00:00-05:00,2943.699951171875,2959.800048828125,2935.10009765625,2948.39990234375,77423
2025-02-21 16:00:00-05:00,2948.199951171875,2952.89990234375,2945.800048828125,2949.60009765625,2303
2025-02-23 16:00:00-05:00,2950.39990234375,2957.5,2936.800048828125,2954.199951171875,24470
2025-02-24 00:00:00-05:00,2954.10009765625,2966.39990234375,2948.300048828125,2961.800048828125,40835
2025-02-24 08:00:00-05:00,2961.89990234375,2974.0,2945.5,2964.800048828125,88494
2025-02-24 16:00:00-05:00,2965.0,2970.39990234375,2951.60009765625,2952.699951171875,21108
2025-02-25 00:00:00-05:00,2952.60009765625,2956.800048828125,2936.199951171875,2942.10009765625,54273
2025-02-25 08:00:00-05:00,2942.199951171875,2959.699951171875,2897.0,2925.5,147691
2025-02-25 16:00:00-05:00,2925.39990234375,2942.0,2925.199951171875,2928.0,27725
2025-02-26 00:00:00-05:00,2927.800048828125,2933.699951171875,2918.699951171875,2927.699951171875,35662
2025-02-26 08:00:00-05:00,2927.699951171875,2932.10009765625,2903.300048828125,2930.699951171875,92981
2025-02-26 16:00:00-05:00,2930.800048828125,2935.800048828125,2910.699951171875,2912.89990234375,22359
2025-02-27 00:00:00-05:00,2911.89990234375,2913.10009765625,2889.39990234375,2898.0,70988
2025-02-27 08:00:00-05:00,2897.699951171875,2906.0,2879.0,2884.5,106693
2025-02-27 16:00:00-05:00,2884.699951171875,2896.10009765625,2867.199951171875,2875.39990234375,30337
2025-02-28 00:00:00-05:00,2874.0,2879.300048828125,2862.699951171875,2869.199951171875,47876
2025-02-28 08:00:00-05:00,2869.199951171875,2875.0,2844.10009765625,2864.39990234375,124718
2025-02-28 16:00:00-05:00,2864.60009765625,2869.89990234375,2863.39990234375,2867.300048828125,3291
2025-03-02 16:00:00-05:00,2872.0,2888.5,2866.300048828125,2877.0,29796
2025-03-03 00:00:00-05:00,2876.60009765625,2888.699951171875,2868.800048828125,2886.5,41099
2025-03-03 08:00:00-05:00,2886.39990234375,2904.199951171875,2879.60009765625,2901.300048828125,96001
2025-03-03 16:00:00-05:00,2901.39990234375,2906.39990234375,2892.5,2901.89990234375,25349
2025-03-04 00:00:00-05:00,2901.0,2937.10009765625,2895.199951171875,2936.5,65264
2025-03-04 08:00:00-05:00,2936.60009765625,2939.800048828125,2910.60009765625,2928.699951171875,94620
2025-03-04 16:00:00-05:00,2928.5,2929.800048828125,2912.5,2920.699951171875,23767
2025-03-05 00:00:00-05:00,2920.60009765625,2933.699951171875,2919.199951171875,2926.5,46057
2025-03-05 08:00:00-05:00,2926.60009765625,2941.300048828125,2903.39990234375,2931.60009765625,107577
2025-03-05 16:00:00-05:00,2931.699951171875,2935.89990234375,2924.0,2926.89990234375,15384
2025-03-06 00:00:00-05:00,2926.300048828125,2931.0,2897.60009765625,2910.699951171875,66912
2025-03-06 08:00:00-05:00,2910.5,2931.800048828125,2908.0,2917.39990234375,78050
2025-03-06 16:00:00-05:00,2917.39990234375,2920.60009765625,2905.300048828125,2913.199951171875,21367
2025-03-07 00:00:00-05:00,2913.300048828125,2931.199951171875,2913.0,2925.89990234375,31707
2025-03-07 08:00:00-05:00,2925.89990234375,2938.800048828125,2909.199951171875,2918.199951171875,159750
2025-03-07 16:00:00-05:00,2918.5,2920.199951171875,2916.89990234375,2917.699951171875,1923
2025-03-09 17:00:00-04:00,2919.60009765625,2926.39990234375,2914.0,2917.0,16726
2025-03-10 01:00:00-04:00,2917.0,2922.0,2901.800048828125,2913.300048828125,57284
2025-03-10 09:00:00-04:00,2913.300048828125,2917.5,2885.39990234375,2893.300048828125,129510
2025-03-10 17:00:00-04:00,2893.199951171875,2903.89990234375,2882.5,2901.800048828125,21745
2025-03-11 01:00:00-04:00,2901.800048828125,2922.300048828125,2896.10009765625,2918.39990234375,53903
2025-03-11 09:00:00-04:00,2918.39990234375,2929.0,2912.10009765625,2922.800048828125,98485
2025-03-11 17:00:00-04:00,2922.300048828125,2925.800048828125,2917.300048828125,2920.300048828125,11043
2025-03-12 01:00:00-04:00,2920.300048828125,2931.5,2914.10009765625,2923.5,49253
2025-03-12 09:00:00-04:00,2923.39990234375,2948.89990234375,2911.0,2943.39990234375,125769
2025-03-12 17:00:00-04:00,2943.300048828125,2956.5,2942.39990234375,2953.300048828125,19581
2025-03-13 01:00:00-04:00,2953.199951171875,2958.89990234375,2942.199951171875,2951.800048828125,50796
2025-03-13 09:00:00-04:00,2951.699951171875,3001.5,2947.60009765625,3001.300048828125,163661
2025-03-13 17:00:00-04:00,3001.39990234375,3005.89990234375,2994.800048828125,2998.5,22862
2025-03-14 01:00:00-04:00,2998.5,3017.10009765625,2994.300048828125,3005.5,62493
2025-03-14 09:00:00-04:00,3005.60009765625,3008.0,2988.60009765625,2993.699951171875,88329
2025-03-16 17:00:00-04:00,2994.800048828125,3002.199951171875,2991.5,2991.89990234375,17818
2025-03-17 01:00:00-04:00,2992.0,3009.39990234375,2991.39990234375,2994.39990234375,52947
2025-03-17 09:00:00-04:00,2994.699951171875,3010.89990234375,2993.199951171875,3010.10009765625,66478
2025-03-17 17:00:00-04:00,3009.39990234375,3025.699951171875,3008.199951171875,3023.5,23457
2025-03-18 01:00:00-04:00,3023.5,3044.699951171875,3016.60009765625,3042.800048828125,63487
2025-03-18 09:00:00-04:00,3042.89990234375,3047.5,3031.300048828125,3041.699951171875,84747
2025-03-18 17:00:00-04:00,3041.39990234375,3046.199951171875,3035.0,3043.89990234375,14782
2025-03-19 01:00:00-04:00,3044.0,3052.39990234375,3031.300048828125,3045.39990234375,50546
2025-03-19 09:00:00-04:00,3045.300048828125,3061.60009765625,3033.60009765625,3057.5,76490
2025-03-19 17:00:00-04:00,3058.0,3065.199951171875,3053.699951171875,3060.300048828125,20717
2025-03-20 01:00:00-04:00,3060.300048828125,3062.10009765625,3032.800048828125,3048.89990234375,58983
2025-03-20 09:00:00-04:00,3049.0,3054.5,3037.699951171875,3052.800048828125,56667
2025-03-20 17:00:00-04:00,3052.60009765625,3055.0,3035.5,3037.5,18454
2025-03-21 01:00:00-04:00,3037.60009765625,3045.39990234375,3026.89990234375,3040.800048828125,51784
2025-03-21 09:00:00-04:00,3040.800048828125,3044.10009765625,3004.10009765625,3028.199951171875,115386
2025-03-23 17:00:00-04:00,3027.60009765625,3031.60009765625,3019.199951171875,3023.5,18955
2025-03-24 01:00:00-04:00,3023.39990234375,3038.39990234375,3022.199951171875,3028.800048828125,65082
2025-03-24 09:00:00-04:00,3028.699951171875,3032.800048828125,3007.699951171875,3017.60009765625,115247
2025-03-24 17:00:00-04:00,3017.5,3020.699951171875,3010.800048828125,3019.800048828125,15631
2025-03-25 01:00:00-04:00,3019.800048828125,3031.0,3014.699951171875,3026.60009765625,58553
2025-03-25 09:00:00-04:00,3026.5,3042.39990234375,3022.89990234375,3026.199951171875,91303
2025-03-25 17:00:00-04:00,3025.800048828125,3030.699951171875,3018.5,3019.699951171875,18769
2025-03-26 01:00:00-04:00,3019.699951171875,3036.10009765625,3017.800048828125,3033.0,54422
2025-03-26 09:00:00-04:00,3033.0,3033.39990234375,3018.0,3026.60009765625,91969
2025-03-26 17:00:00-04:00,3025.60009765625,3043.89990234375,3022.300048828125,3039.800048828125,14781
2025-03-27 01:00:00-04:00,3039.89990234375,3065.5,3034.199951171875,3058.10009765625,49316
2025-03-27 09:00:00-04:00,3058.199951171875,3071.300048828125,3040.60009765625,3069.10009765625,57474
2025-03-27 17:00:00-04:00,3069.699951171875,3087.39990234375,3066.800048828125,3083.10009765625,2658
2025-03-28 01:00:00-04:00,3083.699951171875,3122.300048828125,3074.300048828125,3112.89990234375,88592
2025-03-28 09:00:00-04:00,3112.699951171875,3122.39990234375,3072.300048828125,3118.0,101464
2025-03-30 17:00:00-04:00,3118.800048828125,3147.0,3086.0,3145.199951171875,43750
2025-03-31 01:00:00-04:00,3145.0,3160.699951171875,3114.699951171875,3158.300048828125,65456
2025-03-31 09:00:00-04:00,3158.0,3162.0,3104.0,3157.39990234375,94594
2025-03-31 17:00:00-04:00,3157.300048828125,3177.0,3129.5,3174.0,33638
2025-04-01 01:00:00-04:00,3174.0,3176.89990234375,3129.5,3164.89990234375,67019
2025-04-01 09:00:00-04:00,3164.800048828125,3168.0,3104.0,3148.5,89364
2025-04-01 17:00:00-04:00,3147.5,3163.800048828125,3117.39990234375,3146.60009765625,25488
2025-04-02 01:00:00-04:00,3146.699951171875,3167.0,3122.0,3160.5,62104
2025-04-02 09:00:00-04:00,3160.39990234375,3201.60009765625,3123.60009765625,3190.300048828125,125078
2025-04-02 17:00:00-04:00,3196.60009765625,3196.60009765625,3129.89990234375,3162.39990234375,65745
2025-04-03 01:00:00-04:00,3162.5,3162.800048828125,3060.300048828125,3097.300048828125,132150
2025-04-03 09:00:00-04:00,3097.0,3159.5,3052.0,3138.10009765625,148770
2025-04-03 17:00:00-04:00,3138.0,3138.800048828125,3090.0,3120.5,25254
2025-04-04 01:00:00-04:00,3120.300048828125,3160.199951171875,3065.5,3090.60009765625,115175
2025-04-04 09:00:00-04:00,3090.199951171875,3107.0,3011.0,3056.10009765625,166788
2025-04-06 17:00:00-04:00,3055.10009765625,3084.39990234375,2965.0,3052.300048828125,89142
2025-04-07 01:00:00-04:00,3052.0,3064.5,3007.0,3048.5,79278
2025-04-07 09:00:00-04:00,3048.5,3056.300048828125,2949.699951171875,2998.800048828125,135187
2025-04-07 17:00:00-04:00,2997.5,3018.89990234375,2993.10009765625,3016.699951171875,29668
2025-04-08 01:00:00-04:00,3016.60009765625,3036.5,2991.60009765625,3017.0,63046
2025-04-08 09:00:00-04:00,3017.0,3037.89990234375,2973.300048828125,2998.300048828125,97228
2025-04-08 17:00:00-04:00,2998.300048828125,3031.300048828125,2965.800048828125,3029.0,44303
2025-04-09 01:00:00-04:00,3028.699951171875,3091.5,3010.800048828125,3064.0,106703
2025-04-09 09:00:00-04:00,3064.10009765625,3118.5,3054.199951171875,3099.800048828125,134906
2025-04-09 17:00:00-04:00,3099.10009765625,3148.10009765625,3072.10009765625,3141.5,40461
2025-04-10 01:00:00-04:00,3141.89990234375,3152.0,3103.300048828125,3139.800048828125,67274
2025-04-10 09:00:00-04:00,3139.800048828125,3195.0,3116.699951171875,3194.199951171875,116324
2025-04-10 17:00:00-04:00,3194.199951171875,3241.5,3182.10009765625,3226.800048828125,44587
2025-04-11 01:00:00-04:00,3226.89990234375,3255.89990234375,3189.199951171875,3251.10009765625,92123
2025-04-11 09:00:00-04:00,3251.300048828125,3263.0,3218.10009765625,3254.89990234375,95295
2025-04-13 17:00:00-04:00,3246.0,3261.60009765625,3215.5,3242.39990234375,35878
2025-04-14 01:00:00-04:00,3242.300048828125,3253.800048828125,3200.800048828125,3223.300048828125,71009
2025-04-14 09:00:00-04:00,3223.199951171875,3232.60009765625,3194.5,3226.800048828125,76190
2025-04-14 17:00:00-04:00,3226.10009765625,3249.0,3216.0,3248.10009765625,20696
2025-04-15 01:00:00-04:00,3248.39990234375,3248.39990234375,3214.0,3238.199951171875,44164
2025-04-15 09:00:00-04:00,3238.199951171875,3250.89990234375,3228.0,3246.89990234375,51851
2025-04-15 17:00:00-04:00,3248.39990234375,3305.10009765625,3245.199951171875,3300.5,52336
2025-04-16 01:00:00-04:00,3300.60009765625,3334.199951171875,3300.60009765625,3323.10009765625,92887
2025-04-16 09:00:00-04:00,3323.10009765625,3358.39990234375,3312.60009765625,3357.699951171875,101189
2025-04-16 17:00:00-04:00,3357.5,3371.89990234375,3333.10009765625,3353.800048828125,55152
2025-04-17 01:00:00-04:00,3353.699951171875,3357.39990234375,3325.5,3341.5,66979
2025-04-17 09:00:00-04:00,3341.60009765625,3346.300048828125,3296.39990234375,3341.300048828125,107255
2025-04-20 17:00:00-04:00,3347.0,3397.60009765625,3344.0,3388.60009765625,58214
2025-04-21 01:00:00-04:00,3388.5,3427.5,3387.800048828125,3426.60009765625,71102
2025-04-21 09:00:00-04:00,3426.60009765625,3442.300048828125,3416.89990234375,3435.10009765625,105207
2025-04-21 17:00:00-04:00,3435.10009765625,3504.199951171875,3423.89990234375,3493.89990234375,86963
2025-04-22 01:00:00-04:00,3494.0,3509.89990234375,3435.5,3442.89990234375,132103
2025-04-22 09:00:00-04:00,3443.10009765625,3462.0,3379.10009765625,3392.0,184023
2025-04-22 17:00:00-04:00,3367.699951171875,3396.0,3316.0,3356.199951171875,77427
2025-04-23 01:00:00-04:00,3356.300048828125,3359.5,3302.60009765625,3322.199951171875,109050
2025-04-23 09:00:00-04:00,3322.0,3325.5,3270.800048828125,3301.5,161751
2025-04-23 17:00:00-04:00,3301.800048828125,3377.0,3301.300048828125,3337.39990234375,71169
2025-04-24 01:00:00-04:00,3337.300048828125,3356.699951171875,3325.300048828125,3347.300048828125,68632
2025-04-24 09:00:00-04:00,3347.39990234375,3361.89990234375,3316.89990234375,3361.300048828125,89476
2025-04-24 17:00:00-04:00,3362.0,3384.10009765625,3326.89990234375,3334.89990234375,46806
2025-04-25 01:00:00-04:00,3335.10009765625,3337.39990234375,3296.0,3302.60009765625,82690
2025-04-25 09:00:00-04:00,3302.89990234375,3331.5,3274.800048828125,3330.199951171875,95383
2025-04-27 17:00:00-04:00,3336.5,3348.199951171875,3278.0,3309.60009765625,61357
2025-04-28 01:00:00-04:00,3309.60009765625,3313.800048828125,3282.60009765625,3306.699951171875,55643
2025-04-28 09:00:00-04:00,3306.60009765625,3363.800048828125,3297.0,3354.800048828125,97050
2025-04-28 17:00:00-04:00,3354.89990234375,3359.300048828125,3316.800048828125,3319.60009765625,38385
2025-04-29 01:00:00-04:00,3319.800048828125,3334.800048828125,3309.60009765625,3322.60009765625,50258
2025-04-29 09:00:00-04:00,3322.60009765625,3340.5,3309.199951171875,3327.60009765625,74105
2025-04-29 17:00:00-04:00,3324.5,3337.60009765625,3310.699951171875,3317.39990234375,25133
2025-04-30 01:00:00-04:00,3317.300048828125,3324.300048828125,3275.60009765625,3307.89990234375,80192
2025-04-30 09:00:00-04:00,3308.10009765625,3330.10009765625,3293.89990234375,3299.199951171875,96863
2025-04-30 17:00:00-04:00,3299.0,3300.60009765625,3228.300048828125,3234.5,54321
2025-05-01 01:00:00-04:00,3234.300048828125,3251.800048828125,3209.39990234375,3234.39990234375,71616
2025-05-01 09:00:00-04:00,3234.5,3249.0,3212.199951171875,3248.300048828125,80860
2025-05-01 17:00:00-04:00,3247.60009765625,3267.39990234375,3234.5,3260.39990234375,27852
2025-05-02 01:00:00-04:00,3260.39990234375,3277.0,3254.60009765625,3257.60009765625,62975
2025-05-02 09:00:00-04:00,3257.300048828125,3273.199951171875,3229.5,3247.39990234375,114033
2025-05-04 17:00:00-04:00,3247.10009765625,3280.60009765625,3243.10009765625,3264.300048828125,37819
2025-05-05 01:00:00-04:00,3264.199951171875,3331.699951171875,3262.0,3328.60009765625,70635
2025-05-05 09:00:00-04:00,3328.39990234375,3346.699951171875,3314.0,3343.5,73660
2025-05-05 17:00:00-04:00,3345.699951171875,3395.0,3332.10009765625,3371.39990234375,71484
2025-05-06 01:00:00-04:00,3371.300048828125,3400.39990234375,3357.39990234375,3399.300048828125,75372
2025-05-06 09:00:00-04:00,3399.5,3444.5,3386.89990234375,3441.800048828125,111475
2025-05-06 17:00:00-04:00,3448.10009765625,3448.199951171875,3367.0,3390.199951171875,67054
2025-05-07 01:00:00-04:00,3390.39990234375,3405.800048828125,3376.89990234375,3399.199951171875,58143
2025-05-07 09:00:00-04:00,3398.800048828125,3406.60009765625,3371.199951171875,3372.60009765625,125655
2025-05-07 17:00:00-04:00,3373.10009765625,3422.0,3371.300048828125,3388.199951171875,53364
2025-05-08 01:00:00-04:00,3388.10009765625,3390.699951171875,3325.39990234375,3362.0,102090
2025-05-08 09:00:00-04:00,3362.0,3375.699951171875,3293.300048828125,3310.39990234375,141367
2025-05-08 17:00:00-04:00,3310.199951171875,3333.199951171875,3278.89990234375,3330.39990234375,61363
2025-05-09 01:00:00-04:00,3330.10009765625,3342.800048828125,3317.300048828125,3338.5,57084
2025-05-09 09:00:00-04:00,3338.39990234375,3352.699951171875,3324.699951171875,3329.10009765625,87345
2025-05-11 17:00:00-04:00,3281.0,3295.5,3251.5,3282.699951171875,62659
2025-05-12 01:00:00-04:00,3282.699951171875,3285.199951171875,3211.199951171875,3237.199951171875,115011
2025-05-12 09:00:00-04:00,3237.300048828125,3253.0,3223.89990234375,3241.800048828125,109600
2025-05-12 17:00:00-04:00,3240.699951171875,3258.199951171875,3220.10009765625,3257.0,38360
2025-05-13 01:00:00-04:00,3257.199951171875,3270.39990234375,3241.60009765625,3246.39990234375,64453
2025-05-13 09:00:00-04:00,3249.0,3262.10009765625,3229.5,3254.5,94440
2025-05-13 17:00:00-04:00,3254.10009765625,3261.300048828125,3225.89990234375,3227.800048828125,37757
2025-05-14 01:00:00-04:00,3227.89990234375,3248.199951171875,3187.699951171875,3188.5,91287
2025-05-14 09:00:00-04:00,3188.60009765625,3202.10009765625,3170.699951171875,3180.699951171875,99369
2025-05-14 17:00:00-04:00,3180.699951171875,3195.60009765625,3138.300048828125,3141.300048828125,50122
2025-05-15 01:00:00-04:00,3141.5,3193.39990234375,3123.300048828125,3192.300048828125,99229
2025-05-15 09:00:00-04:00,3192.300048828125,3244.300048828125,3188.300048828125,3243.89990234375,98931
2025-05-15 17:00:00-04:00,3243.5,3255.800048828125,3209.199951171875,3223.0,54167
2025-05-16 01:00:00-04:00,3222.800048828125,3234.10009765625,3156.39990234375,3180.0,104445
2025-05-16 09:00:00-04:00,3180.10009765625,3208.699951171875,3168.5,3205.300048828125,76422
2025-05-18 17:00:00-04:00,3220.0,3252.89990234375,3209.10009765625,3218.39990234375,55919
2025-05-19 01:00:00-04:00,3218.60009765625,3251.800048828125,3217.699951171875,3231.89990234375,57042
2025-05-19 09:00:00-04:00,3231.699951171875,3244.89990234375,3219.699951171875,3232.199951171875,68625
2025-05-19 17:00:00-04:00,3233.0,3235.800048828125,3207.39990234375,3219.5,39315
2025-05-20 01:00:00-04:00,3219.5,3254.10009765625,3209.699951171875,3245.39990234375,68729
2025-05-20 09:00:00-04:00,3245.300048828125,3298.5,3235.199951171875,3292.60009765625,111766
2025-05-20 17:00:00-04:00,3293.0,3316.800048828125,3287.0,3304.199951171875,51823
2025-05-21 01:00:00-04:00,3304.199951171875,3322.5,3291.5,3304.300048828125,75863
2025-05-21 09:00:00-04:00,3304.60009765625,3327.199951171875,3297.300048828125,3316.60009765625,90111
2025-05-21 17:00:00-04:00,3318.0,3346.800048828125,3316.300048828125,3339.60009765625,37438
2025-05-22 01:00:00-04:00,3339.699951171875,3340.60009765625,3282.199951171875,3303.60009765625,96583
2025-05-22 09:00:00-04:00,3303.699951171875,3316.0,3277.800048828125,3295.10009765625,94944
2025-05-22 17:00:00-04:00,3295.10009765625,3316.0,3285.5,3313.0,34675
2025-05-23 01:00:00-04:00,3313.199951171875,3361.0,3311.89990234375,3357.60009765625,92998
2025-05-23 09:00:00-04:00,3357.699951171875,3366.5,3336.199951171875,3357.699951171875,108783
2025-05-25 17:00:00-04:00,3355.60009765625,3356.0,3329.300048828125,3348.60009765625,32466
2025-05-26 01:00:00-04:00,3348.800048828125,3350.800048828125,3322.89990234375,3334.199951171875,37350
2025-05-26 09:00:00-04:00,3334.300048828125,3343.800048828125,3331.10009765625,3342.199951171875,19758
2025-05-26 17:00:00-04:00,3342.800048828125,3349.699951171875,3330.0,3330.300048828125,27503
2025-05-27 01:00:00-04:00,3330.300048828125,3332.10009765625,3286.10009765625,3292.10009765625,98993
2025-05-27 09:00:00-04:00,3292.300048828125,3306.89990234375,3283.0,3299.699951171875,75541
2025-05-27 17:00:00-04:00,3300.89990234375,3314.89990234375,3289.89990234375,3295.199951171875,16315
2025-05-28 01:00:00-04:00,3294.800048828125,3324.5,3294.800048828125,3310.89990234375,44781
2025-05-28 09:00:00-04:00,3310.800048828125,3315.5,3273.5,3284.39990234375,54162
2025-05-28 17:00:00-04:00,3283.699951171875,3290.300048828125,3242.39990234375,3266.5,5385
2025-05-29 01:00:00-04:00,3266.699951171875,3342.300048828125,3263.300048828125,3341.300048828125,132577
2025-05-29 09:00:00-04:00,3341.5,3356.300048828125,3305.60009765625,3342.60009765625,87076
2025-05-29 17:00:00-04:00,3343.199951171875,3347.0,3314.60009765625,3319.5,32272
2025-05-30 01:00:00-04:00,3319.5,3331.5,3306.800048828125,3328.800048828125,63974
2025-05-30 09:00:00-04:00,3328.5,3332.89990234375,3294.800048828125,3313.10009765625,84229
2025-06-01 17:00:00-04:00,3323.0,3341.89990234375,3319.39990234375,3337.699951171875,29516
2025-06-02 01:00:00-04:00,3337.60009765625,3388.89990234375,3337.60009765625,3380.10009765625,73452
2025-06-02 09:00:00-04:00,3380.10009765625,3408.10009765625,3374.5,3406.39990234375,72507
2025-06-02 17:00:00-04:00,3406.5,3417.800048828125,3383.39990234375,3386.89990234375,38314
2025-06-03 01:00:00-04:00,3387.10009765625,3392.800048828125,3371.0,3383.60009765625,52262
2025-06-03 09:00:00-04:00,3383.699951171875,3387.0,3357.199951171875,3376.89990234375,67878
2025-06-03 17:00:00-04:00,3377.800048828125,3397.10009765625,3369.699951171875,3378.39990234375,32406
2025-06-04 01:00:00-04:00,3378.39990234375,3389.0,3366.89990234375,3383.0,59710
2025-06-04 09:00:00-04:00,3383.199951171875,3409.699951171875,3375.10009765625,3397.39990234375,71248
2025-06-04 17:00:00-04:00,3398.0,3407.699951171875,3386.89990234375,3391.60009765625,26761
2025-06-05 01:00:00-04:00,3391.60009765625,3427.699951171875,3384.5,3405.10009765625,72986
2025-06-05 09:00:00-04:00,3405.699951171875,3412.60009765625,3362.300048828125,3376.10009765625,118661
2025-06-05 17:00:00-04:00,3377.39990234375,3397.300048828125,3375.89990234375,3396.300048828125,23126
2025-06-06 01:00:00-04:00,3396.0,3398.300048828125,3365.60009765625,3376.199951171875,56061
2025-06-06 09:00:00-04:00,3375.699951171875,3384.300048828125,3328.800048828125,3331.0,100719
2025-06-08 17:00:00-04:00,3333.39990234375,3341.0,3313.10009765625,3331.800048828125,36387
2025-06-09 01:00:00-04:00,3331.89990234375,3349.800048828125,3329.5,3341.39990234375,42623
2025-06-09 09:00:00-04:00,3341.199951171875,3359.0,3331.5,3346.699951171875,58093
2025-06-09 17:00:00-04:00,3346.300048828125,3354.89990234375,3321.300048828125,3326.800048828125,31168
2025-06-10 01:00:00-04:00,3326.800048828125,3363.60009765625,3326.10009765625,3358.10009765625,59726
2025-06-10 09:00:00-04:00,3358.199951171875,3370.39990234375,3340.10009765625,3344.800048828125,65000
2025-06-10 17:00:00-04:00,3344.300048828125,3364.39990234375,3335.39990234375,3363.10009765625,28460
2025-06-11 01:00:00-04:00,3363.199951171875,3382.300048828125,3345.699951171875,3357.300048828125,74486
2025-06-11 09:00:00-04:00,3357.300048828125,3376.60009765625,3339.39990234375,3376.0,93579
2025-06-11 17:00:00-04:00,3377.5,3398.39990234375,3376.300048828125,3390.800048828125,35471
2025-06-12 01:00:00-04:00,3390.60009765625,3411.39990234375,3358.5,3409.199951171875,88814
2025-06-12 09:00:00-04:00,3409.0,3419.800048828125,3398.10009765625,3406.39990234375,93637
2025-06-12 17:00:00-04:00,3406.699951171875,3467.0,3399.60009765625,3447.300048828125,83852
2025-06-13 01:00:00-04:00,3447.199951171875,3458.89990234375,3428.300048828125,3457.10009765625,77398
2025-06-13 09:00:00-04:00,3457.0,3468.0,3439.199951171875,3452.60009765625,100498
2025-06-15 17:00:00-04:00,3473.0,3476.300048828125,3444.0,3446.5,44888
2025-06-16 01:00:00-04:00,3446.60009765625,3449.699951171875,3428.89990234375,3435.300048828125,52308
2025-06-16 09:00:00-04:00,3435.199951171875,3438.10009765625,3400.89990234375,3404.300048828125,90999
2025-06-16 17:00:00-04:00,3404.199951171875,3422.699951171875,3391.300048828125,3412.800048828125,43093
2025-06-17 01:00:00-04:00,3413.199951171875,3419.0,3393.699951171875,3405.300048828125,59914
2025-06-17 09:00:00-04:00,3405.5,3416.39990234375,3384.39990234375,3406.5,98184
2025-06-17 17:00:00-04:00,3409.0,3419.0,3388.800048828125,3413.699951171875,28293
2025-06-18 01:00:00-04:00,3413.89990234375,3414.300048828125,3393.5,3405.5,53504
2025-06-18 09:00:00-04:00,3405.39990234375,3415.800048828125,3380.10009765625,3387.300048828125,91310
2025-06-18 17:00:00-04:00,3387.0,3405.199951171875,3386.699951171875,3391.89990234375,19911
2025-06-19 01:00:00-04:00,3392.10009765625,3396.89990234375,3363.60009765625,3384.699951171875,68341
2025-06-19 09:00:00-04:00,3384.800048828125,3392.199951171875,3376.699951171875,3387.39990234375,38482
2025-06-19 17:00:00-04:00,3386.39990234375,3387.199951171875,3361.10009765625,3370.60009765625,161651
2025-06-20 01:00:00-04:00,3370.60009765625,3375.60009765625,3356.199951171875,3360.10009765625,52143
2025-06-20 09:00:00-04:00,3360.10009765625,3390.800048828125,3358.5,3384.39990234375,63520
2025-06-22 17:00:00-04:00,3400.699951171875,3413.800048828125,3367.5,3373.5,42040
2025-06-23 01:00:00-04:00,3373.699951171875,3397.89990234375,3361.39990234375,3375.60009765625,51588
2025-06-23 09:00:00-04:00,3378.5,3410.10009765625,3377.5,3384.39990234375,95674
2025-06-23 17:00:00-04:00,3383.800048828125,3385.0,3347.0,3362.699951171875,38197
2025-06-24 01:00:00-04:00,3362.5,3363.0,3318.0,3328.300048828125,96562
2025-06-24 09:00:00-04:00,3328.300048828125,3339.199951171875,3308.300048828125,3338.5,80050
2025-06-24 17:00:00-04:00,3338.10009765625,3349.5,3334.60009765625,3341.300048828125,18355
2025-06-25 01:00:00-04:00,3341.300048828125,3351.300048828125,3331.89990234375,3334.39990234375,47079
2025-06-25 09:00:00-04:00,3334.39990234375,3350.300048828125,3325.5,3346.39990234375,60523
2025-06-25 17:00:00-04:00,3347.5,3357.0,3342.60009765625,3347.89990234375,21560
2025-06-26 01:00:00-04:00,3347.699951171875,3363.89990234375,3337.5,3338.300048828125,52371
2025-06-26 09:00:00-04:00,3334.199951171875,3349.800048828125,3322.5,3341.60009765625,76988
2025-06-26 17:00:00-04:00,3341.300048828125,3341.39990234375,3303.800048828125,3306.300048828125,36517
2025-06-27 01:00:00-04:00,3306.300048828125,3313.10009765625,3279.800048828125,3281.300048828125,82520
2025-06-27 09:00:00-04:00,3281.0,3295.0,3266.5,3286.10009765625,91045
2025-06-29 17:00:00-04:00,3284.300048828125,3297.60009765625,3250.5,3296.800048828125,38192
2025-06-30 01:00:00-04:00,3296.89990234375,3307.89990234375,3285.60009765625,3293.60009765625,45243
2025-06-30 09:00:00-04:00,3293.5,3321.60009765625,3289.60009765625,3315.0,57606
2025-06-30 17:00:00-04:00,3315.699951171875,3335.5,3313.699951171875,3335.10009765625,22749
2025-07-01 01:00:00-04:00,3335.10009765625,3370.5,3335.10009765625,3366.60009765625,66117
2025-07-01 09:00:00-04:00,3366.60009765625,3367.800048828125,3348.199951171875,3349.89990234375,71811
2025-07-01 17:00:00-04:00,3350.0,3354.800048828125,3338.39990234375,3349.800048828125,22716
2025-07-02 01:00:00-04:00,3349.800048828125,3361.89990234375,3337.199951171875,3357.39990234375,45875
2025-07-02 09:00:00-04:00,3357.199951171875,3371.0,3344.199951171875,3368.699951171875,58124
2025-07-02 17:00:00-04:00,3369.0,3376.89990234375,3352.39990234375,3358.800048828125,18758
2025-07-03 09:00:00-04:00,3335.0,3348.5,3332.39990234375,3344.10009765625,46887
2025-07-03 17:00:00-04:00,3349.300048828125,3352.5,3349.0,3351.10009765625,15885
2025-07-04 01:00:00-04:00,3351.10009765625,3355.0,3341.10009765625,3343.699951171875,29758
2025-07-04 09:00:00-04:00,3343.699951171875,3348.199951171875,3340.60009765625,3346.5,14274
2025-07-06 17:00:00-04:00,3344.5,3352.89990234375,3313.5,3316.300048828125,35118
2025-07-07 01:00:00-04:00,3316.5,3324.300048828125,3304.39990234375,3318.39990234375,68727
2025-07-07 09:00:00-04:00,3318.300048828125,3350.300048828125,3315.300048828125,3346.39990234375,66504
2025-07-07 17:00:00-04:00,3348.89990234375,3355.60009765625,3337.10009765625,3339.39990234375,19442
2025-07-08 01:00:00-04:00,3339.39990234375,3349.5,3329.199951171875,3337.5,45318
2025-07-08 09:00:00-04:00,3337.800048828125,3338.10009765625,3295.39990234375,3311.0,133756
2025-07-08 17:00:00-04:00,3310.60009765625,3316.5,3293.300048828125,3302.10009765625,26480
2025-07-09 01:00:00-04:00,3302.300048828125,3306.199951171875,3290.199951171875,3305.0,47117
2025-07-09 09:00:00-04:00,3305.0,3325.5,3299.89990234375,3322.5,80576
2025-07-09 17:00:00-04:00,3322.199951171875,3334.699951171875,3321.39990234375,3330.39990234375,22659
2025-07-10 01:00:00-04:00,3330.39990234375,3339.39990234375,3326.800048828125,3332.89990234375,48274
2025-07-10 09:00:00-04:00,3332.89990234375,3339.0,3319.199951171875,3333.0,75247
2025-07-10 17:00:00-04:00,3333.10009765625,3347.199951171875,3332.300048828125,3342.300048828125,27433
2025-07-11 01:00:00-04:00,3342.60009765625,3369.199951171875,3341.800048828125,3367.0,74465
2025-07-11 09:00:00-04:00,3367.10009765625,3381.60009765625,3361.699951171875,3370.60009765625,102012
2025-07-13 17:00:00-04:00,3371.199951171875,3376.0,3369.300048828125,3373.89990234375,0
2025-07-14 01:00:00-04:00,3373.800048828125,3386.39990234375,3357.800048828125,3358.60009765625,57000
2025-07-14 09:00:00-04:00,3358.699951171875,3367.0,3348.5,3352.10009765625,88352
2025-07-14 17:00:00-04:00,3352.0,3370.800048828125,3349.60009765625,3369.5,20617
2025-07-15 01:00:00-04:00,3369.89990234375,3375.39990234375,3355.0,3357.300048828125,55433
2025-07-15 09:00:00-04:00,3357.60009765625,3360.60009765625,3327.300048828125,3330.5,99915
2025-07-15 17:00:00-04:00,3330.5,3345.39990234375,3329.39990234375,3345.10009765625,22565
2025-07-16 01:00:00-04:00,3345.10009765625,3349.800048828125,3337.800048828125,3342.0,47487
2025-07-16 09:00:00-04:00,3341.800048828125,3385.800048828125,3326.10009765625,3354.199951171875,161187
2025-07-16 17:00:00-04:00,3354.699951171875,3358.199951171875,3342.5,3349.0,18351
2025-07-17 01:00:00-04:00,3348.89990234375,3349.10009765625,3314.300048828125,3318.199951171875,73733
2025-07-17 09:00:00-04:00,3318.10009765625,3346.5,3316.10009765625,3345.39990234375,65144
2025-07-17 17:00:00-04:00,3347.5,3350.300048828125,3339.5,3342.699951171875,15217
2025-07-18 01:00:00-04:00,3342.5,3368.0,3337.199951171875,3366.60009765625,47920
2025-07-18 09:00:00-04:00,3366.699951171875,3367.199951171875,3353.300048828125,3355.5,46496
2025-07-20 17:00:00-04:00,3353.0,3365.199951171875,3351.0,3364.10009765625,18430
2025-07-21 01:00:00-04:00,3363.89990234375,3397.10009765625,3363.699951171875,3395.39990234375,66837
2025-07-21 09:00:00-04:00,3395.39990234375,3416.89990234375,3392.699951171875,3410.300048828125,98668
2025-07-21 17:00:00-04:00,3410.699951171875,3416.300048828125,3399.60009765625,3404.5,27452
2025-07-22 01:00:00-04:00,3404.5,3419.800048828125,3394.89990234375,3419.300048828125,65571
2025-07-22 09:00:00-04:00,3419.300048828125,3447.5,3415.699951171875,3444.0,123281
2025-07-22 17:00:00-04:00,3444.300048828125,3451.699951171875,3433.300048828125,3436.699951171875,33196
2025-07-23 01:00:00-04:00,3436.800048828125,3445.800048828125,3429.39990234375,3429.89990234375,71955
2025-07-23 09:00:00-04:00,3429.800048828125,3430.5,3390.60009765625,3397.5,148706
2025-07-23 17:00:00-04:00,3398.60009765625,3401.10009765625,3379.10009765625,3387.39990234375,29763
2025-07-24 01:00:00-04:00,3387.5,3387.699951171875,3356.199951171875,3357.300048828125,74423
2025-07-24 09:00:00-04:00,3357.39990234375,3381.199951171875,3355.199951171875,3371.300048828125,99635
2025-07-24 17:00:00-04:00,3372.10009765625,3376.60009765625,3360.10009765625,3363.10009765625,20673
2025-07-25 01:00:00-04:00,3363.199951171875,3364.699951171875,3336.199951171875,3341.89990234375,65951
2025-07-25 09:00:00-04:00,3341.800048828125,3348.699951171875,3325.5,3338.5,103794
2025-07-27 17:00:00-04:00,3334.39990234375,3344.0,3327.39990234375,3339.60009765625,16837
2025-07-28 01:00:00-04:00,3339.89990234375,3345.39990234375,3325.0,3328.0,54471
2025-07-28 09:00:00-04:00,3328.0,3330.39990234375,3300.0,3314.0,93733
2025-07-28 17:00:00-04:00,3313.39990234375,3318.800048828125,3305.800048828125,3314.39990234375,10564
2025-07-29 01:00:00-04:00,3314.5,3328.0,3309.300048828125,3321.60009765625,39429
2025-07-29 09:00:00-04:00,3321.60009765625,3332.300048828125,3309.89990234375,3325.300048828125,56271
2025-07-29 17:00:00-04:00,3325.800048828125,3330.800048828125,3320.0,3324.300048828125,2202
2025-07-30 01:00:00-04:00,3324.5,3389.300048828125,3320.10009765625,3367.10009765625,67289
2025-07-30 09:00:00-04:00,3367.199951171875,3369.89990234375,3319.199951171875,3327.89990234375,130213
2025-07-30 17:00:00-04:00,3327.5,3348.39990234375,3324.39990234375,3347.89990234375,21103
2025-07-31 01:00:00-04:00,3347.800048828125,3366.699951171875,3344.300048828125,3360.39990234375,60379
2025-07-31 09:00:00-04:00,3360.39990234375,3362.800048828125,3341.89990234375,3342.300048828125,71114
2025-07-31 17:00:00-04:00,3342.699951171875,3347.699951171875,3331.39990234375,3343.199951171875,23140
2025-08-01 01:00:00-04:00,3343.10009765625,3398.60009765625,3336.0,3394.300048828125,76273
2025-08-01 09:00:00-04:00,3394.10009765625,3416.89990234375,3392.0,3416.0,121322
2025-08-03 17:00:00-04:00,3399.800048828125,3417.800048828125,3397.89990234375,3410.699951171875,23758
2025-08-04 01:00:00-04:00,3410.800048828125,3424.5,3405.699951171875,3420.60009765625,42082
2025-08-04 09:00:00-04:00,3420.699951171875,3439.5,3419.699951171875,3428.60009765625,64259
2025-08-04 17:00:00-04:00,3428.89990234375,3435.89990234375,3424.800048828125,3425.0,15461
2025-08-05 01:00:00-04:00,3424.89990234375,3429.199951171875,3403.300048828125,3420.199951171875,55108
2025-08-05 09:00:00-04:00,3420.39990234375,3444.89990234375,3419.800048828125,3435.0,78555
2025-08-05 17:00:00-04:00,3434.89990234375,3440.5,3426.699951171875,3427.0,19020
2025-08-06 01:00:00-04:00,3426.89990234375,3433.699951171875,3411.699951171875,3422.0,48131
2025-08-06 09:00:00-04:00,3422.10009765625,3438.10009765625,3419.60009765625,3431.800048828125,75602
2025-08-06 17:00:00-04:00,3431.800048828125,3447.0,3430.0,3445.0,33782
2025-08-07 01:00:00-04:00,3445.10009765625,3470.300048828125,3438.5,3454.60009765625,98522
2025-08-07 09:00:00-04:00,3454.699951171875,3483.800048828125,3436.0,3482.699951171875,108560
2025-08-07 17:00:00-04:00,3487.89990234375,3534.10009765625,3479.5,3492.5,56002
2025-08-08 01:00:00-04:00,3492.5,3507.10009765625,3468.60009765625,3481.199951171875,97248
2025-08-08 09:00:00-04:00,3481.39990234375,3499.0,3445.0,3491.300048828125,137422
2025-08-10 17:00:00-04:00,3458.10009765625,3491.300048828125,3431.0,3437.0,35362
2025-08-11 01:00:00-04:00,3436.699951171875,3442.699951171875,3397.300048828125,3411.800048828125,86022
2025-08-11 09:00:00-04:00,3411.5,3418.699951171875,3393.0,3393.699951171875,95126
2025-08-11 17:00:00-04:00,3393.60009765625,3408.699951171875,3393.0,3404.60009765625,20480
2025-08-12 01:00:00-04:00,3404.699951171875,3406.5,3384.39990234375,3397.89990234375,67631
2025-08-12 09:00:00-04:00,3397.800048828125,3410.800048828125,3379.10009765625,3399.60009765625,99217
2025-08-12 17:00:00-04:00,3399.60009765625,3405.0,3392.699951171875,3400.800048828125,18777
2025-08-13 01:00:00-04:00,3401.0,3417.699951171875,3394.800048828125,3408.0,51619
2025-08-13 09:00:00-04:00,3407.699951171875,3422.60009765625,3400.199951171875,3407.0,60398
2025-08-13 17:00:00-04:00,3407.199951171875,3423.800048828125,3403.699951171875,3409.199951171875,23633
2025-08-14 01:00:00-04:00,3409.10009765625,3415.0,3389.199951171875,3399.0,60430
2025-08-14 09:00:00-04:00,3398.89990234375,3404.60009765625,3375.5,3382.300048828125,77689
2025-08-14 17:00:00-04:00,3383.199951171875,3392.800048828125,3377.699951171875,3391.0,15924
2025-08-15 01:00:00-04:00,3390.89990234375,3394.800048828125,3379.800048828125,3389.300048828125,45783
2025-08-15 09:00:00-04:00,3389.300048828125,3393.10009765625,3379.300048828125,3382.60009765625,52464
2025-08-17 17:00:00-04:00,3382.39990234375,3403.39990234375,3368.0,3402.800048828125,27810
2025-08-18 01:00:00-04:00,3402.60009765625,3403.60009765625,3388.300048828125,3389.89990234375,38838
2025-08-18 09:00:00-04:00,3389.800048828125,3390.10009765625,3375.300048828125,3378.0,49231
2025-08-18 17:00:00-04:00,3378.0,3384.89990234375,3370.60009765625,3381.60009765625,20626
2025-08-19 01:00:00-04:00,3381.5,3389.699951171875,3378.199951171875,3379.39990234375,35324
2025-08-19 09:00:00-04:00,3379.39990234375,3383.699951171875,3358.10009765625,3358.89990234375,72077
2025-08-19 17:00:00-04:00,3359.0,3363.5,3353.39990234375,3360.800048828125,21547
2025-08-20 01:00:00-04:00,3360.800048828125,3388.60009765625,3360.300048828125,3386.800048828125,52450
2025-08-20 09:00:00-04:00,3386.800048828125,3394.300048828125,3382.300048828125,3392.199951171875,55535
2025-08-20 17:00:00-04:00,3392.199951171875,3394.39990234375,3380.5,3380.800048828125,15400
2025-08-21 01:00:00-04:00,3380.89990234375,3388.0,3367.39990234375,3384.699951171875,48375
2025-08-21 09:00:00-04:00,3384.5,3391.89990234375,3378.89990234375,3383.5,54238
2025-08-21 17:00:00-04:00,3383.300048828125,3385.0,3370.89990234375,3371.39990234375,13832
2025-08-22 01:00:00-04:00,3371.39990234375,3377.800048828125,3362.800048828125,3365.0,41395
2025-08-22 09:00:00-04:00,3365.0,3423.39990234375,3364.800048828125,3418.5,122861
2025-08-24 17:00:00-04:00,3417.60009765625,3418.5,3405.5,3410.39990234375,19963
2025-08-25 01:00:00-04:00,3410.39990234375,3416.5,3406.300048828125,3409.0,28747
2025-08-25 09:00:00-04:00,3409.10009765625,3421.5,3406.300048828125,3410.699951171875,45417
2025-08-25 17:00:00-04:00,3410.800048828125,3434.699951171875,3396.10009765625,3424.60009765625,47816
2025-08-26 01:00:00-04:00,3424.89990234375,3428.300048828125,3412.89990234375,3418.89990234375,47603
2025-08-26 09:00:00-04:00,3419.10009765625,3443.300048828125,3416.89990234375,3443.199951171875,72017
2025-08-26 17:00:00-04:00,3443.0,3444.300048828125,3424.89990234375,3426.0,19725
2025-08-27 01:00:00-04:00,3426.0,3433.89990234375,3422.199951171875,3429.699951171875,47799
2025-08-27 09:00:00-04:00,3429.800048828125,3452.5,3423.699951171875,3451.800048828125,77429
2025-08-27 17:00:00-04:00,3452.60009765625,3453.800048828125,3442.5,3445.10009765625,17696
2025-08-28 01:00:00-04:00,3445.0,3467.300048828125,3443.199951171875,3455.89990234375,52147
2025-08-28 09:00:00-04:00,3455.89990234375,3478.699951171875,3452.10009765625,3476.89990234375,80076
2025-08-28 17:00:00-04:00,3477.199951171875,3479.60009765625,3467.800048828125,3469.60009765625,17113
2025-08-29 01:00:00-04:00,3469.60009765625,3476.199951171875,3463.0,3475.89990234375,40127
2025-08-29 09:00:00-04:00,3476.0,3518.5,3473.39990234375,3516.10009765625,121240
2025-09-01 17:00:00-04:00,3564.300048828125,3568.0,3562.0,3565.89990234375,77066
2025-09-02 01:00:00-04:00,3566.0,3567.300048828125,3537.5,3548.0,73621
2025-09-02 09:00:00-04:00,3548.0,3602.39990234375,3542.10009765625,3599.5,126472
2025-09-02 17:00:00-04:00,3600.0,3616.89990234375,3593.39990234375,3602.300048828125,34145
2025-09-03 01:00:00-04:00,3602.800048828125,3618.60009765625,3592.39990234375,3616.5,58520
2025-09-03 09:00:00-04:00,3616.39990234375,3640.10009765625,3613.300048828125,3619.699951171875,120397
2025-09-03 17:00:00-04:00,3619.800048828125,3621.60009765625,3573.699951171875,3590.199951171875,62768
2025-09-04 01:00:00-04:00,3590.199951171875,3614.300048828125,3581.5,3609.0,59596
2025-09-04 09:00:00-04:00,3609.10009765625,3617.800048828125,3592.199951171875,3602.39990234375,93174
2025-09-04 17:00:00-04:00,3602.0,3618.699951171875,3595.39990234375,3616.699951171875,26355
2025-09-05 01:00:00-04:00,3616.800048828125,3644.89990234375,3601.60009765625,3639.300048828125,78273
2025-09-05 09:00:00-04:00,3639.60009765625,3655.5,3629.5,3639.800048828125,125634
2025-09-07 17:00:00-04:00,3635.0,3653.300048828125,3621.699951171875,3623.39990234375,51619
2025-09-08 01:00:00-04:00,3623.300048828125,3664.89990234375,3622.39990234375,3663.10009765625,64450
2025-09-08 09:00:00-04:00,3663.199951171875,3685.699951171875,3659.800048828125,3677.60009765625,102044
2025-09-08 17:00:00-04:00,3676.60009765625,3695.800048828125,3669.800048828125,3693.39990234375,40412
2025-09-09 01:00:00-04:00,3693.199951171875,3698.89990234375,3676.800048828125,3686.300048828125,64762
2025-09-09 09:00:00-04:00,3686.39990234375,3715.199951171875,3663.699951171875,3663.800048828125,149730
2025-09-09 17:00:00-04:00,3662.0,3680.800048828125,3651.39990234375,3680.0,31419
2025-09-10 01:00:00-04:00,3679.89990234375,3697.5,3677.60009765625,3683.199951171875,66273
2025-09-10 09:00:00-04:00,3683.199951171875,3695.300048828125,3674.60009765625,3680.39990234375,72113
2025-09-10 17:00:00-04:00,3680.60009765625,3687.5,3666.5,3668.300048828125,28370
2025-09-11 01:00:00-04:00,3668.300048828125,3682.0,3651.0,3666.60009765625,93388
2025-09-11 09:00:00-04:00,3666.800048828125,3680.60009765625,3655.5,3673.39990234375,82785
2025-09-11 17:00:00-04:00,3672.800048828125,3695.0,3667.300048828125,3693.5,29075
2025-09-12 01:00:00-04:00,3693.5,3695.5,3675.300048828125,3683.5,58984
2025-09-12 09:00:00-04:00,3683.60009765625,3692.699951171875,3679.300048828125,3680.699951171875,57918
2025-09-14 17:00:00-04:00,3680.199951171875,3686.39990234375,3662.800048828125,3682.800048828125,30166
2025-09-15 01:00:00-04:00,3682.89990234375,3688.39990234375,3671.5,3687.60009765625,52080
2025-09-15 09:00:00-04:00,3687.60009765625,3724.89990234375,3684.0,3719.5,102232
2025-09-15 17:00:00-04:00,3720.300048828125,3728.39990234375,3711.800048828125,3721.10009765625,29861
2025-09-16 01:00:00-04:00,3720.5,3737.60009765625,3717.199951171875,3726.60009765625,61884
2025-09-16 09:00:00-04:00,3726.699951171875,3739.89990234375,3715.199951171875,3727.5,94301
2025-09-16 17:00:00-04:00,3727.300048828125,3732.800048828125,3710.699951171875,3717.10009765625,28203
2025-09-17 01:00:00-04:00,3717.199951171875,3722.699951171875,3695.39990234375,3713.89990234375,65176
2025-09-17 09:00:00-04:00,3714.0,3744.0,3679.5,3694.60009765625,156187
2025-09-17 17:00:00-04:00,3692.5,3705.60009765625,3686.60009765625,3688.300048828125,32726
2025-09-18 01:00:00-04:00,3688.39990234375,3707.300048828125,3667.300048828125,3696.89990234375,79105
2025-09-18 09:00:00-04:00,3696.89990234375,3697.800048828125,3660.5,3678.199951171875,102901
2025-09-18 17:00:00-04:00,3677.699951171875,3692.800048828125,3664.39990234375,3691.5,35424
2025-09-19 01:00:00-04:00,3691.5,3694.10009765625,3675.89990234375,3681.699951171875,53141
2025-09-19 09:00:00-04:00,3681.5,3719.60009765625,3676.199951171875,3705.800048828125,91493
2025-09-21 17:00:00-04:00,3721.300048828125,3733.10009765625,3705.800048828125,3727.5,34948
2025-09-22 01:00:00-04:00,3727.39990234375,3763.10009765625,3727.10009765625,3755.5,79856
2025-09-22 09:00:00-04:00,3755.60009765625,3783.300048828125,3747.10009765625,3781.199951171875,99514
2025-09-22 17:00:00-04:00,3781.199951171875,3795.10009765625,3772.39990234375,3778.800048828125,44126
2025-09-23 01:00:00-04:00,3778.699951171875,3824.60009765625,3777.39990234375,3817.60009765625,97706
2025-09-23 09:00:00-04:00,3817.5,3821.60009765625,3783.89990234375,3796.89990234375,140111
2025-09-23 17:00:00-04:00,3796.89990234375,3803.60009765625,3783.0,3800.60009765625,35457
2025-09-24 01:00:00-04:00,3800.60009765625,3812.60009765625,3792.39990234375,3801.0,60007
2025-09-24 09:00:00-04:00,3800.89990234375,3806.39990234375,3749.699951171875,3768.5,135095
2025-09-24 17:00:00-04:00,3768.300048828125,3782.199951171875,3760.5,3768.10009765625,35521
2025-09-25 01:00:00-04:00,3768.10009765625,3792.300048828125,3760.800048828125,3769.199951171875,92674
2025-09-25 09:00:00-04:00,3769.199951171875,3789.5,3751.89990234375,3780.5,123089
2025-09-25 17:00:00-04:00,3781.5,3783.5,3764.0,3777.10009765625,26278
2025-09-26 01:00:00-04:00,3777.0,3788.0,3768.800048828125,3782.300048828125,54571
2025-09-26 09:00:00-04:00,3782.300048828125,3814.39990234375,3781.199951171875,3809.0,123205
2025-09-28 17:00:00-04:00,3796.800048828125,3837.800048828125,3792.89990234375,3833.60009765625,61127
2025-09-29 01:00:00-04:00,3833.800048828125,3860.60009765625,3830.39990234375,3843.5,92855
2025-09-29 09:00:00-04:00,3843.699951171875,3863.699951171875,3838.60009765625,3862.89990234375,95099
2025-09-29 17:00:00-04:00,3863.10009765625,3895.5,3854.39990234375,3894.89990234375,46719
2025-09-30 01:00:00-04:00,3894.89990234375,3899.199951171875,3820.60009765625,3847.5,127700
2025-09-30 09:00:00-04:00,3847.800048828125,3888.800048828125,3839.699951171875,3887.60009765625,125856
2025-09-30 17:00:00-04:00,3887.699951171875,3904.10009765625,3882.39990234375,3892.60009765625,39646
2025-10-01 01:00:00-04:00,3892.39990234375,3922.699951171875,3880.300048828125,3897.5,108717
2025-10-01 09:00:00-04:00,3897.300048828125,3906.199951171875,3881.39990234375,3892.60009765625,130422
2025-10-01 17:00:00-04:00,3892.699951171875,3895.699951171875,3877.0,3889.199951171875,24865
2025-10-02 01:00:00-04:00,3889.300048828125,3917.5,3886.800048828125,3910.10009765625,62381
2025-10-02 09:00:00-04:00,3909.89990234375,3923.300048828125,3842.800048828125,3880.800048828125,183094
2025-10-02 17:00:00-04:00,3880.39990234375,3888.10009765625,3861.10009765625,3867.199951171875,32344
2025-10-03 01:00:00-04:00,3867.10009765625,3899.5,3867.0,3898.39990234375,59821
2025-10-03 09:00:00-04:00,3898.39990234375,3916.800048828125,3890.699951171875,3908.89990234375,115696
2025-10-05 17:00:00-04:00,3911.199951171875,3964.5,3908.89990234375,3963.199951171875,67425
2025-10-06 01:00:00-04:00,3962.89990234375,3973.699951171875,3947.39990234375,3957.60009765625,90648
2025-10-06 09:00:00-04:00,3957.800048828125,3994.5,3950.60009765625,3984.39990234375,114014
2025-10-07 01:00:00-04:00,3974.39990234375,4003.699951171875,3963.39990234375,4002.89990234375,63528
2025-10-07 09:00:00-04:00,4002.60009765625,4014.60009765625,3983.39990234375,4007.89990234375,142320
2025-10-07 17:00:00-04:00,4007.10009765625,4049.89990234375,4005.60009765625,4049.0,65383
2025-10-08 01:00:00-04:00,4049.0,4071.5,4043.5,4062.10009765625,108255
2025-10-08 09:00:00-04:00,4062.10009765625,4081.0,4047.5,4060.60009765625,157501
2025-10-08 17:00:00-04:00,4061.800048828125,4064.60009765625,4019.199951171875,4057.5,80134
2025-10-09 01:00:00-04:00,4057.5,4073.5,4041.10009765625,4072.89990234375,66419
2025-10-09 09:00:00-04:00,4072.800048828125,4077.89990234375,3957.89990234375,3991.10009765625,292631
2025-10-09 17:00:00-04:00,3990.10009765625,4009.699951171875,3961.199951171875,3979.800048828125,57609
2025-10-10 01:00:00-04:00,3979.800048828125,4020.5,3966.300048828125,4002.0,94992
2025-10-10 09:00:00-04:00,4001.89990234375,4038.60009765625,3986.699951171875,4000.39990234375,193293
2025-10-12 17:00:00-04:00,4018.300048828125,4079.300048828125,4000.39990234375,4073.60009765625,75921
2025-10-13 01:00:00-04:00,4073.5,4105.60009765625,4071.800048828125,4099.2998046875,96570
2025-10-13 09:00:00-04:00,4099.5,4137.2001953125,4097.39990234375,4130.0,123547
2025-10-13 17:00:00-04:00,4130.89990234375,4182.7001953125,4125.89990234375,4181.0,82574
2025-10-14 01:00:00-04:00,4180.7998046875,4190.89990234375,4105.0,4122.7998046875,181229
2025-10-14 09:00:00-04:00,4122.89990234375,4172.10009765625,4113.60009765625,4159.60009765625,128633
2025-10-14 17:00:00-04:00,4160.10009765625,4210.0,4157.2998046875,4198.7998046875,54443
2025-10-15 01:00:00-04:00,4198.7001953125,4235.7998046875,4180.0,4207.0,113723
2025-10-15 09:00:00-04:00,4207.0,4229.60009765625,4196.10009765625,4224.89990234375,127893
2025-10-15 17:00:00-04:00,4225.10009765625,4255.39990234375,4214.5,4246.7001953125,60269
2025-10-16 01:00:00-04:00,4246.60009765625,4266.7998046875,4216.39990234375,4250.39990234375,108244
2025-10-16 09:00:00-04:00,4250.7001953125,4346.7001953125,4249.2001953125,4344.2998046875,191722
2025-10-16 17:00:00-04:00,4348.10009765625,4392.0,4291.2998046875,4388.39990234375,123308
2025-10-17 01:00:00-04:00,4388.2001953125,4390.39990234375,4294.5,4327.0,166748
2025-10-17 09:00:00-04:00,4326.60009765625,4330.0,4196.0,4213.2998046875,244700
2025-10-19 17:00:00-04:00,4269.0,4289.89990234375,4213.2998046875,4279.7998046875,61399
2025-10-20 01:00:00-04:00,4279.2998046875,4344.7001953125,4233.60009765625,4340.89990234375,105776
2025-10-20 09:00:00-04:00,4340.89990234375,4398.0,4308.2998046875,4374.2998046875,162130
2025-10-20 17:00:00-04:00,4371.0,4393.60009765625,4348.39990234375,4358.39990234375,55963
2025-10-21 01:00:00-04:00,4358.2998046875,4360.7001953125,4217.2001953125,4223.39990234375,165945
2025-10-21 09:00:00-04:00,4223.5,4238.89990234375,4093.0,4138.5,292779
2025-10-21 17:00:00-04:00,4137.0,4157.89990234375,4021.199951171875,4141.89990234375,105160
2025-10-22 01:00:00-04:00,4142.39990234375,4175.0,4029.10009765625,4048.89990234375,153460
2025-10-22 09:00:00-04:00,4048.89990234375,4131.39990234375,4025.10009765625,4116.60009765625,193904
2025-10-22 17:00:00-04:00,4114.7998046875,4133.60009765625,4079.60009765625,4104.60009765625,40334
2025-10-23 01:00:00-04:00,4104.2998046875,4152.89990234375,4099.0,4142.2998046875,91363
2025-10-23 09:00:00-04:00,4142.10009765625,4171.5,4123.5,4143.2001953125,127832
2025-10-23 17:00:00-04:00,4144.0,4159.0,4115.5,4124.7001953125,47574
2025-10-24 01:00:00-04:00,4124.89990234375,4131.5,4055.699951171875,4096.10009765625,105483
2025-10-24 09:00:00-04:00,4096.2998046875,4156.0,4093.199951171875,4137.7998046875,135097
2025-10-26 17:00:00-04:00,4103.2001953125,4137.7998046875,4065.800048828125,4081.800048828125,67123
2025-10-27 01:00:00-04:00,4081.5,4098.60009765625,4028.0,4060.10009765625,86900
2025-10-27 09:00:00-04:00,4060.300048828125,4064.800048828125,3985.89990234375,3997.0,169201
2025-10-27 17:00:00-04:00,3999.89990234375,4034.199951171875,3978.0,3988.0,57449
2025-10-28 01:00:00-04:00,3988.300048828125,3995.10009765625,3901.300048828125,3927.0,130531
2025-10-28 09:00:00-04:00,3927.199951171875,3985.699951171875,3926.5,3968.10009765625,139138
2025-10-28 17:00:00-04:00,3967.199951171875,3995.699951171875,3930.0,3965.800048828125,43464
2025-10-29 01:00:00-04:00,3965.60009765625,4046.199951171875,3963.89990234375,4038.800048828125,78499
2025-10-29 09:00:00-04:00,4038.800048828125,4038.89990234375,3940.39990234375,3941.699951171875,151432
2025-10-29 17:00:00-04:00,3942.800048828125,3996.0,3925.10009765625,3985.199951171875,54596
2025-10-30 01:00:00-04:00,3985.5,4024.199951171875,3959.0,3972.60009765625,79657
2025-10-30 09:00:00-04:00,3972.199951171875,4041.5,3970.89990234375,4038.300048828125,101676
2025-10-30 17:00:00-04:00,4038.199951171875,4059.89990234375,4001.89990234375,4018.39990234375,48143
2025-10-31 01:00:00-04:00,4018.0,4049.199951171875,4006.199951171875,4035.300048828125,60598
2025-10-31 09:00:00-04:00,4035.39990234375,4048.5,3982.300048828125,4014.199951171875,119690
2025-11-02 16:00:00-05:00,4001.89990234375,4025.39990234375,3971.300048828125,4013.5,45948
2025-11-03 00:00:00-05:00,4013.800048828125,4038.699951171875,4003.300048828125,4025.300048828125,62381
2025-11-03 08:00:00-05:00,4025.199951171875,4043.10009765625,4006.0,4022.699951171875,110594
2025-11-03 16:00:00-05:00,4022.5,4022.699951171875,3984.199951171875,3995.300048828125,39426
2025-11-04 00:00:00-05:00,3994.60009765625,4011.60009765625,3975.0,3994.699951171875,56911
2025-11-04 08:00:00-05:00,3994.5,4006.800048828125,3937.10009765625,3948.699951171875,141879
2025-11-04 16:00:00-05:00,3948.800048828125,3982.39990234375,3935.699951171875,3977.60009765625,36374
2025-11-05 00:00:00-05:00,3978.800048828125,3997.0,3965.10009765625,3979.300048828125,52136
2025-11-05 08:00:00-05:00,3979.300048828125,4000.699951171875,3972.89990234375,3994.800048828125,80915
2025-11-05 16:00:00-05:00,3995.10009765625,3998.699951171875,3973.199951171875,3997.300048828125,21157
2025-11-06 00:00:00-05:00,3997.0,4028.699951171875,3990.699951171875,4014.5,52792
2025-11-06 08:00:00-05:00,4014.60009765625,4025.5,3973.199951171875,3988.800048828125,104883
2025-11-06 16:00:00-05:00,3989.0,4011.300048828125,3981.60009765625,4005.5,23391
2025-11-07 00:00:00-05:00,4006.0,4022.60009765625,3998.699951171875,4003.300048828125,44098
2025-11-07 08:00:00-05:00,4003.39990234375,4035.800048828125,3991.0,4012.10009765625,128908
2025-11-07 16:00:00-05:00,4011.800048828125,4013.10009765625,4006.300048828125,4008.39990234375,1934
2025-11-09 16:00:00-05:00,4017.800048828125,4065.89990234375,4009.800048828125,4062.89990234375,50098
2025-11-10 00:00:00-05:00,4062.800048828125,4108.7001953125,4058.699951171875,4106.10009765625,64676
2025-11-10 08:00:00-05:00,4105.89990234375,4123.89990234375,4082.39990234375,4118.7998046875,123745
2025-11-10 16:00:00-05:00,4118.89990234375,4155.0,4117.60009765625,4148.89990234375,44805
2025-11-11 00:00:00-05:00,4149.10009765625,4152.39990234375,4131.2001953125,4140.7001953125,50849
2025-11-11 08:00:00-05:00,4140.7998046875,4153.39990234375,4102.7998046875,4135.7001953125,137966
2025-11-11 16:00:00-05:00,4135.60009765625,4151.5,4109.39990234375,4116.5,39084
2025-11-12 00:00:00-05:00,4116.5,4145.89990234375,4104.39990234375,4136.39990234375,56586
2025-11-12 08:00:00-05:00,4136.39990234375,4218.5,4128.7001953125,4201.2998046875,173960
2025-11-12 16:00:00-05:00,4201.2998046875,4223.89990234375,4183.2001953125,4214.60009765625,50656
2025-11-13 00:00:00-05:00,4213.2998046875,4250.0,4206.89990234375,4247.39990234375,72867
2025-11-13 08:00:00-05:00,4247.2001953125,4248.7001953125,4148.5,4168.10009765625,172508
2025-11-13 16:00:00-05:00,4167.89990234375,4215.10009765625,4165.0,4206.2001953125,36039
2025-11-14 00:00:00-05:00,4206.2998046875,4206.60009765625,4109.0,4118.2998046875,95311
2025-11-14 08:00:00-05:00,4117.7998046875,4121.2998046875,4032.60009765625,4088.89990234375,198229
2025-11-14 16:00:00-05:00,4088.60009765625,4094.199951171875,4078.800048828125,4094.199951171875,3721
2025-11-16 16:00:00-05:00,4100.0,4107.60009765625,4070.5,4078.800048828125,38907
2025-11-17 00:00:00-05:00,4079.800048828125,4097.10009765625,4051.10009765625,4078.5,70219
2025-11-17 08:00:00-05:00,4078.60009765625,4093.5,4006.800048828125,4041.199951171875,115567
2025-11-17 16:00:00-05:00,4041.0,4055.39990234375,4002.5,4011.0,41977
2025-11-18 00:00:00-05:00,4010.10009765625,4050.199951171875,3997.39990234375,4031.699951171875,68351
2025-11-18 08:00:00-05:00,4031.89990234375,4083.699951171875,4030.39990234375,4069.800048828125,114303
2025-11-18 16:00:00-05:00,4069.699951171875,4081.300048828125,4056.10009765625,4075.300048828125,23483
2025-11-19 00:00:00-05:00,4075.199951171875,4121.0,4073.89990234375,4115.10009765625,60904
2025-11-19 08:00:00-05:00,4115.0,4134.2998046875,4055.60009765625,4076.5,139108
2025-11-19 16:00:00-05:00,4076.300048828125,4109.60009765625,4034.0,4075.10009765625,46085
2025-11-20 00:00:00-05:00,4074.199951171875,4081.60009765625,4037.39990234375,4081.199951171875,68589
2025-11-20 08:00:00-05:00,4081.39990234375,4106.89990234375,4042.60009765625,4077.300048828125,148646
2025-11-20 16:00:00-05:00,4077.300048828125,4089.39990234375,4045.5,4049.39990234375,29351
2025-11-21 00:00:00-05:00,4050.300048828125,4070.5,4018.10009765625,4064.199951171875,86574
2025-11-21 08:00:00-05:00,4064.5,4101.0,4053.39990234375,4064.5,130792
2025-11-21 16:00:00-05:00,4064.39990234375,4079.5,4052.199951171875,4079.5,4134
2025-11-23 16:00:00-05:00,4068.5,4074.800048828125,4037.199951171875,4039.89990234375,30553
2025-11-24 00:00:00-05:00,4040.800048828125,4081.60009765625,4036.39990234375,4077.89990234375,49807
2025-11-24 08:00:00-05:00,4078.0,4132.89990234375,4066.0,4130.5,132171
2025-11-24 16:00:00-05:00,4130.2998046875,4152.0,4120.5,4138.7998046875,18825
2025-11-25 00:00:00-05:00,4138.5,4172.89990234375,4106.7001953125,4127.10009765625,92593
2025-11-25 08:00:00-05:00,4127.10009765625,4194.0,4106.7998046875,4166.7001953125,286980
2025-11-25 16:00:00-05:00,4129.10009765625,4204.89990234375,4124.39990234375,4197.2998046875,27896
2025-11-26 00:00:00-05:00,4197.5,4209.0,4144.10009765625,4190.39990234375,53267
2025-11-26 08:00:00-05:00,4189.89990234375,4206.60009765625,4132.89990234375,4196.89990234375,102160
2025-11-26 16:00:00-05:00,4196.89990234375,4200.89990234375,4140.0,4182.7001953125,22275
2025-11-28 08:00:00-05:00,4217.60009765625,4251.7001953125,4185.10009765625,4251.39990234375,48166
2025-11-30 16:00:00-05:00,4245.10009765625,4291.7998046875,4214.89990234375,4280.5,53306
2025-12-01 00:00:00-05:00,4280.5,4297.7998046875,4220.2998046875,4280.7998046875,59893
2025-12-01 08:00:00-05:00,4280.60009765625,4299.60009765625,4219.2998046875,4270.7998046875,108440
2025-12-01 16:00:00-05:00,4270.7998046875,4274.10009765625,4199.7001953125,4249.10009765625,36593
2025-12-02 00:00:00-05:00,4249.7001953125,4258.10009765625,4182.10009765625,4239.7998046875,55385
2025-12-02 08:00:00-05:00,4239.7998046875,4262.2001953125,4167.0,4241.60009765625,117656
2025-12-02 16:00:00-05:00,4241.60009765625,4260.10009765625,4206.89990234375,4252.60009765625,23788
2025-12-03 00:00:00-05:00,4253.5,4254.7998046875,4195.7001953125,4244.5,46313
2025-12-03 08:00:00-05:00,4244.5,4273.2998046875,4199.2001953125,4237.2001953125,97564
2025-12-03 16:00:00-05:00,4237.39990234375,4246.89990234375,4211.0,4224.7001953125,25176
2025-12-04 00:00:00-05:00,4225.60009765625,4236.39990234375,4175.0,4219.89990234375,48333
2025-12-04 08:00:00-05:00,4219.89990234375,4251.10009765625,4202.0,4240.2001953125,80901
2025-12-04 16:00:00-05:00,4240.2001953125,4247.0,4204.10009765625,4246.0,23647
2025-12-05 00:00:00-05:00,4246.39990234375,4261.10009765625,4243.60009765625,4259.0,36380
2025-12-05 08:00:00-05:00,4259.0,4290.5,4205.10009765625,4231.60009765625,124236
2025-12-05 16:00:00-05:00,4231.39990234375,4231.7001953125,4194.5,4227.7001953125,3823
2025-12-07 16:00:00-05:00,4228.10009765625,4241.89990234375,4204.7998046875,4236.2998046875,22074
2025-12-08 00:00:00-05:00,4237.0,4247.89990234375,4203.39990234375,4243.2998046875,33253
2025-12-08 08:00:00-05:00,4243.2998046875,4244.39990234375,4195.2998046875,4221.10009765625,86500
2025-12-08 16:00:00-05:00,4221.2001953125,4227.60009765625,4213.60009765625,4216.60009765625,23294
2025-12-09 00:00:00-05:00,4215.89990234375,4242.2998046875,4197.7998046875,4233.39990234375,55187
2025-12-09 08:00:00-05:00,4233.60009765625,4251.7001953125,4218.0,4240.7998046875,92869
2025-12-09 16:00:00-05:00,4240.89990234375,4247.89990234375,4232.5,4235.89990234375,18151
2025-12-10 00:00:00-05:00,4235.5,4242.60009765625,4215.2998046875,4224.5,37725
2025-12-10 08:00:00-05:00,4224.60009765625,4268.7998046875,4207.7998046875,4259.10009765625,120893
2025-12-10 16:00:00-05:00,4259.10009765625,4277.7001953125,4235.7001953125,4241.2001953125,39122
2025-12-11 00:00:00-05:00,4240.60009765625,4253.89990234375,4231.2001953125,4248.0,35608
2025-12-11 08:00:00-05:00,4248.0,4317.2998046875,4231.89990234375,4304.7998046875,142293
2025-12-11 16:00:00-05:00,4304.89990234375,4313.5,4295.5,4297.60009765625,23000
2025-12-12 00:00:00-05:00,4297.5,4376.7998046875,4297.0,4361.10009765625,78779
2025-12-12 08:00:00-05:00,4361.39990234375,4387.7998046875,4286.0,4329.7001953125,179893
2025-12-12 16:00:00-05:00,4329.7998046875,4335.0,4328.60009765625,4329.7998046875,2367
2025-12-14 16:00:00-05:00,4337.2998046875,4363.10009765625,4331.7998046875,4358.89990234375,24895
2025-12-15 00:00:00-05:00,4359.0,4384.2998046875,4357.7998046875,4379.89990234375,43408
2025-12-15 08:00:00-05:00,4379.89990234375,4380.7001953125,4315.89990234375,4333.7001953125,129681
2025-12-15 16:00:00-05:00,4333.89990234375,4345.2998046875,4307.2001953125,4315.10009765625,30481
2025-12-16 00:00:00-05:00,4315.39990234375,4323.39990234375,4297.39990234375,4323.2001953125,45520
2025-12-16 08:00:00-05:00,4323.0,4367.89990234375,4319.2001953125,4334.10009765625,128834
2025-12-16 16:00:00-05:00,4334.10009765625,4361.60009765625,4329.7001953125,4359.7998046875,25245
2025-12-17 00:00:00-05:00,4359.5,4373.60009765625,4335.7001953125,4347.5,43897
2025-12-17 08:00:00-05:00,4347.7998046875,4383.60009765625,4345.2998046875,4373.39990234375,133697
2025-12-17 16:00:00-05:00,4373.2998046875,4379.39990234375,4355.2001953125,4362.0,19194
2025-12-18 00:00:00-05:00,4361.60009765625,4368.7001953125,4348.60009765625,4352.89990234375,34617
2025-12-18 08:00:00-05:00,4352.7001953125,4409.5,4338.0,4365.89990234375,173064
2025-12-18 16:00:00-05:00,4365.7001953125,4368.39990234375,4336.2998046875,4350.7998046875,24957
2025-12-19 00:00:00-05:00,4350.89990234375,4362.39990234375,4344.89990234375,4356.0,29977
2025-12-19 08:00:00-05:00,4356.2001953125,4389.0,4350.7001953125,4370.2998046875,104982
2025-12-19 16:00:00-05:00,4370.60009765625,4387.2998046875,4367.7998046875,4387.2998046875,1582
2025-12-21 16:00:00-05:00,4373.2998046875,4433.7001953125,4372.7998046875,4431.10009765625,41423
2025-12-22 00:00:00-05:00,4431.0,4453.0,4429.60009765625,4449.5,54065
2025-12-22 08:00:00-05:00,4449.5,4477.7001953125,4445.89990234375,4472.5,96878
2025-12-22 16:00:00-05:00,4472.5,4530.7998046875,4472.5,4514.2001953125,45367
2025-12-23 00:00:00-05:00,4514.5,4526.2998046875,4502.60009765625,4518.60009765625,42924
2025-12-23 08:00:00-05:00,4518.5,4529.2998046875,4457.7001953125,4523.7998046875,148988
2025-12-23 16:00:00-05:00,4523.7998046875,4555.10009765625,4496.5,4524.89990234375,45800
2025-12-24 08:00:00-05:00,4516.10009765625,4518.2001953125,4474.2998046875,4505.60009765625,53548
2025-12-26 00:00:00-05:00,4538.7998046875,4554.0,4531.2001953125,4539.0,30344
2025-12-26 08:00:00-05:00,4538.7998046875,4584.0,4533.10009765625,4560.39990234375,106115
2025-12-26 16:00:00-05:00,4560.60009765625,4565.89990234375,4552.7001953125,4552.7001953125,3246
2025-12-28 16:00:00-05:00,4570.5,4571.7998046875,4490.2998046875,4538.60009765625,55491
2025-12-29 00:00:00-05:00,4537.60009765625,4541.39990234375,4454.39990234375,4484.5,79977
2025-12-29 08:00:00-05:00,4484.2998046875,4488.7001953125,4316.0,4354.2998046875,165463
2025-12-29 16:00:00-05:00,4354.0,4384.0,4338.7998046875,4377.60009765625,33792
2025-12-30 00:00:00-05:00,4378.2998046875,4418.7998046875,4366.60009765625,4417.0,49110
2025-12-30 08:00:00-05:00,4417.60009765625,4420.5,4352.39990234375,4357.5,96577
2025-12-30 16:00:00-05:00,4358.0,4384.89990234375,4338.10009765625,4344.60009765625,35806
2025-12-31 00:00:00-05:00,4345.10009765625,4354.2998046875,4284.2998046875,4326.10009765625,60035
2025-12-31 08:00:00-05:00,4326.60009765625,4367.7998046875,4316.7998046875,4326.0,61808
2025-12-31 16:00:00-05:00,4326.89990234375,4333.2001953125,4320.7001953125,4332.10009765625,1696
2026-01-02 00:00:00-05:00,4386.0,4411.7998046875,4383.5,4407.0,32964
2026-01-02 08:00:00-05:00,4407.0,4414.7998046875,4319.7001953125,4341.2998046875,92661
2026-01-02 16:00:00-05:00,4341.39990234375,4342.7001953125,4329.60009765625,4329.60009765625,1786
2026-01-04 16:00:00-05:00,4368.7998046875,4430.7001953125,4363.2998046875,4415.10009765625,45327
2026-01-05 00:00:00-05:00,4413.39990234375,4451.7001953125,4410.0,4421.39990234375,56809
2026-01-05 08:00:00-05:00,4421.5,4467.60009765625,4407.0,4454.89990234375,97940
2026-01-05 16:00:00-05:00,4455.10009765625,4479.39990234375,4437.89990234375,4478.0,24932
2026-01-06 00:00:00-05:00,4477.89990234375,4486.0,4452.5,4474.39990234375,46067
2026-01-06 08:00:00-05:00,4474.2001953125,4504.7001953125,4464.10009765625,4504.2001953125,92026
2026-01-06 16:00:00-05:00,4504.10009765625,4512.39990234375,4470.10009765625,4474.39990234375,31248
2026-01-07 00:00:00-05:00,4474.7001953125,4485.0,4448.60009765625,4454.5,46881
2026-01-07 08:00:00-05:00,4454.2998046875,4478.39990234375,4432.89990234375,4462.60009765625,115709
2026-01-07 16:00:00-05:00,4462.5,4475.2001953125,4438.39990234375,4440.60009765625,23778
2026-01-08 00:00:00-05:00,4439.7998046875,4448.39990234375,4415.0,4434.7001953125,48526
2026-01-08 08:00:00-05:00,4435.10009765625,4487.7001953125,4425.0,4485.10009765625,115147
2026-01-08 16:00:00-05:00,4485.2001953125,4493.7001953125,4461.7998046875,4474.5,23499
2026-01-09 00:00:00-05:00,4473.39990234375,4489.60009765625,4466.60009765625,4474.5,33613
2026-01-09 08:00:00-05:00,4474.60009765625,4527.0,4467.0,4516.10009765625,137784
2026-01-09 16:00:00-05:00,4516.0,4520.2998046875,4500.89990234375,4500.89990234375,2373
2026-01-11 16:00:00-05:00,4538.10009765625,4612.7001953125,4531.39990234375,4579.39990234375,66414
2026-01-12 00:00:00-05:00,4580.0,4609.60009765625,4576.89990234375,4600.39990234375,51003
2026-01-12 08:00:00-05:00,4600.39990234375,4640.5,4595.10009765625,4603.2998046875,156917
2026-01-12 16:00:00-05:00,4603.39990234375,4616.89990234375,4584.2998046875,4606.39990234375,26045
2026-01-13 00:00:00-05:00,4605.60009765625,4611.2001953125,4582.7998046875,4602.0,46025
2026-01-13 08:00:00-05:00,4601.7001953125,4644.0,4576.7001953125,4594.10009765625,170122
2026-01-13 16:00:00-05:00,4594.2001953125,4638.89990234375,4590.7001953125,4636.0,35013
2026-01-14 00:00:00-05:00,4636.7998046875,4650.10009765625,4624.7001953125,4646.89990234375,65401
2026-01-14 08:00:00-05:00,4647.0,4650.5,4605.89990234375,4639.2001953125,185272
2026-01-14 16:00:00-05:00,4639.2998046875,4639.7998046875,4584.5,4596.60009765625,54230
2026-01-15 00:00:00-05:00,4595.7001953125,4627.0,4584.60009765625,4617.89990234375,48608
2026-01-15 08:00:00-05:00,4618.0,4630.10009765625,4584.0,4609.7998046875,113702
2026-01-15 16:00:00-05:00,4609.5,4625.5,4594.60009765625,4604.60009765625,28599
2026-01-16 00:00:00-05:00,4604.5,4620.5,4597.10009765625,4605.7001953125,47940
2026-01-16 08:00:00-05:00,4605.7998046875,4624.60009765625,4539.10009765625,4587.2998046875,162000
2026-01-16 16:00:00-05:00,4587.2001953125,4602.10009765625,4587.2001953125,4601.10009765625,3758
2026-01-18 16:00:00-05:00,4595.39990234375,4672.2998046875,4595.39990234375,4671.2001953125,997
2026-01-20 00:00:00-05:00,4700.89990234375,4742.89990234375,4700.0,4733.2998046875,79033
2026-01-20 08:00:00-05:00,4733.39990234375,4771.5,4720.0,4761.39990234375,151468
2026-01-20 16:00:00-05:00,4761.5,4873.60009765625,4761.10009765625,4867.5,68363
2026-01-21 00:00:00-05:00,4868.39990234375,4891.10009765625,4835.2001953125,4868.0,92392
2026-01-21 08:00:00-05:00,4868.2001953125,4884.5,4757.10009765625,4830.0,220289
2026-01-21 16:00:00-05:00,4829.60009765625,4842.7998046875,4772.7001953125,4797.7001953125,36619
2026-01-22 00:00:00-05:00,4798.10009765625,4841.10009765625,4794.7001953125,4821.5,58781
2026-01-22 08:00:00-05:00,4821.60009765625,4932.2001953125,4809.60009765625,4920.5,157231
2026-01-22 16:00:00-05:00,4920.7001953125,4970.0,4918.2998046875,4958.0,42283
2026-01-23 00:00:00-05:00,4957.7998046875,4969.0,4901.2001953125,4940.0,73050
2026-01-23 08:00:00-05:00,4940.2001953125,4991.39990234375,4924.2998046875,4981.39990234375,147022
2026-01-23 16:00:00-05:00,4981.39990234375,4990.2001953125,4978.60009765625,4988.2998046875,4736
2026-01-25 16:00:00-05:00,5023.2998046875,5091.5,5010.89990234375,5068.60009765625,69551
2026-01-26 00:00:00-05:00,5067.89990234375,5107.89990234375,5049.7001953125,5076.2001953125,93280
2026-01-26 08:00:00-05:00,5076.60009765625,5103.0,5002.7001953125,5049.39990234375,235410
2026-01-26 16:00:00-05:00,5049.60009765625,5074.7998046875,4983.60009765625,5061.10009765625,48488
2026-01-27 00:00:00-05:00,5062.60009765625,5097.2998046875,5051.89990234375,5081.60009765625,70870
2026-01-27 08:00:00-05:00,5081.5,5184.2001953125,5042.0,5174.7001953125,194042
2026-01-27 16:00:00-05:00,5175.0,5244.0,5154.7998046875,5242.7001953125,29315
2026-01-28 00:00:00-05:00,5240.89990234375,5345.0,5237.10009765625,5311.7001953125,137841
2026-01-28 08:00:00-05:00,5311.60009765625,5425.10009765625,5266.5,5409.39990234375,233793
2026-01-28 16:00:00-05:00,5409.7998046875,5626.7998046875,5409.39990234375,5589.7998046875,94851
2026-01-29 00:00:00-05:00,5588.0,5625.89990234375,5501.0,5564.5,114619
2026-01-29 08:00:00-05:00,5565.2001953125,5581.2998046875,5126.0,5423.2998046875,307347
2026-01-29 16:00:00-05:00,5422.89990234375,5480.2001953125,5145.7998046875,5243.10009765625,94882
2026-01-30 00:00:00-05:00,5242.10009765625,5269.2001953125,4962.7001953125,5092.0,120539
2026-01-30 08:00:00-05:00,5093.10009765625,5142.2998046875,5006.2998046875,5067.5,72605
2026-02-02 08:00:00-05:00,4677.39990234375,4736.0,4653.5,4676.2998046875,84657
2026-02-02 16:00:00-05:00,4677.89990234375,4882.0,4667.0,4832.60009765625,40905
2026-02-03 00:00:00-05:00,4832.7998046875,4975.5,4831.2998046875,4938.2001953125,68011
2026-02-03 08:00:00-05:00,4938.39990234375,5018.10009765625,4900.5,4967.5,137304
2026-02-03 16:00:00-05:00,4967.10009765625,5101.0,4930.39990234375,5100.2001953125,37643
2026-02-04 00:00:00-05:00,5100.10009765625,5113.89990234375,5036.0,5064.60009765625,53001
2026-02-04 08:00:00-05:00,5064.2998046875,5087.0,4867.7001953125,4961.60009765625,145591
2026-02-04 16:00:00-05:00,4960.89990234375,5045.0,4805.0,4888.5,57286
2026-02-05 00:00:00-05:00,4881.7001953125,4962.0,4831.0,4876.2001953125,56703
2026-02-05 08:00:00-05:00,4876.10009765625,4930.0,4814.60009765625,4833.60009765625,102832
2026-02-05 16:00:00-05:00,4833.2001953125,4863.5,4670.0,4831.89990234375,53646
2026-02-06 00:00:00-05:00,4830.39990234375,4926.0,4824.5,4921.7001953125,44999
2026-02-06 08:00:00-05:00,4922.0,4995.60009765625,4916.2001953125,4977.2001953125,68433
2026-02-06 16:00:00-05:00,4977.2001953125,4992.10009765625,4970.10009765625,4988.60009765625,2361
2026-02-08 16:00:00-05:00,5000.0,5069.0,4989.2998046875,5034.7001953125,26713
2026-02-09 00:00:00-05:00,5034.0,5067.60009765625,5002.60009765625,5035.7001953125,29339
2026-02-09 08:00:00-05:00,5035.39990234375,5111.10009765625,5016.89990234375,5102.89990234375,57471
2026-02-09 16:00:00-05:00,5103.60009765625,5107.10009765625,5011.0,5052.7998046875,15363
2026-02-10 00:00:00-05:00,5052.89990234375,5085.2998046875,5032.7998046875,5054.89990234375,26041
2026-02-10 08:00:00-05:00,5055.0,5102.7001953125,5021.2998046875,5052.89990234375,56593
2026-02-10 16:00:00-05:00,5052.0,5085.0,5043.0,5073.2001953125,11419
2026-02-11 00:00:00-05:00,5071.2001953125,5144.5,5067.60009765625,5107.2001953125,44008
2026-02-11 08:00:00-05:00,5107.5,5123.39990234375,5036.2998046875,5111.39990234375,67509
2026-02-11 16:00:00-05:00,5111.39990234375,5122.7998046875,5065.0,5090.39990234375,11908
2026-02-12 00:00:00-05:00,5090.0,5102.5,5068.89990234375,5074.2001953125,23435
2026-02-12 08:00:00-05:00,5074.39990234375,5106.7001953125,4900.0,4935.10009765625,116763
2026-02-12 16:00:00-05:00,4935.7001953125,5016.39990234375,4907.10009765625,4994.0,16850
2026-02-13 00:00:00-05:00,4996.10009765625,5009.5,4952.7998046875,4988.7998046875,31323
2026-02-13 08:00:00-05:00,4990.0,5069.10009765625,4977.10009765625,5054.0,67248
2026-02-13 16:00:00-05:00,5053.89990234375,5067.39990234375,5046.2998046875,5046.2998046875,1712
2026-02-15 16:00:00-05:00,5046.2998046875,5051.60009765625,4986.0,4994.7001953125,10859
2026-02-17 00:00:00-05:00,4970.7998046875,4972.2998046875,4875.2001953125,4951.60009765625,33657
2026-02-17 08:00:00-05:00,4951.2998046875,4953.0,4854.2001953125,4896.7001953125,71150
2026-02-17 16:00:00-05:00,4896.2001953125,4961.7998046875,4868.5,4951.60009765625,10261
2026-02-18 00:00:00-05:00,4953.5,4967.5,4925.89990234375,4963.5,23437
2026-02-18 08:00:00-05:00,4963.2998046875,5031.89990234375,4962.89990234375,5005.2998046875,57440
2026-02-18 16:00:00-05:00,5004.89990234375,5007.7998046875,4971.5,5002.7998046875,7553
2026-02-19 00:00:00-05:00,5002.5,5040.89990234375,4997.10009765625,5004.39990234375,23977
2026-02-19 08:00:00-05:00,5005.10009765625,5042.7998046875,4982.0,5020.60009765625,48580
2026-02-19 16:00:00-05:00,5020.7001953125,5033.39990234375,4999.2998046875,5017.5,9044
2026-02-20 00:00:00-05:00,5018.10009765625,5063.0,5015.89990234375,5044.5,31876
2026-02-20 08:00:00-05:00,5044.10009765625,5120.7001953125,5005.5,5119.39990234375,83484
2026-02-20 16:00:00-05:00,5119.5,5131.0,5080.89990234375,5080.89990234375,3745
2026-02-22 16:00:00-05:00,5157.0,5198.7998046875,5151.0,5181.2998046875,24843
2026-02-23 00:00:00-05:00,5182.0,5186.39990234375,5142.7998046875,5185.0,32645
2026-02-23 08:00:00-05:00,5185.0,5257.2998046875,5161.5,5255.60009765625,70590
2026-02-23 16:00:00-05:00,5255.2001953125,5269.39990234375,5164.10009765625,5188.39990234375,31045
2026-02-24 00:00:00-05:00,5188.10009765625,5205.60009765625,5162.2001953125,5168.7998046875,32143
2026-02-24 08:00:00-05:00,5169.2001953125,5191.39990234375,5109.5,5181.7998046875,75476
2026-02-24 16:00:00-05:00,5181.89990234375,5212.0,5135.89990234375,5201.2998046875,16426
2026-02-25 00:00:00-05:00,5202.10009765625,5230.0,5173.2001953125,5201.0,31414
2026-02-25 08:00:00-05:00,5201.89990234375,5237.2998046875,5163.2998046875,5169.89990234375,54959
2026-02-25 16:00:00-05:00,5171.2001953125,5215.39990234375,5168.60009765625,5208.7001953125,18290
2026-02-26 00:00:00-05:00,5208.7998046875,5221.89990234375,5173.10009765625,5200.0,35251
2026-02-26 08:00:00-05:00,5200.10009765625,5218.2001953125,5144.7998046875,5213.5,72513
2026-02-26 16:00:00-05:00,5213.7998046875,5217.7998046875,5182.89990234375,5200.5,15536
